Workbook

Sheet Overview
B2: Context-Synthetic Model — Full Experiment
B3: Heart-Disease (10, 13, 2) · Zhuravlev metric on three feature sets · Ψ(r) by (5) · ω by (4) · η by (6) · HAG · meta-algorithm · evaluation
B5: Workbook map
B6: # | C6: Sheet | D6: Stage | E6: What it contains
B7: 1 | C7: Parameters | D7: 0 · Parameters | E7: k range (k_min = 3, k_max = 2·min|Kᵢ| − 3 from the class sizes), HAG parameters α, δ, ϰ, cr1, majorizer, the two template/article switches, base operators and rules.
B8: 2 | C8: Template Deviations | D8: 0 · Template deviations | E8: ⚠1 running class centres in θ/γ and ⚠2 double majorizer in STEP 4: exact template cells, worked examples on the template data, fixes, and the effect of both switches.
B9: 3 | C9: Dataset | D9: 1 · Input data | E9: Original sample: 10 objects (S₁–S₁₀) × 13 features (x₁–x₁₃), class labels (K1 = 4, K2 = 6), feature-type flags (1 = quantitative, 0 = nominal).
B10: 4 | C10: Quantitative | D10: 1 · Input data | E10: The 6 quantitative features (x₁, x₄, x₅, x₈, x₁₀, x₁₂) with class labels.
B11: 5 | C11: Nominal | D11: 1 · Input data | E11: The 7 nominal features (x₂, x₃, x₆, x₇, x₉, x₁₁, x₁₃) with class labels.
B12: 6 | C12: Normalized Dataset | D12: Step 1 · Scale unification | E12: Quantitative features mapped to [0, 1] by (x − min)/(max − min); nominal codes unchanged; type, min and max rows.
B13: 7 | C13: Zhuravlev Distances | D13: Step 2 · Distances | E13: Three base operators: Zhuravlev distance ρ, its quantitative part ρ_I and its nominal part ρ_J, for all pairs.
B14: 8 | C14: Sorted Neighbors (ρ) | D14: Step 3 · Sorting (ρ) | E14: Rank matrix and one block per object under ρ: neighbours with original index, distance, class, same-class count μ and K1 count χ₁; permitted k marked.
B15: 9 | C15: Sorted Neighbors (ρ_I) | D15: Step 3 · Sorting (ρ_I) | E15: The same for the quantitative operator ρ_I.
B16: 10 | C16: Sorted Neighbors (ρ_J) | D16: Step 3 · Sorting (ρ_J) | E16: The same for the nominal operator ρ_J (many ties — see Model Properties).
B17: 11 | C17: Synthetic Features (k-NN) | D17: Step 4 · Same-class counts μ | E17: Synthetic Features based on k-NN: μ = same-class neighbours for every permitted k and operator (training-side gradations).
B18: 12 | C18: Ψ(r) Binary Features | D18: Step 5 · Ψ(r) — formula (5) | E18: Feature map a₁ … a₆ = (operator, k); χ₁, χ₂ and the class-free synthetic features aᵤ ∈ {1, 2}.
... B38: 32 | C38: Validation | D38: Checks · Validation | E38: Workbook formulas vs the independent Python engine; highlighted template deviations; recalculation and template notes.
B40: Algorithm — pipeline specification (article element → sheet → planned Python function)
B41: # | C41: Article element | D41: Sheet | E41: Definition → Python function (csmodel)
B42: 1 | C42: Data, feature types, classes | D42: Dataset | E42: E₀ = {S₁ … Sₘ}, X(n) heterogeneous, K1, K2 → core.load_dataset(path) → (X, y, types)
B43: 2 | C43: Scale unification | D43: Normalized Dataset | E43: x′ = (x − min)/(max − min) for j ∈ I, training min/max → core.scale_params, core.unify
B44: 3 | C44: Base operators ρ, ρ_I, ρ_J | D44: Zhuravlev Distances | E44: Zhuravlev metric on I ∪ J, on I and on J (article: variants of Ψ) → core.rho(zx, zy, x, y, types, op)
B45: 4 | C45: Nested neighbourhoods | D45: Sorted Neighbors (ρ) | E45: order by (ρ, original index), self excluded; μ and χ₁ per rank → core.neighbours, core.chi1
B46: 5 | C46: Permitted k | D46: Parameters | E46: k = 3, 5, …, 2·min|Kᵢ| − 3 → core.permitted_k(y)
B47: 6 | C47: Formula (5) — Ψ(r) | D47: Ψ(r) Binary Features | E47: aᵤ = 1 if χ₁ > [k/2], 2 if χ₂ > [k/2] → core.binary_a
B48: 7 | C48: Formulas (1), (2) | D48: Membership & Stability | E48: f_k(μ), stability g_k (β = k), meta-object, bit masks → core.membership, core.stability
B49: 8 | C49: Formulas (3), (4) | D49: Informativeness ω | E49: G_k = (q₁ + q₂)/2, ω = share of objects on the correct side → core.boundary, core.informativeness
B50: 9 | C50: Formula (6) | D50: Ψ(r) Contribution & Weight | E50: η(j) = ω(α¹ⱼ/|K1| − α²ⱼ/|K2|), Ψ(r) as contribution values → core.contributions
B51: 10 | C51: HAG, Steps 1–5 | D51: Greedy upon Weight (1-Latent) | E51: u = argmax ω, b = R + η, majorizer, θ/γ, q = argmin, stop rule → hag.hag(C, w, y, α, δ, ϰ, centres, step4_passes)
B52: 11 | C52: Meta-description Y | D52: Dataset for Meta-algorithm | E52: Y = (y₀ … y_p, r₁ … r_p), aᵢ and dᵢ → pipeline.fit(...)["A"], ["D"]
B53: 12 | C53: New object (Theorem) | D53: Brace for Meta-algorithm | E53: context relative to E without K(S) → pipeline.represent(model, x)
... B56: 15 | C56: Validation | D56: Validation | E56: workbook vs engine; template replication → tests (golden values from this workbook)
B58: Key results (live)
B59: # | C59: Figure | D59: Value | E59: Linked to
B60: 1 | C60: Permitted k (k_min = 3, k_max = 2·min|Kᵢ| − 3) | D60: ='Parameters'!$B$11 -> 3, 5 | E60: Parameters
B61: 2 | C61: Synthetic features r = |Ψ(r)| | D61: ='Parameters'!$B$14 -> 6 | E61: Parameters
B62: 3 | C62: TUPLAM (selected synthetic features, in order) | D62: ='Dataset for Meta-algorithm'!$C$13 -> {a₆, a₃, a₁, a₂, a₄} | E62: Dataset for Meta-algorithm
B63: 4 | C63: Latent (additional) features p | D63: ='Dataset for Meta-algorithm'!$C$12 -> 4 | E63: Dataset for Meta-algorithm
B64: 5 | C64: Resubstitution accuracy (Definition 2) | D64: ='Accuracy'!$H$4 -> 0.7 | E64: Accuracy
B65: 6 | C65: Leave-one-out accuracy (Definition 3) | D65: ='Accuracy'!$H$5 -> 0.2 | E65: Accuracy
B66: 7 | C66: AUC — resubstitution | D66: ='ROC Curve & AUC'!$D$15 -> 0.66666667 | E66: ROC Curve & AUC
B67: 8 | C67: AUC — leave-one-out | D67: ='ROC Curve & AUC'!$L$15 -> 0.27083333 | E67: ROC Curve & AUC
B68: 9 | C68: New object (default input = S₁, excluded): class | D68: ='Meta-algorithm'!$B$88 -> 1 | E68: Meta-algorithm
B70: ⚠ Template calculations that differ from the article (default = template, switchable on the Parameters sheet)
B71: • θ and γ are measured from running partial class means instead of the final class means M₁ and M₂;
B72: • in STEP 4 the majorizer is applied twice instead of once.
B73: Effect on this dataset — default (template): TUPLAM {a₆, a₃, a₁, a₂, a₄}, resubstitution 70%, LOO 20%; article setting: TUPLAM {a₆, a₁, a₂, a₄, a₅}, resubstitution 50%, LOO 0%.
B74: → Template Deviations: exact template cells, worked examples, fixes and effect
B76: Colour legend
B77: Aa | C77: Sheet title bar
B78: Aa | C78: Table / block / STEP title bar
B79: Aa | C79: Column header (x₁ … x₁₃, S₁ … S₁₀, aᵤ, k, rank)
B80: Aa | C80: Object label S₁ … S₁₀ and row captions
B81: Aa | C81: Quantitative feature values
B82: Aa | C82: Nominal feature values
B83: Aa | C83: Class label (1 / 2)
B84: Aa | C84: Synthetic feature values (μ, aᵤ, f, masks)
B85: Aa | C85: Permitted-k neighbourhood (Step 3) / latent header
B86: Aa | C86: Selected / same-class / correct
B87: Aa | C87: Initial features y in the meta-dataset
B88: Aa | C88: Additional (latent) features r
... B92: Aa | C92: ⚠2 STEP 4 majorizer applied twice (HAG STEP 4 columns H–I)
B94: Notes
B95: • Symbols such as x₁ and S₁ on the Dataset, Quantitative and Nominal sheets are Office-Math equation objects placed over the cells; all other sheets use cell text with subscripts.
B96: • Every Step 1–12 cell is a live formula chained back to the Dataset sheet: change a value, a class, a type flag or a parameter and the whole experiment recalculates. Leave-One-Out and Sensitivity hold engine values (re-fitting per fold is not a spreadsheet formula).
B97: • Distances are rounded to 10 decimals; ties are broken by the smaller original index — the same rules as the Python reference engine used on the Validation sheet.
B98: • The four template workbooks (k-NN synthetic features, HAG, meta-algorithm, model evaluation) were used read-only; this is a new workbook.

Sheet Parameters
A1: Experiment parameters — every stage reads its settings from this sheet
A3: k range · formula-based (k_min = 3 fixed, k_max = 2 · min |Kᵢ| − 3 from the class sizes)
A4: Parameter | B4: Value | C4: Rule / meaning
A5: Objects m | B5: =COUNT(Dataset!O3:O12) -> 10 | C5: Rows S₁ … S₁₀ of the Dataset sheet
A6: |K1| (objects of class 1) | B6: =COUNTIF(Dataset!O3:O12,1) -> 4 | C6: Counted from the class column — never typed in
A7: |K2| (objects of class 2) | B7: =COUNTIF(Dataset!O3:O12,2) -> 6
A8: min |Kᵢ| | B8: =MIN(B6,B7) -> 4 | C8: Smallest class
A9: k_min | B9: 3 | C9: Fixed for every dataset
A10: k_max = 2 · min |Kᵢ| − 3 | B10: =2*B8-3 -> 5 | C10: At k = k_max a same-class majority needs (k + 1)/2 = min |Kᵢ| − 1 neighbours
A11: Permitted k (odd, k_min … k_max) | B11: =IF(ISNUMBER('Synthetic Features (k-NN)'!B4),'Synthetic Features (k-NN)'!B4&IF(ISNUMBER('Synthetic Features (k-NN)'!C4),", "&'Synthetic Features (k-NN)'!C4,""),"none") -> 3, 5
A12: Number of permitted k | B12: =IF(B10<B9,0,INT((B10-B9)/2)+1) -> 2
A13: Base operators | B13: 3 | C13: ρ, ρ_I, ρ_J — see the table below
A14: r = |Ψ(r)| (synthetic features) | B14: =B13*B12 -> 6 | C14: One synthetic feature per (operator, permitted k)
A15: Layout check | B15: =IF(B12=2,"✓ the workbook has a column for every permitted k","⚠ class sizes changed: "&B12&" permitted k, the layout has 2") -> ✓ the workbook has a column for every permitted k
A17: Hierarchical agglomerative grouping (HAG) · values of the template experiment
A18: Parameter | B18: Value | C18: Rule / meaning
A19: α (regularisation of the margin, 0 < α < 1) | B19: 0.3 | C19: Template value
A20: δ (threshold for θ / γ, 0 < δ < 0.5) | B20: 0.1 | C20: Template value
A21: ϰ (maximum |TUPLAM|) | B21: 5 | C21: =IF(B21<=B14-1,"Template value; ϰ ≤ r − 1 = "&(B14-1)&" ✓","⚠ ϰ must not exceed r − 1 = "&(B14-1)) -> Template value; ϰ ≤ r − 1 = 5 ✓
A22: cr1 (initial value of the criterion) | B22: 10 | C22: Template value
A23: Majorizing function ϕ | B23: σ(x) = 1 / (1 + e^(−x)) | C23: b ← b + α·σ(−b) for Sₜ ∈ K1, b ← b − α·σ(−b) for Sₜ ∈ K2 (logistic sigmoid, as in the template)
A24: ⚠1 Class centres in θ and γ | B24: 1 | C24: 1 = running partial class means, as computed in the template cells · 2 = final class means M₁, M₂ (article and the template formula box) · see “Template Deviations”
A25: ⚠2 Majorizer passes in STEP 4 | B25: 2 | C25: 2 = template (the majorizer is applied again to b of STEP 3) · 1 = article (R ← R + η_q, then the majorizer once) · see “Template Deviations”
A27: Base operators · the same Zhuravlev metric on different feature sets (article: variants of Ψ)
A28: Operator | B28: Feature set | C28: Definition
A29: ρ | B29: all 13 (I ∪ J) | C29: ρ(x, y) = Σ(j∈I) |x′ⱼ − y′ⱼ| + Σ(j∈J) [xⱼ ≠ yⱼ] — Zhuravlev metric
A30: ρ_I | B30: 6 quantitative (I) | C30: ρ_I(x, y) = Σ(j∈I) |x′ⱼ − y′ⱼ| — quantitative part of ρ
A31: ρ_J | B31: 7 nominal (J) | C31: ρ_J(x, y) = Σ(j∈J) [xⱼ ≠ yⱼ] — nominal part of ρ (Hamming)
A33: Other rules
A34: Tie rule | B34: smaller index first | C34: Equal distances are ordered by the original index of the neighbour
A35: Distance rounding | B35: 10 decimals | C35: So that mathematically equal distances tie exactly
A36: Positive class (evaluation) | B36: 1 | C36: Class 1 is "positive" in the confusion matrix, precision, recall and ROC
A37: Meta-algorithm decision | B37: Step 4 | C37: K1 if |B1|/|K1| > |B2|/|K2|, K2 if <, 0 = refusal if equal

Sheet Template Deviations
A1: Template Deviations — where the template HAG calculations differ from the article, and what each one changes
A3: Template workbook: hag-regularized-stacking-boosting-meta\resources\experiments\hag-algorithm\RegularizedStackingEnsembleWithHAG [My Experiment on Heart-Disease (10, 13, 2)].xlsx (the “- Opus 5.5” copy has the same cells). In this workbook both calculations are switches on the Parameters sheet; the default reproduces the template exactly.
A5: ⚠1 · θ and γ are measured from running partial class means instead of the final class means M₁ and M₂
A6: Article, HAG Step 3: M₁ = Σ(Sₜ∈K1) bₜ / |K1|, M₂ = Σ(Sₜ∈K2) bₜ / |K2| are computed over all objects first; then θ = Σ |bₜ − M(own class)|, γ = Σ |bₜ − M(other class)|. The template’s own formula boxes show the same final means (sheet “Greedy upon Weight (1-Latent)”, boxes at AB2 and AB6).
A7: Template cells (first candidate block, rows 32–41 of “Greedy upon Weight (1-Latent)”): I32 = IF(G32=1, H32 + N(I31), N(I31)) is a running sum; K32 = I32 / COUNTIF($G$32:$G$41, 1) is therefore the mean of the rows up to 32 only; M32 = M31 + ABS(H32 − IF(G32=1, K32, L32)) uses that running mean (N32 likewise). Only the last row (K41, L41) holds the real means M₁ and M₂. The same pattern is in every candidate block of all four “Greedy upon Weight (n-Latent)” sheets (columns I–N).
A8: Worked example (template data, iteration 1, candidate x₁, object S₁ ∈ K2 with bₜ = 0.2766): running M₂ at S₁’s row = 0.0461 → |bₜ − M₂| = 0.2305; final M₂ = -0.5991 → |bₜ − M₂| = 0.8757. Summed over all objects: θ = 3.5549, γ = 9.3403 (template, θ/γ = 0.3806) vs θ = 2.1192, γ = 12.0884 (article, θ/γ = 0.1753).
A10: Iteration 1 on the template data (R = η₃ of x₃) | B10: θ running | C10: γ running | D10: θ/γ running (template) | E10: θ final | F10: γ final | G10: θ/γ final (article) | H10: M₁ final | I10: M₂ final
A11: x₁ | B11: 3.5549167 | C11: 9.3403133 | D11: 0.3805993 | E11: 2.1192458 | F11: 12.088406 | G11: 0.17531226 | H11: 0.60973484 | I11: -0.59910578
A12: x₂ | B12: 1.9639069 | C12: 3.3940148 | D12: 0.57863829 | E12: 1.6273712 | F12: 4.426876 | G12: 0.36761166 | H12: 0.11945182 | I12: -0.32323578
A13: x₄ | B13: 2.2301907 | C13: 4.9447478 | D13: 0.45102213 | E13: 1.7940032 | F13: 6.2412343 | G13: 0.28744366 | H13: 0.23084189 | I13: -0.39328154
A14: x₅ | B14: 1.0481607 | C14: 2.7701296 | D14: 0.37837967 | E14: 0.83433639 | F14: 3.7318333 | G14: 0.22357279 | H14: 0.094700341 | I14: -0.27848299
A15: x₆ | B15: 0.9681974 | C15: 2.7222258 | D15: 0.35566388 | E15: 0.72117188 | F15: 3.5585009 | G15: 0.20266171 | H15: 0.18801433 | I15: -0.16783577
A16: x₇ | B16: 1.4288975 | C16: 3.2840249 | D16: 0.43510556 | E16: 1.1389012 | F16: 4.4271068 | G16: 0.25725631 | H16: 0.11948643 | I16: -0.32322425
A17: x₈ | B17: 1.754685 | C17: 4.4070579 | D17: 0.39815338 | E17: 1.4273433 | F17: 6.2415223 | G17: 0.22868513 | H17: 0.2308707 | I17: -0.39328154
A18: x₉ | B18: 1.2130201 | C18: 2.7380551 | D18: 0.44302251 | E18: 1.0219503 | F18: 3.5957778 | G18: 0.28420841 | H18: 0.11947982 | I18: -0.24009796
A19: x₁₀ | B19: 2.1511232 | C19: 4.8456475 | D19: 0.44392896 | E19: 1.7415683 | F19: 6.2413303 | G19: 0.279038 | H19: 0.2308707 | I19: -0.39326233
A20: x₁₁ | B20: 1.6897176 | C20: 3.3689108 | D20: 0.50156198 | E20: 1.5052295 | F20: 4.4269337 | G20: 0.34001628 | H20: 0.11946913 | I20: -0.32322425
A21: x₁₂ | B21: 1.3952807 | C21: 3.0165013 | D21: 0.46254936 | E21: 1.2063927 | F21: 4.0860579 | G21: 0.2952461 | H21: 0.11947603 | I21: -0.28912976
A22: x₁₃ | B22: 0.98604289 | C22: 2.7598651 | D22: 0.35727938 | E22: 0.71515295 | F22: 3.6395965 | G22: 0.19649237 | H22: 0.17569967 | I22: -0.18825999
A23: Selected q (green): template (running) → x₆ with θ/γ = 0.3557; article (final) → x₁ with θ/γ = 0.1753. The whole SET then changes — see the effect table below.
A24: Fix in the template (if the article is right): in every block use the last-row means, e.g. M32 = IF(ROW()=32, 0, M31) + ABS(H32 − IF($G32=1, $K$41, $L$41)) and N32 = IF(ROW()=32, 0, N31) + ABS(H32 − IF($G32=1, $L$41, $K$41)), copied down to row 41 (and the same in every block).
A25: In this workbook: the orange columns I–L (“Σ K1/K2 (running)”, “M₁/M₂ used”) of every candidate block on the four “Greedy upon Weight” sheets; switch Parameters!B24 (1 = running = template, 2 = final = article).
A27: ⚠2 · In STEP 4 the majorizer is applied twice instead of once
A28: Article, HAG Step 4: R(Sₜ) ← R(Sₜ) + η_q(a_tq); then R(Sₜ) ← R(Sₜ) + α·ϕ(−R(Sₜ)) for Sₜ ∈ K1 (− α·ϕ(−R) for K2) — one application of the majorizer to R + η_q.
A29: Template cells (STEP 4 block, rows 222–231 of “Greedy upon Weight (1-Latent)”): F222 = R + η_q; H222 = F222 ± α·σ(−F222) (once — this equals the STEP 3 value of the chosen candidate); I222 = H222 ± α·σ(−H222) (twice); K222 = I222 → r₁. Same in 2-Latent rows 207–216, 3-Latent rows 192–201, 4-Latent rows 177–186. Because the next iteration starts from this R, every latent feature receives the extra push.
A31: r₁ on the template data (q = x₆) | B31: R + η_q (F) | C31: once — article (H) | D31: twice — template (I = K) | E31: template file K222…K231 | F31: Class
A32: S₁ | B32: -0.05787037 | C32: -0.21220944 | D32: -0.37806569 | E32: -0.37806569 | F32: 2
A33: S₂ | B33: 0.1400463 | C33: 0.27955996 | D33: 0.40872846 | E33: 0.40872846 | F33: 1
A34: S₃ | B34: 0.1400463 | C34: 0.0005326351 | D34: -0.14942742 | E34: -0.14942742 | F34: 2
A35: S₄ | B35: -0.05787037 | C35: 0.096468697 | D35: 0.23923915 | E35: 0.23923915 | F35: 1
A36: S₅ | B36: 0.1400463 | C36: 0.27955996 | D36: 0.40872846 | E36: 0.40872846 | F36: 1
A37: S₆ | B37: -0.05787037 | C37: 0.096468697 | D37: 0.23923915 | E37: 0.23923915 | F37: 1
A38: S₇ | B38: -0.0081018519 | C38: -0.15870949 | D38: -0.32058778 | E38: -0.32058778 | F38: 2
A39: S₈ | B39: -0.05787037 | C39: -0.21220944 | D39: -0.37806569 | E39: -0.37806569 | F39: 2
A40: S₉ | B40: -0.05787037 | C40: -0.21220944 | D40: -0.37806569 | E40: -0.37806569 | F40: 2
A41: S₁₀ | B41: -0.05787037 | C41: -0.21220944 | D41: -0.37806569 | E41: -0.37806569 | F41: 2
A42: Fix in the template (if the article is right): take the latent value from column H — K222 = H222 (and the same in the other STEP 4 blocks) — or equivalently skip the second majorizer.
A43: In this workbook: the pink columns H–I of the STEP 4 block on the four “Greedy upon Weight” sheets; switch Parameters!B25 (2 = twice = template, 1 = once = article).
A45: Effect of the two switches
A46: Template data (13 original features) | B46: Class centres | C46: STEP 4 passes | D46: SET | E46: max |r − template r|
A47: template cells | B47: running | C47: 2 | D47: {x₃, x₆, x₁₃, x₄, x₉} | E47: 4.4e-16 (identical)
A48: running centres, 1 pass | B48: running | C48: 1 | D48: {x₃, x₆, x₁₃, x₅, x₁₂} | E48: 1.2e+00
A49: final centres, 2 passes | B49: final | C49: 2 | D49: {x₃, x₁, x₅, x₉} | E49: 1.2e+00
A50: article | B50: final | C50: 1 | D50: {x₃, x₁, x₅, x₉, x₆} | E50: 1.7e+00
A52: This experiment (Ψ(r), 6 features) | B52: Class centres | C52: STEP 4 passes | D52: TUPLAM | E52: Resubstitution | F52: LOO | G52: AUC resub. | H52: AUC LOO
A53: template (default) | B53: running | C53: 2 | D53: {a₆, a₃, a₁, a₂, a₄} | E53: 0.7 | F53: 0.2 | G53: 0.66666667 | H53: 0.27083333
A54: running centres, 1 pass | B54: running | C54: 1 | D54: {a₆, a₃, a₁, a₂, a₄} | E54: 0.7 | F54: 0.1 | G54: 0.66666667 | H54: 0.10416667
A55: final centres, 2 passes | B55: final | C55: 2 | D55: {a₆, a₁, a₂, a₄, a₅} | E55: 0.5 | F55: 0.1 | G55: 0.58333333 | H55: 0.25
A56: article | B56: final | C56: 1 | D56: {a₆, a₁, a₂, a₄, a₅} | E56: 0.5 | F56: 0 | G56: 0.58333333 | H56: 0.083333333
A58: Neither switch touches formulas (1)–(6) or the synthetic features: they only change the HAG (which features enter TUPLAM and the latent values r), and through them the meta-algorithm and its evaluation.
A59: To check the article version yourself: set Parameters!B24 = 2 and Parameters!B25 = 1 — every sheet recalculates (the Validation sheet then warns that its engine reference is for the default).

Sheet Dataset
A1: Heart + Disease (10, 13, 2)
A2: № | O2: Class | Q2: K1 = 4
B3: 70 | C3: 1 | D3: 4 | E3: 130 | F3: 322 | G3: 0 | H3: 2 | I3: 109 | J3: 0 | K3: 2.4 | L3: 2 | M3: 3 | N3: 3 | O3: 2 | Q3: K2 = 6
B4: 67 | C4: 0 | D4: 3 | E4: 115 | F4: 564 | G4: 0 | H4: 2 | I4: 160 | J4: 0 | K4: 1.6 | L4: 2 | M4: 0 | N4: 7 | O4: 1
B5: 57 | C5: 1 | D5: 2 | E5: 124 | F5: 261 | G5: 0 | H5: 0 | I5: 141 | J5: 0 | K5: 0.3 | L5: 1 | M5: 0 | N5: 7 | O5: 2 | Q5: Sign of Quantitative Features - | T5: 1
B6: 64 | C6: 1 | D6: 4 | E6: 128 | F6: 263 | G6: 0 | H6: 0 | I6: 105 | J6: 1 | K6: 0.2 | L6: 2 | M6: 1 | N6: 7 | O6: 1 | Q6: Sign of Nominal Features - | T6: 0
B7: 74 | C7: 0 | D7: 2 | E7: 120 | F7: 269 | G7: 0 | H7: 2 | I7: 121 | J7: 1 | K7: 0.2 | L7: 1 | M7: 1 | N7: 3 | O7: 1
B8: 65 | C8: 1 | D8: 4 | E8: 120 | F8: 177 | G8: 0 | H8: 0 | I8: 140 | J8: 0 | K8: 0.4 | L8: 1 | M8: 0 | N8: 7 | O8: 1
B9: 56 | C9: 1 | D9: 3 | E9: 130 | F9: 256 | G9: 1 | H9: 2 | I9: 142 | J9: 1 | K9: 0.6 | L9: 2 | M9: 1 | N9: 6 | O9: 2
B10: 59 | C10: 1 | D10: 4 | E10: 110 | F10: 239 | G10: 0 | H10: 2 | I10: 142 | J10: 1 | K10: 1.2 | L10: 2 | M10: 1 | N10: 7 | O10: 2
B11: 60 | C11: 1 | D11: 4 | E11: 140 | F11: 293 | G11: 0 | H11: 2 | I11: 170 | J11: 0 | K11: 1.2 | L11: 2 | M11: 2 | N11: 7 | O11: 2
B12: 63 | C12: 0 | D12: 4 | E12: 150 | F12: 407 | G12: 0 | H12: 2 | I12: 154 | J12: 0 | K12: 4 | L12: 2 | M12: 3 | N12: 7 | O12: 2
B13: 1 | C13: 0 | D13: 0 | E13: 1 | F13: 1 | G13: 0 | H13: 0 | I13: 1 | J13: 0 | K13: 1 | L13: 0 | M13: 1 | N13: 0
B17: Total Number of Quantitative Features - | F17: 6 | L17: Total Number of Nominal Features - | P17: 7
A19: Quantitative Features | K19: Nominal Features
A20: № | H20: Class | K20: № | S20: Class
B21: 70 | C21: 130 | D21: 322 | E21: 109 | F21: 2.4 | G21: 3 | H21: 2 | L21: 1 | M21: 4 | N21: 0 | O21: 2 | P21: 0 | Q21: 2 | R21: 3 | S21: 2
B22: 67 | C22: 115 | D22: 564 | E22: 160 | F22: 1.6 | G22: 0 | H22: 1 | L22: 0 | M22: 3 | N22: 0 | O22: 2 | P22: 0 | Q22: 2 | R22: 7 | S22: 1
B23: 57 | C23: 124 | D23: 261 | E23: 141 | F23: 0.3 | G23: 0 | H23: 2 | L23: 1 | M23: 2 | N23: 0 | O23: 0 | P23: 0 | Q23: 1 | R23: 7 | S23: 2
B24: 64 | C24: 128 | D24: 263 | E24: 105 | F24: 0.2 | G24: 1 | H24: 1 | L24: 1 | M24: 4 | N24: 0 | O24: 0 | P24: 1 | Q24: 2 | R24: 7 | S24: 1
B25: 74 | C25: 120 | D25: 269 | E25: 121 | F25: 0.2 | G25: 1 | H25: 1 | L25: 0 | M25: 2 | N25: 0 | O25: 2 | P25: 1 | Q25: 1 | R25: 3 | S25: 1
B26: 65 | C26: 120 | D26: 177 | E26: 140 | F26: 0.4 | G26: 0 | H26: 1 | L26: 1 | M26: 4 | N26: 0 | O26: 0 | P26: 0 | Q26: 1 | R26: 7 | S26: 1
B27: 56 | C27: 130 | D27: 256 | E27: 142 | F27: 0.6 | G27: 1 | H27: 2 | L27: 1 | M27: 3 | N27: 1 | O27: 2 | P27: 1 | Q27: 2 | R27: 6 | S27: 2
B28: 59 | C28: 110 | D28: 239 | E28: 142 | F28: 1.2 | G28: 1 | H28: 2 | L28: 1 | M28: 4 | N28: 0 | O28: 2 | P28: 1 | Q28: 2 | R28: 7 | S28: 2
B29: 60 | C29: 140 | D29: 293 | E29: 170 | F29: 1.2 | G29: 2 | H29: 2 | L29: 1 | M29: 4 | N29: 0 | O29: 2 | P29: 0 | Q29: 2 | R29: 7 | S29: 2
B30: 63 | C30: 150 | D30: 407 | E30: 154 | F30: 4 | G30: 3 | H30: 2 | L30: 0 | M30: 4 | N30: 0 | O30: 2 | P30: 0 | Q30: 2 | R30: 7 | S30: 2
B31: 1 | C31: 1 | D31: 1 | E31: 1 | F31: 1 | G31: 1 | L31: 0 | M31: 0 | N31: 0 | O31: 0 | P31: 0 | Q31: 0 | R31: 0

Sheet Quantitative
A1: Quantitative Features
A2: № | H2: Class | K2: K1 = 4
B3: 70 | C3: 130 | D3: 322 | E3: 109 | F3: 2.4 | G3: 3 | H3: 2 | K3: K2 = 6 | M3: Color and Sign of Quantitative Features - | Q3: 1
B4: 67 | C4: 115 | D4: 564 | E4: 160 | F4: 1.6 | G4: 0 | H4: 1
B5: 57 | C5: 124 | D5: 261 | E5: 141 | F5: 0.3 | G5: 0 | H5: 2
B6: 64 | C6: 128 | D6: 263 | E6: 105 | F6: 0.2 | G6: 1 | H6: 1
B7: 74 | C7: 120 | D7: 269 | E7: 121 | F7: 0.2 | G7: 1 | H7: 1
B8: 65 | C8: 120 | D8: 177 | E8: 140 | F8: 0.4 | G8: 0 | H8: 1
B9: 56 | C9: 130 | D9: 256 | E9: 142 | F9: 0.6 | G9: 1 | H9: 2
B10: 59 | C10: 110 | D10: 239 | E10: 142 | F10: 1.2 | G10: 1 | H10: 2
B11: 60 | C11: 140 | D11: 293 | E11: 170 | F11: 1.2 | G11: 2 | H11: 2
B12: 63 | C12: 150 | D12: 407 | E12: 154 | F12: 4 | G12: 3 | H12: 2
B13: 1 | C13: 1 | D13: 1 | E13: 1 | F13: 1 | G13: 1

Sheet Nominal
A1: Nominal Features
A2: № | I2: Class | L2: K1 = 4
B3: 1 | C3: 4 | D3: 0 | E3: 2 | F3: 0 | G3: 2 | H3: 3 | I3: 2 | L3: K2 = 6 | N3: Color and Sign of Nominal Features - | R3: 0
B4: 0 | C4: 3 | D4: 0 | E4: 2 | F4: 0 | G4: 2 | H4: 7 | I4: 1
B5: 1 | C5: 2 | D5: 0 | E5: 0 | F5: 0 | G5: 1 | H5: 7 | I5: 2
B6: 1 | C6: 4 | D6: 0 | E6: 0 | F6: 1 | G6: 2 | H6: 7 | I6: 1
B7: 0 | C7: 2 | D7: 0 | E7: 2 | F7: 1 | G7: 1 | H7: 3 | I7: 1
B8: 1 | C8: 4 | D8: 0 | E8: 0 | F8: 0 | G8: 1 | H8: 7 | I8: 1
B9: 1 | C9: 3 | D9: 1 | E9: 2 | F9: 1 | G9: 2 | H9: 6 | I9: 2
B10: 1 | C10: 4 | D10: 0 | E10: 2 | F10: 1 | G10: 2 | H10: 7 | I10: 2
B11: 1 | C11: 4 | D11: 0 | E11: 2 | F11: 0 | G11: 2 | H11: 7 | I11: 2
B12: 0 | C12: 4 | D12: 0 | E12: 2 | F12: 0 | G12: 2 | H12: 7 | I12: 2
B13: 0 | C13: 0 | D13: 0 | E13: 0 | F13: 0 | G13: 0 | H13: 0

Sheet Normalized Dataset
A1: Step 1 · Normalized dataset — quantitative features mapped to [0, 1], nominal features unchanged
A3: Heart + Disease (10, 13, 2) after scale unification: x′ = (x − min) / (max − min) for j ∈ I
A4: № | B4: x₁ | C4: x₂ | D4: x₃ | E4: x₄ | F4: x₅ | G4: x₆ | H4: x₇ | I4: x₈ | J4: x₉ | K4: x₁₀ | L4: x₁₁ | M4: x₁₂ | N4: x₁₃ | O4: Class
A5: S₁ | B5: =IF(MAX(Dataset!B$3:B$12)=MIN(Dataset!B$3:B$12),0,(Dataset!B3-MIN(Dataset!B$3:B$12))/(MAX(Dataset!B$3:B$12)-MIN(Dataset!B$3:B$12))) -> 0.77777778 | C5: =Dataset!C3 -> 1 | D5: =Dataset!D3 -> 4 | E5: =IF(MAX(Dataset!E$3:E$12)=MIN(Dataset!E$3:E$12),0,(Dataset!E3-MIN(Dataset!E$3:E$12))/(MAX(Dataset!E$3:E$12)-MIN(Dataset!E$3:E$12))) -> 0.5 | F5: =IF(MAX(Dataset!F$3:F$12)=MIN(Dataset!F$3:F$12),0,(Dataset!F3-MIN(Dataset!F$3:F$12))/(MAX(Dataset!F$3:F$12)-MIN(Dataset!F$3:F$12))) -> 0.374677 | G5: =Dataset!G3 -> 0 | H5: =Dataset!H3 -> 2 | I5: =IF(MAX(Dataset!I$3:I$12)=MIN(Dataset!I$3:I$12),0,(Dataset!I3-MIN(Dataset!I$3:I$12))/(MAX(Dataset!I$3:I$12)-MIN(Dataset!I$3:I$12))) -> 0.061538462 | J5: =Dataset!J3 -> 0 | K5: =IF(MAX(Dataset!K$3:K$12)=MIN(Dataset!K$3:K$12),0,(Dataset!K3-MIN(Dataset!K$3:K$12))/(MAX(Dataset!K$3:K$12)-MIN(Dataset!K$3:K$12))) -> 0.57894737 | L5: =Dataset!L3 -> 2 | M5: =IF(MAX(Dataset!M$3:M$12)=MIN(Dataset!M$3:M$12),0,(Dataset!M3-MIN(Dataset!M$3:M$12))/(MAX(Dataset!M$3:M$12)-MIN(Dataset!M$3:M$12))) -> 1 | N5: =Dataset!N3 -> 3 | O5: =Dataset!O3 -> 2
A6: S₂ | B6: =IF(MAX(Dataset!B$3:B$12)=MIN(Dataset!B$3:B$12),0,(Dataset!B4-MIN(Dataset!B$3:B$12))/(MAX(Dataset!B$3:B$12)-MIN(Dataset!B$3:B$12))) -> 0.61111111 | C6: =Dataset!C4 -> 0 | D6: =Dataset!D4 -> 3 | E6: =IF(MAX(Dataset!E$3:E$12)=MIN(Dataset!E$3:E$12),0,(Dataset!E4-MIN(Dataset!E$3:E$12))/(MAX(Dataset!E$3:E$12)-MIN(Dataset!E$3:E$12))) -> 0.125 | F6: =IF(MAX(Dataset!F$3:F$12)=MIN(Dataset!F$3:F$12),0,(Dataset!F4-MIN(Dataset!F$3:F$12))/(MAX(Dataset!F$3:F$12)-MIN(Dataset!F$3:F$12))) -> 1 | G6: =Dataset!G4 -> 0 | H6: =Dataset!H4 -> 2 | I6: =IF(MAX(Dataset!I$3:I$12)=MIN(Dataset!I$3:I$12),0,(Dataset!I4-MIN(Dataset!I$3:I$12))/(MAX(Dataset!I$3:I$12)-MIN(Dataset!I$3:I$12))) -> 0.84615385 | J6: =Dataset!J4 -> 0 | K6: =IF(MAX(Dataset!K$3:K$12)=MIN(Dataset!K$3:K$12),0,(Dataset!K4-MIN(Dataset!K$3:K$12))/(MAX(Dataset!K$3:K$12)-MIN(Dataset!K$3:K$12))) -> 0.36842105 | L6: =Dataset!L4 -> 2 | M6: =IF(MAX(Dataset!M$3:M$12)=MIN(Dataset!M$3:M$12),0,(Dataset!M4-MIN(Dataset!M$3:M$12))/(MAX(Dataset!M$3:M$12)-MIN(Dataset!M$3:M$12))) -> 0 | N6: =Dataset!N4 -> 7 | O6: =Dataset!O4 -> 1
A7: S₃ | B7: =IF(MAX(Dataset!B$3:B$12)=MIN(Dataset!B$3:B$12),0,(Dataset!B5-MIN(Dataset!B$3:B$12))/(MAX(Dataset!B$3:B$12)-MIN(Dataset!B$3:B$12))) -> 0.055555556 | C7: =Dataset!C5 -> 1 | D7: =Dataset!D5 -> 2 | E7: =IF(MAX(Dataset!E$3:E$12)=MIN(Dataset!E$3:E$12),0,(Dataset!E5-MIN(Dataset!E$3:E$12))/(MAX(Dataset!E$3:E$12)-MIN(Dataset!E$3:E$12))) -> 0.35 | F7: =IF(MAX(Dataset!F$3:F$12)=MIN(Dataset!F$3:F$12),0,(Dataset!F5-MIN(Dataset!F$3:F$12))/(MAX(Dataset!F$3:F$12)-MIN(Dataset!F$3:F$12))) -> 0.21705426 | G7: =Dataset!G5 -> 0 | H7: =Dataset!H5 -> 0 | I7: =IF(MAX(Dataset!I$3:I$12)=MIN(Dataset!I$3:I$12),0,(Dataset!I5-MIN(Dataset!I$3:I$12))/(MAX(Dataset!I$3:I$12)-MIN(Dataset!I$3:I$12))) -> 0.55384615 | J7: =Dataset!J5 -> 0 | K7: =IF(MAX(Dataset!K$3:K$12)=MIN(Dataset!K$3:K$12),0,(Dataset!K5-MIN(Dataset!K$3:K$12))/(MAX(Dataset!K$3:K$12)-MIN(Dataset!K$3:K$12))) -> 0.026315789 | L7: =Dataset!L5 -> 1 | M7: =IF(MAX(Dataset!M$3:M$12)=MIN(Dataset!M$3:M$12),0,(Dataset!M5-MIN(Dataset!M$3:M$12))/(MAX(Dataset!M$3:M$12)-MIN(Dataset!M$3:M$12))) -> 0 | N7: =Dataset!N5 -> 7 | O7: =Dataset!O5 -> 2
A8: S₄ | B8: =IF(MAX(Dataset!B$3:B$12)=MIN(Dataset!B$3:B$12),0,(Dataset!B6-MIN(Dataset!B$3:B$12))/(MAX(Dataset!B$3:B$12)-MIN(Dataset!B$3:B$12))) -> 0.44444444 | C8: =Dataset!C6 -> 1 | D8: =Dataset!D6 -> 4 | E8: =IF(MAX(Dataset!E$3:E$12)=MIN(Dataset!E$3:E$12),0,(Dataset!E6-MIN(Dataset!E$3:E$12))/(MAX(Dataset!E$3:E$12)-MIN(Dataset!E$3:E$12))) -> 0.45 | F8: =IF(MAX(Dataset!F$3:F$12)=MIN(Dataset!F$3:F$12),0,(Dataset!F6-MIN(Dataset!F$3:F$12))/(MAX(Dataset!F$3:F$12)-MIN(Dataset!F$3:F$12))) -> 0.22222222 | G8: =Dataset!G6 -> 0 | H8: =Dataset!H6 -> 0 | I8: =IF(MAX(Dataset!I$3:I$12)=MIN(Dataset!I$3:I$12),0,(Dataset!I6-MIN(Dataset!I$3:I$12))/(MAX(Dataset!I$3:I$12)-MIN(Dataset!I$3:I$12))) -> 0 | J8: =Dataset!J6 -> 1 | K8: =IF(MAX(Dataset!K$3:K$12)=MIN(Dataset!K$3:K$12),0,(Dataset!K6-MIN(Dataset!K$3:K$12))/(MAX(Dataset!K$3:K$12)-MIN(Dataset!K$3:K$12))) -> 0 | L8: =Dataset!L6 -> 2 | M8: =IF(MAX(Dataset!M$3:M$12)=MIN(Dataset!M$3:M$12),0,(Dataset!M6-MIN(Dataset!M$3:M$12))/(MAX(Dataset!M$3:M$12)-MIN(Dataset!M$3:M$12))) -> 0.33333333 | N8: =Dataset!N6 -> 7 | O8: =Dataset!O6 -> 1
A9: S₅ | B9: =IF(MAX(Dataset!B$3:B$12)=MIN(Dataset!B$3:B$12),0,(Dataset!B7-MIN(Dataset!B$3:B$12))/(MAX(Dataset!B$3:B$12)-MIN(Dataset!B$3:B$12))) -> 1 | C9: =Dataset!C7 -> 0 | D9: =Dataset!D7 -> 2 | E9: =IF(MAX(Dataset!E$3:E$12)=MIN(Dataset!E$3:E$12),0,(Dataset!E7-MIN(Dataset!E$3:E$12))/(MAX(Dataset!E$3:E$12)-MIN(Dataset!E$3:E$12))) -> 0.25 | F9: =IF(MAX(Dataset!F$3:F$12)=MIN(Dataset!F$3:F$12),0,(Dataset!F7-MIN(Dataset!F$3:F$12))/(MAX(Dataset!F$3:F$12)-MIN(Dataset!F$3:F$12))) -> 0.2377261 | G9: =Dataset!G7 -> 0 | H9: =Dataset!H7 -> 2 | I9: =IF(MAX(Dataset!I$3:I$12)=MIN(Dataset!I$3:I$12),0,(Dataset!I7-MIN(Dataset!I$3:I$12))/(MAX(Dataset!I$3:I$12)-MIN(Dataset!I$3:I$12))) -> 0.24615385 | J9: =Dataset!J7 -> 1 | K9: =IF(MAX(Dataset!K$3:K$12)=MIN(Dataset!K$3:K$12),0,(Dataset!K7-MIN(Dataset!K$3:K$12))/(MAX(Dataset!K$3:K$12)-MIN(Dataset!K$3:K$12))) -> 0 | L9: =Dataset!L7 -> 1 | M9: =IF(MAX(Dataset!M$3:M$12)=MIN(Dataset!M$3:M$12),0,(Dataset!M7-MIN(Dataset!M$3:M$12))/(MAX(Dataset!M$3:M$12)-MIN(Dataset!M$3:M$12))) -> 0.33333333 | N9: =Dataset!N7 -> 3 | O9: =Dataset!O7 -> 1
A10: S₆ | B10: =IF(MAX(Dataset!B$3:B$12)=MIN(Dataset!B$3:B$12),0,(Dataset!B8-MIN(Dataset!B$3:B$12))/(MAX(Dataset!B$3:B$12)-MIN(Dataset!B$3:B$12))) -> 0.5 | C10: =Dataset!C8 -> 1 | D10: =Dataset!D8 -> 4 | E10: =IF(MAX(Dataset!E$3:E$12)=MIN(Dataset!E$3:E$12),0,(Dataset!E8-MIN(Dataset!E$3:E$12))/(MAX(Dataset!E$3:E$12)-MIN(Dataset!E$3:E$12))) -> 0.25 | F10: =IF(MAX(Dataset!F$3:F$12)=MIN(Dataset!F$3:F$12),0,(Dataset!F8-MIN(Dataset!F$3:F$12))/(MAX(Dataset!F$3:F$12)-MIN(Dataset!F$3:F$12))) -> 0 | G10: =Dataset!G8 -> 0 | H10: =Dataset!H8 -> 0 | I10: =IF(MAX(Dataset!I$3:I$12)=MIN(Dataset!I$3:I$12),0,(Dataset!I8-MIN(Dataset!I$3:I$12))/(MAX(Dataset!I$3:I$12)-MIN(Dataset!I$3:I$12))) -> 0.53846154 | J10: =Dataset!J8 -> 0 | K10: =IF(MAX(Dataset!K$3:K$12)=MIN(Dataset!K$3:K$12),0,(Dataset!K8-MIN(Dataset!K$3:K$12))/(MAX(Dataset!K$3:K$12)-MIN(Dataset!K$3:K$12))) -> 0.052631579 | L10: =Dataset!L8 -> 1 | M10: =IF(MAX(Dataset!M$3:M$12)=MIN(Dataset!M$3:M$12),0,(Dataset!M8-MIN(Dataset!M$3:M$12))/(MAX(Dataset!M$3:M$12)-MIN(Dataset!M$3:M$12))) -> 0 | N10: =Dataset!N8 -> 7 | O10: =Dataset!O8 -> 1
A11: S₇ | B11: =IF(MAX(Dataset!B$3:B$12)=MIN(Dataset!B$3:B$12),0,(Dataset!B9-MIN(Dataset!B$3:B$12))/(MAX(Dataset!B$3:B$12)-MIN(Dataset!B$3:B$12))) -> 0 | C11: =Dataset!C9 -> 1 | D11: =Dataset!D9 -> 3 | E11: =IF(MAX(Dataset!E$3:E$12)=MIN(Dataset!E$3:E$12),0,(Dataset!E9-MIN(Dataset!E$3:E$12))/(MAX(Dataset!E$3:E$12)-MIN(Dataset!E$3:E$12))) -> 0.5 | F11: =IF(MAX(Dataset!F$3:F$12)=MIN(Dataset!F$3:F$12),0,(Dataset!F9-MIN(Dataset!F$3:F$12))/(MAX(Dataset!F$3:F$12)-MIN(Dataset!F$3:F$12))) -> 0.20413437 | G11: =Dataset!G9 -> 1 | H11: =Dataset!H9 -> 2 | I11: =IF(MAX(Dataset!I$3:I$12)=MIN(Dataset!I$3:I$12),0,(Dataset!I9-MIN(Dataset!I$3:I$12))/(MAX(Dataset!I$3:I$12)-MIN(Dataset!I$3:I$12))) -> 0.56923077 | J11: =Dataset!J9 -> 1 | K11: =IF(MAX(Dataset!K$3:K$12)=MIN(Dataset!K$3:K$12),0,(Dataset!K9-MIN(Dataset!K$3:K$12))/(MAX(Dataset!K$3:K$12)-MIN(Dataset!K$3:K$12))) -> 0.10526316 | L11: =Dataset!L9 -> 2 | M11: =IF(MAX(Dataset!M$3:M$12)=MIN(Dataset!M$3:M$12),0,(Dataset!M9-MIN(Dataset!M$3:M$12))/(MAX(Dataset!M$3:M$12)-MIN(Dataset!M$3:M$12))) -> 0.33333333 | N11: =Dataset!N9 -> 6 | O11: =Dataset!O9 -> 2
A12: S₈ | B12: =IF(MAX(Dataset!B$3:B$12)=MIN(Dataset!B$3:B$12),0,(Dataset!B10-MIN(Dataset!B$3:B$12))/(MAX(Dataset!B$3:B$12)-MIN(Dataset!B$3:B$12))) -> 0.16666667 | C12: =Dataset!C10 -> 1 | D12: =Dataset!D10 -> 4 | E12: =IF(MAX(Dataset!E$3:E$12)=MIN(Dataset!E$3:E$12),0,(Dataset!E10-MIN(Dataset!E$3:E$12))/(MAX(Dataset!E$3:E$12)-MIN(Dataset!E$3:E$12))) -> 0 | F12: =IF(MAX(Dataset!F$3:F$12)=MIN(Dataset!F$3:F$12),0,(Dataset!F10-MIN(Dataset!F$3:F$12))/(MAX(Dataset!F$3:F$12)-MIN(Dataset!F$3:F$12))) -> 0.16020672 | G12: =Dataset!G10 -> 0 | H12: =Dataset!H10 -> 2 | I12: =IF(MAX(Dataset!I$3:I$12)=MIN(Dataset!I$3:I$12),0,(Dataset!I10-MIN(Dataset!I$3:I$12))/(MAX(Dataset!I$3:I$12)-MIN(Dataset!I$3:I$12))) -> 0.56923077 | J12: =Dataset!J10 -> 1 | K12: =IF(MAX(Dataset!K$3:K$12)=MIN(Dataset!K$3:K$12),0,(Dataset!K10-MIN(Dataset!K$3:K$12))/(MAX(Dataset!K$3:K$12)-MIN(Dataset!K$3:K$12))) -> 0.26315789 | L12: =Dataset!L10 -> 2 | M12: =IF(MAX(Dataset!M$3:M$12)=MIN(Dataset!M$3:M$12),0,(Dataset!M10-MIN(Dataset!M$3:M$12))/(MAX(Dataset!M$3:M$12)-MIN(Dataset!M$3:M$12))) -> 0.33333333 | N12: =Dataset!N10 -> 7 | O12: =Dataset!O10 -> 2
A13: S₉ | B13: =IF(MAX(Dataset!B$3:B$12)=MIN(Dataset!B$3:B$12),0,(Dataset!B11-MIN(Dataset!B$3:B$12))/(MAX(Dataset!B$3:B$12)-MIN(Dataset!B$3:B$12))) -> 0.22222222 | C13: =Dataset!C11 -> 1 | D13: =Dataset!D11 -> 4 | E13: =IF(MAX(Dataset!E$3:E$12)=MIN(Dataset!E$3:E$12),0,(Dataset!E11-MIN(Dataset!E$3:E$12))/(MAX(Dataset!E$3:E$12)-MIN(Dataset!E$3:E$12))) -> 0.75 | F13: =IF(MAX(Dataset!F$3:F$12)=MIN(Dataset!F$3:F$12),0,(Dataset!F11-MIN(Dataset!F$3:F$12))/(MAX(Dataset!F$3:F$12)-MIN(Dataset!F$3:F$12))) -> 0.2997416 | G13: =Dataset!G11 -> 0 | H13: =Dataset!H11 -> 2 | I13: =IF(MAX(Dataset!I$3:I$12)=MIN(Dataset!I$3:I$12),0,(Dataset!I11-MIN(Dataset!I$3:I$12))/(MAX(Dataset!I$3:I$12)-MIN(Dataset!I$3:I$12))) -> 1 | J13: =Dataset!J11 -> 0 | K13: =IF(MAX(Dataset!K$3:K$12)=MIN(Dataset!K$3:K$12),0,(Dataset!K11-MIN(Dataset!K$3:K$12))/(MAX(Dataset!K$3:K$12)-MIN(Dataset!K$3:K$12))) -> 0.26315789 | L13: =Dataset!L11 -> 2 | M13: =IF(MAX(Dataset!M$3:M$12)=MIN(Dataset!M$3:M$12),0,(Dataset!M11-MIN(Dataset!M$3:M$12))/(MAX(Dataset!M$3:M$12)-MIN(Dataset!M$3:M$12))) -> 0.66666667 | N13: =Dataset!N11 -> 7 | O13: =Dataset!O11 -> 2
A14: S₁₀ | B14: =IF(MAX(Dataset!B$3:B$12)=MIN(Dataset!B$3:B$12),0,(Dataset!B12-MIN(Dataset!B$3:B$12))/(MAX(Dataset!B$3:B$12)-MIN(Dataset!B$3:B$12))) -> 0.38888889 | C14: =Dataset!C12 -> 0 | D14: =Dataset!D12 -> 4 | E14: =IF(MAX(Dataset!E$3:E$12)=MIN(Dataset!E$3:E$12),0,(Dataset!E12-MIN(Dataset!E$3:E$12))/(MAX(Dataset!E$3:E$12)-MIN(Dataset!E$3:E$12))) -> 1 | F14: =IF(MAX(Dataset!F$3:F$12)=MIN(Dataset!F$3:F$12),0,(Dataset!F12-MIN(Dataset!F$3:F$12))/(MAX(Dataset!F$3:F$12)-MIN(Dataset!F$3:F$12))) -> 0.59431525 | G14: =Dataset!G12 -> 0 | H14: =Dataset!H12 -> 2 | I14: =IF(MAX(Dataset!I$3:I$12)=MIN(Dataset!I$3:I$12),0,(Dataset!I12-MIN(Dataset!I$3:I$12))/(MAX(Dataset!I$3:I$12)-MIN(Dataset!I$3:I$12))) -> 0.75384615 | J14: =Dataset!J12 -> 0 | K14: =IF(MAX(Dataset!K$3:K$12)=MIN(Dataset!K$3:K$12),0,(Dataset!K12-MIN(Dataset!K$3:K$12))/(MAX(Dataset!K$3:K$12)-MIN(Dataset!K$3:K$12))) -> 1 | L14: =Dataset!L12 -> 2 | M14: =IF(MAX(Dataset!M$3:M$12)=MIN(Dataset!M$3:M$12),0,(Dataset!M12-MIN(Dataset!M$3:M$12))/(MAX(Dataset!M$3:M$12)-MIN(Dataset!M$3:M$12))) -> 1 | N14: =Dataset!N12 -> 7 | O14: =Dataset!O12 -> 2
A15: Type | B15: =Dataset!B13 -> 1 | C15: =Dataset!C13 -> 0 | D15: =Dataset!D13 -> 0 | E15: =Dataset!E13 -> 1 | F15: =Dataset!F13 -> 1 | G15: =Dataset!G13 -> 0 | H15: =Dataset!H13 -> 0 | I15: =Dataset!I13 -> 1 | ... N15: =Dataset!N13 -> 0 | O15: 1 = I
A16: min | B16: =MIN(Dataset!B$3:B$12) -> 56 | C16: — | D16: — | E16: =MIN(Dataset!E$3:E$12) -> 110 | F16: =MIN(Dataset!F$3:F$12) -> 177 | G16: — | H16: — | I16: =MIN(Dataset!I$3:I$12) -> 105 | J16: — | K16: =MIN(Dataset!K$3:K$12) -> 0.2 | L16: — | M16: =MIN(Dataset!M$3:M$12) -> 0 | N16: —
A17: max | B17: =MAX(Dataset!B$3:B$12) -> 74 | C17: — | D17: — | E17: =MAX(Dataset!E$3:E$12) -> 150 | F17: =MAX(Dataset!F$3:F$12) -> 564 | G17: — | H17: — | I17: =MAX(Dataset!I$3:I$12) -> 170 | J17: — | K17: =MAX(Dataset!K$3:K$12) -> 4 | L17: — | M17: =MAX(Dataset!M$3:M$12) -> 3 | N17: —
A19: Type 1 = quantitative feature (set I): rescaled to [0, 1] with the fractional-linear (min–max) transform; min and max are taken over the training objects S₁ … S₁₀.
A20: Type 0 = nominal feature (set J): the original code is kept, because the metric only asks whether two codes are equal.
A21: A new object (Brace for Meta-algorithm) is rescaled with the same training min and max, so its values may fall outside [0, 1].

Sheet Zhuravlev Distances
A1: Step 2 · Pairwise distances of the three base operators — ρ (Zhuravlev), ρ_I (quantitative part), ρ_J (nominal part)
A3: Operator ρ · Zhuravlev distance ρ(Sᵢ, Sⱼ) = ρ_I + ρ_J — row = target object Sᵢ, column = Sⱼ in original order
A4: ρ | B4: S₁ | C4: S₂ | D4: S₃ | E4: S₄ | F4: S₅ | G4: S₆ | H4: S₇ | I4: S₈ | J4: S₉ | K4: S₁₀
A5: S₁ | B5: =ROUND(B18+B31,10) -> 0 | C5: =ROUND(C18+C31,10) -> 6.1621314 | D5: =ROUND(D18+D31,10) -> 7.0747842 | E5: =ROUND(E18+E31,10) -> 4.8429406 | F5: =ROUND(F18+F31,10) -> 6.0394025 | G5: =ROUND(G18+G31,10) -> 5.9056936 | H5: =ROUND(H18+H31,10) -> 6.5963636 | I5: =ROUND(I18+I31,10) -> 4.8157298 | ... K5: =ROUND(K18+K31,10) -> 4.2218875
A6: S₂ | B6: =ROUND(B19+B32,10) -> 6.1621314 | C6: =ROUND(C19+C32,10) -> 0 | D6: =ROUND(D19+D32,10) -> 6.1979142 | E6: =ROUND(E19+E32,10) -> 6.8173527 | F6: =ROUND(F19+F32,10) -> 6.5779172 | G6: =ROUND(G19+G32,10) -> 5.8595929 | H6: =ROUND(H19+H32,10) -> 6.655391 | I6: =ROUND(I19+I32,10) -> 5.1247573 | ... K6: =ROUND(K19+K32,10) -> 4.2267936
A7: S₃ | B7: =ROUND(B20+B33,10) -> 7.0747842 | C7: =ROUND(C20+C33,10) -> 6.1979142 | D7: =ROUND(D20+D33,10) -> 0 | E7: =ROUND(E20+E33,10) -> 4.4075521 | F7: =ROUND(F20+F33,10) -> 5.7324577 | G7: =ROUND(G20+G33,10) -> 1.8031991 | H7: =ROUND(H20+H33,10) -> 6.6461408 | I7: =ROUND(I20+I33,10) -> 5.1035187 | ... K7: =ROUND(K20+K33,10) -> 7.5342785
A8: S₄ | B8: =ROUND(B21+B34,10) -> 4.8429406 | C8: =ROUND(C21+C34,10) -> 6.8173527 | D8: =ROUND(D21+D34,10) -> 4.4075521 | E8: =ROUND(E21+E34,10) -> 0 | F8: =ROUND(F21+F34,10) -> 6.0172133 | G8: =ROUND(G21+G34,10) -> 3.4022042 | H8: =ROUND(H21+H34,10) -> 5.1870262 | I8: =ROUND(I21+I34,10) -> 2.6221819 | ... K8: =ROUND(K21+K34,10) -> 6.3981614
A9: S₅ | B9: =ROUND(B22+B35,10) -> 6.0394025 | C9: =ROUND(C22+C35,10) -> 6.5779172 | D9: =ROUND(D22+D35,10) -> 5.7324577 | E9: =ROUND(E22+E35,10) -> 6.0172133 | F9: =ROUND(F22+F35,10) -> 0 | G9: =ROUND(G22+G35,10) -> 6.4159987 | H9: =ROUND(H22+H35,10) -> 6.7119318 | I9: =ROUND(I22+I35,10) -> 5.7470875 | ... K9: =ROUND(K22+K35,10) -> 7.8920592
A10: S₆ | B10: =ROUND(B23+B36,10) -> 5.9056936 | C10: =ROUND(C23+C36,10) -> 5.8595929 | D10: =ROUND(D23+D36,10) -> 1.8031991 | E10: =ROUND(E23+E36,10) -> 3.4022042 | F10: =ROUND(F23+F36,10) -> 6.4159987 | G10: =ROUND(G23+G36,10) -> 0 | H10: =ROUND(H23+H36,10) -> 7.3708685 | I10: =ROUND(I23+I36,10) -> 4.3181689 | ... K10: =ROUND(K23+K36,10) -> 6.6181794
A11: S₇ | B11: =ROUND(B24+B37,10) -> 6.5963636 | C11: =ROUND(C24+C37,10) -> 6.655391 | D11: =ROUND(D24+D37,10) -> 6.6461408 | E11: =ROUND(E24+E37,10) -> 5.1870262 | F11: =ROUND(F24+F37,10) -> 6.7119318 | G11: =ROUND(G24+G37,10) -> 7.3708685 | H11: =ROUND(H24+H37,10) -> 0 | I11: =ROUND(I24+I37,10) -> 3.8684891 | ... K11: =ROUND(K24+K37,10) -> 8.0250887
A12: S₈ | B12: =ROUND(B25+B38,10) -> 4.8157298 | C12: =ROUND(C25+C38,10) -> 5.1247573 | D12: =ROUND(D25+D38,10) -> 5.1035187 | E12: =ROUND(E25+E38,10) -> 2.6221819 | F12: =ROUND(F25+F38,10) -> 5.7470875 | G12: =ROUND(G25+G38,10) -> 4.3181689 | H12: =ROUND(H25+H38,10) -> 3.8684891 | I12: =ROUND(I25+I38,10) -> 0 | ... K12: =ROUND(K25+K38,10) -> 5.2444549
A13: S₉ | B13: =ROUND(B26+B39,10) -> 3.4680753 | C13: =ROUND(C26+C39,10) -> 4.6399233 | D13: =ROUND(D26+D39,10) -> 4.9990166 | E13: =ROUND(E26+E39,10) -> 4.1962328 | F13: =ROUND(F26+F39,10) -> 7.6901307 | G13: =ROUND(G26+G39,10) -> 4.4162508 | H13: =ROUND(H26+H39,10) -> 5.4898268 | I13: =ROUND(I26+I39,10) -> 2.709193 | ... K13: =ROUND(K26+K39,10) -> 3.0275696
A14: S₁₀ | B14: =ROUND(B27+B40,10) -> 4.2218875 | C14: =ROUND(C27+C40,10) -> 4.2267936 | D14: =ROUND(D27+D40,10) -> 7.5342785 | E14: =ROUND(E27+E40,10) -> 6.3981614 | F14: =ROUND(F27+F40,10) -> 7.8920592 | G14: =ROUND(G27+G40,10) -> 6.6181794 | H14: =ROUND(H27+H40,10) -> 8.0250887 | I14: =ROUND(I27+I40,10) -> 5.2444549 | ... K14: =ROUND(K27+K40,10) -> 0
A16: Operator ρ_I · quantitative part Σ(j∈I) |x′ⱼ − y′ⱼ| (normalized values from Step 1)
A17: ρ_I | B17: S₁ | C17: S₂ | D17: S₃ | E17: S₄ | F17: S₅ | G17: S₆ | H17: S₇ | I17: S₈ | J17: S₉ | K17: S₁₀
A18: S₁ | B18: =ROUND(SUMPRODUCT(Dataset!$B$13:$N$13,ABS('Normalized Dataset'!$B$5:$N$5-'Normalized Dataset'!$B$5:$N$5)),10) -> 0 | C18: =ROUND(SUMPRODUCT(Dataset!$B$13:$N$13,ABS('Normalized Dataset'!$B$5:$N$5-'Normalized Dataset'!$B$6:$N$6)),10) -> 3.1621314 | D18: =ROUND(SUMPRODUCT(Dataset!$B$13:$N$13,ABS('Normalized Dataset'!$B$5:$N$5-'Normalized Dataset'!$B$7:$N$7)),10) -> 3.0747842 | E18: =ROUND(SUMPRODUCT(Dataset!$B$13:$N$13,ABS('Normalized Dataset'!$B$5:$N$5-'Normalized Dataset'!$B$8:$N$8)),10) -> 1.8429406 | F18: =ROUND(SUMPRODUCT(Dataset!$B$13:$N$13,ABS('Normalized Dataset'!$B$5:$N$5-'Normalized Dataset'!$B$9:$N$9)),10) -> 2.0394025 | G18: =ROUND(SUMPRODUCT(Dataset!$B$13:$N$13,ABS('Normalized Dataset'!$B$5:$N$5-'Normalized Dataset'!$B$10:$N$10)),10) -> 2.9056936 | H18: =ROUND(SUMPRODUCT(Dataset!$B$13:$N$13,ABS('Normalized Dataset'!$B$5:$N$5-'Normalized Dataset'!$B$11:$N$11)),10) -> 2.5963636 | I18: =ROUND(SUMPRODUCT(Dataset!$B$13:$N$13,ABS('Normalized Dataset'!$B$5:$N$5-'Normalized Dataset'!$B$12:$N$12)),10) -> 2.8157298 | J18: =ROUND(SUMPRODUCT(Dataset!$B$13:$N$13,ABS('Normalized Dataset'!$B$5:$N$5-'Normalized Dataset'!$B$13:$N$13)),10) -> 2.4680753 | K18: =ROUND(SUMPRODUCT(Dataset!$B$13:$N$13,ABS('Normalized Dataset'!$B$5:$N$5-'Normalized Dataset'!$B$14:$N$14)),10) -> 2.2218875
A19: S₂ | B19: =ROUND(SUMPRODUCT(Dataset!$B$13:$N$13,ABS('Normalized Dataset'!$B$6:$N$6-'Normalized Dataset'!$B$5:$N$5)),10) -> 3.1621314 | C19: =ROUND(SUMPRODUCT(Dataset!$B$13:$N$13,ABS('Normalized Dataset'!$B$6:$N$6-'Normalized Dataset'!$B$6:$N$6)),10) -> 0 | D19: =ROUND(SUMPRODUCT(Dataset!$B$13:$N$13,ABS('Normalized Dataset'!$B$6:$N$6-'Normalized Dataset'!$B$7:$N$7)),10) -> 2.1979142 | E19: =ROUND(SUMPRODUCT(Dataset!$B$13:$N$13,ABS('Normalized Dataset'!$B$6:$N$6-'Normalized Dataset'!$B$8:$N$8)),10) -> 2.8173527 | F19: =ROUND(SUMPRODUCT(Dataset!$B$13:$N$13,ABS('Normalized Dataset'!$B$6:$N$6-'Normalized Dataset'!$B$9:$N$9)),10) -> 2.5779172 | G19: =ROUND(SUMPRODUCT(Dataset!$B$13:$N$13,ABS('Normalized Dataset'!$B$6:$N$6-'Normalized Dataset'!$B$10:$N$10)),10) -> 1.8595929 | H19: =ROUND(SUMPRODUCT(Dataset!$B$13:$N$13,ABS('Normalized Dataset'!$B$6:$N$6-'Normalized Dataset'!$B$11:$N$11)),10) -> 2.655391 | I19: =ROUND(SUMPRODUCT(Dataset!$B$13:$N$13,ABS('Normalized Dataset'!$B$6:$N$6-'Normalized Dataset'!$B$12:$N$12)),10) -> 2.1247573 | J19: =ROUND(SUMPRODUCT(Dataset!$B$13:$N$13,ABS('Normalized Dataset'!$B$6:$N$6-'Normalized Dataset'!$B$13:$N$13)),10) -> 2.6399233 | K19: =ROUND(SUMPRODUCT(Dataset!$B$13:$N$13,ABS('Normalized Dataset'!$B$6:$N$6-'Normalized Dataset'!$B$14:$N$14)),10) -> 3.2267936
A20: S₃ | B20: =ROUND(SUMPRODUCT(Dataset!$B$13:$N$13,ABS('Normalized Dataset'!$B$7:$N$7-'Normalized Dataset'!$B$5:$N$5)),10) -> 3.0747842 | C20: =ROUND(SUMPRODUCT(Dataset!$B$13:$N$13,ABS('Normalized Dataset'!$B$7:$N$7-'Normalized Dataset'!$B$6:$N$6)),10) -> 2.1979142 | D20: =ROUND(SUMPRODUCT(Dataset!$B$13:$N$13,ABS('Normalized Dataset'!$B$7:$N$7-'Normalized Dataset'!$B$7:$N$7)),10) -> 0 | E20: =ROUND(SUMPRODUCT(Dataset!$B$13:$N$13,ABS('Normalized Dataset'!$B$7:$N$7-'Normalized Dataset'!$B$8:$N$8)),10) -> 1.4075521 | F20: =ROUND(SUMPRODUCT(Dataset!$B$13:$N$13,ABS('Normalized Dataset'!$B$7:$N$7-'Normalized Dataset'!$B$9:$N$9)),10) -> 1.7324577 | G20: =ROUND(SUMPRODUCT(Dataset!$B$13:$N$13,ABS('Normalized Dataset'!$B$7:$N$7-'Normalized Dataset'!$B$10:$N$10)),10) -> 0.80319911 | H20: =ROUND(SUMPRODUCT(Dataset!$B$13:$N$13,ABS('Normalized Dataset'!$B$7:$N$7-'Normalized Dataset'!$B$11:$N$11)),10) -> 0.64614077 | I20: =ROUND(SUMPRODUCT(Dataset!$B$13:$N$13,ABS('Normalized Dataset'!$B$7:$N$7-'Normalized Dataset'!$B$12:$N$12)),10) -> 1.1035187 | J20: =ROUND(SUMPRODUCT(Dataset!$B$13:$N$13,ABS('Normalized Dataset'!$B$7:$N$7-'Normalized Dataset'!$B$13:$N$13)),10) -> 1.9990166 | K20: =ROUND(SUMPRODUCT(Dataset!$B$13:$N$13,ABS('Normalized Dataset'!$B$7:$N$7-'Normalized Dataset'!$B$14:$N$14)),10) -> 3.5342785
A21: S₄ | B21: =ROUND(SUMPRODUCT(Dataset!$B$13:$N$13,ABS('Normalized Dataset'!$B$8:$N$8-'Normalized Dataset'!$B$5:$N$5)),10) -> 1.8429406 | C21: =ROUND(SUMPRODUCT(Dataset!$B$13:$N$13,ABS('Normalized Dataset'!$B$8:$N$8-'Normalized Dataset'!$B$6:$N$6)),10) -> 2.8173527 | D21: =ROUND(SUMPRODUCT(Dataset!$B$13:$N$13,ABS('Normalized Dataset'!$B$8:$N$8-'Normalized Dataset'!$B$7:$N$7)),10) -> 1.4075521 | E21: =ROUND(SUMPRODUCT(Dataset!$B$13:$N$13,ABS('Normalized Dataset'!$B$8:$N$8-'Normalized Dataset'!$B$8:$N$8)),10) -> 0 | F21: =ROUND(SUMPRODUCT(Dataset!$B$13:$N$13,ABS('Normalized Dataset'!$B$8:$N$8-'Normalized Dataset'!$B$9:$N$9)),10) -> 1.0172133 | G21: =ROUND(SUMPRODUCT(Dataset!$B$13:$N$13,ABS('Normalized Dataset'!$B$8:$N$8-'Normalized Dataset'!$B$10:$N$10)),10) -> 1.4022042 | H21: =ROUND(SUMPRODUCT(Dataset!$B$13:$N$13,ABS('Normalized Dataset'!$B$8:$N$8-'Normalized Dataset'!$B$11:$N$11)),10) -> 1.1870262 | I21: =ROUND(SUMPRODUCT(Dataset!$B$13:$N$13,ABS('Normalized Dataset'!$B$8:$N$8-'Normalized Dataset'!$B$12:$N$12)),10) -> 1.6221819 | J21: =ROUND(SUMPRODUCT(Dataset!$B$13:$N$13,ABS('Normalized Dataset'!$B$8:$N$8-'Normalized Dataset'!$B$13:$N$13)),10) -> 2.1962328 | K21: =ROUND(SUMPRODUCT(Dataset!$B$13:$N$13,ABS('Normalized Dataset'!$B$8:$N$8-'Normalized Dataset'!$B$14:$N$14)),10) -> 3.3981614
A22: S₅ | B22: =ROUND(SUMPRODUCT(Dataset!$B$13:$N$13,ABS('Normalized Dataset'!$B$9:$N$9-'Normalized Dataset'!$B$5:$N$5)),10) -> 2.0394025 | C22: =ROUND(SUMPRODUCT(Dataset!$B$13:$N$13,ABS('Normalized Dataset'!$B$9:$N$9-'Normalized Dataset'!$B$6:$N$6)),10) -> 2.5779172 | D22: =ROUND(SUMPRODUCT(Dataset!$B$13:$N$13,ABS('Normalized Dataset'!$B$9:$N$9-'Normalized Dataset'!$B$7:$N$7)),10) -> 1.7324577 | E22: =ROUND(SUMPRODUCT(Dataset!$B$13:$N$13,ABS('Normalized Dataset'!$B$9:$N$9-'Normalized Dataset'!$B$8:$N$8)),10) -> 1.0172133 | F22: =ROUND(SUMPRODUCT(Dataset!$B$13:$N$13,ABS('Normalized Dataset'!$B$9:$N$9-'Normalized Dataset'!$B$9:$N$9)),10) -> 0 | G22: =ROUND(SUMPRODUCT(Dataset!$B$13:$N$13,ABS('Normalized Dataset'!$B$9:$N$9-'Normalized Dataset'!$B$10:$N$10)),10) -> 1.4159987 | H22: =ROUND(SUMPRODUCT(Dataset!$B$13:$N$13,ABS('Normalized Dataset'!$B$9:$N$9-'Normalized Dataset'!$B$11:$N$11)),10) -> 1.7119318 | I22: =ROUND(SUMPRODUCT(Dataset!$B$13:$N$13,ABS('Normalized Dataset'!$B$9:$N$9-'Normalized Dataset'!$B$12:$N$12)),10) -> 1.7470875 | J22: =ROUND(SUMPRODUCT(Dataset!$B$13:$N$13,ABS('Normalized Dataset'!$B$9:$N$9-'Normalized Dataset'!$B$13:$N$13)),10) -> 2.6901307 | K22: =ROUND(SUMPRODUCT(Dataset!$B$13:$N$13,ABS('Normalized Dataset'!$B$9:$N$9-'Normalized Dataset'!$B$14:$N$14)),10) -> 3.8920592
A23: S₆ | B23: =ROUND(SUMPRODUCT(Dataset!$B$13:$N$13,ABS('Normalized Dataset'!$B$10:$N$10-'Normalized Dataset'!$B$5:$N$5)),10) -> 2.9056936 | C23: =ROUND(SUMPRODUCT(Dataset!$B$13:$N$13,ABS('Normalized Dataset'!$B$10:$N$10-'Normalized Dataset'!$B$6:$N$6)),10) -> 1.8595929 | D23: =ROUND(SUMPRODUCT(Dataset!$B$13:$N$13,ABS('Normalized Dataset'!$B$10:$N$10-'Normalized Dataset'!$B$7:$N$7)),10) -> 0.80319911 | E23: =ROUND(SUMPRODUCT(Dataset!$B$13:$N$13,ABS('Normalized Dataset'!$B$10:$N$10-'Normalized Dataset'!$B$8:$N$8)),10) -> 1.4022042 | F23: =ROUND(SUMPRODUCT(Dataset!$B$13:$N$13,ABS('Normalized Dataset'!$B$10:$N$10-'Normalized Dataset'!$B$9:$N$9)),10) -> 1.4159987 | G23: =ROUND(SUMPRODUCT(Dataset!$B$13:$N$13,ABS('Normalized Dataset'!$B$10:$N$10-'Normalized Dataset'!$B$10:$N$10)),10) -> 0 | H23: =ROUND(SUMPRODUCT(Dataset!$B$13:$N$13,ABS('Normalized Dataset'!$B$10:$N$10-'Normalized Dataset'!$B$11:$N$11)),10) -> 1.3708685 | I23: =ROUND(SUMPRODUCT(Dataset!$B$13:$N$13,ABS('Normalized Dataset'!$B$10:$N$10-'Normalized Dataset'!$B$12:$N$12)),10) -> 1.3181689 | J23: =ROUND(SUMPRODUCT(Dataset!$B$13:$N$13,ABS('Normalized Dataset'!$B$10:$N$10-'Normalized Dataset'!$B$13:$N$13)),10) -> 2.4162508 | K23: =ROUND(SUMPRODUCT(Dataset!$B$13:$N$13,ABS('Normalized Dataset'!$B$10:$N$10-'Normalized Dataset'!$B$14:$N$14)),10) -> 3.6181794
A24: S₇ | B24: =ROUND(SUMPRODUCT(Dataset!$B$13:$N$13,ABS('Normalized Dataset'!$B$11:$N$11-'Normalized Dataset'!$B$5:$N$5)),10) -> 2.5963636 | C24: =ROUND(SUMPRODUCT(Dataset!$B$13:$N$13,ABS('Normalized Dataset'!$B$11:$N$11-'Normalized Dataset'!$B$6:$N$6)),10) -> 2.655391 | D24: =ROUND(SUMPRODUCT(Dataset!$B$13:$N$13,ABS('Normalized Dataset'!$B$11:$N$11-'Normalized Dataset'!$B$7:$N$7)),10) -> 0.64614077 | E24: =ROUND(SUMPRODUCT(Dataset!$B$13:$N$13,ABS('Normalized Dataset'!$B$11:$N$11-'Normalized Dataset'!$B$8:$N$8)),10) -> 1.1870262 | F24: =ROUND(SUMPRODUCT(Dataset!$B$13:$N$13,ABS('Normalized Dataset'!$B$11:$N$11-'Normalized Dataset'!$B$9:$N$9)),10) -> 1.7119318 | G24: =ROUND(SUMPRODUCT(Dataset!$B$13:$N$13,ABS('Normalized Dataset'!$B$11:$N$11-'Normalized Dataset'!$B$10:$N$10)),10) -> 1.3708685 | H24: =ROUND(SUMPRODUCT(Dataset!$B$13:$N$13,ABS('Normalized Dataset'!$B$11:$N$11-'Normalized Dataset'!$B$11:$N$11)),10) -> 0 | I24: =ROUND(SUMPRODUCT(Dataset!$B$13:$N$13,ABS('Normalized Dataset'!$B$11:$N$11-'Normalized Dataset'!$B$12:$N$12)),10) -> 0.86848905 | J24: =ROUND(SUMPRODUCT(Dataset!$B$13:$N$13,ABS('Normalized Dataset'!$B$11:$N$11-'Normalized Dataset'!$B$13:$N$13)),10) -> 1.4898268 | K24: =ROUND(SUMPRODUCT(Dataset!$B$13:$N$13,ABS('Normalized Dataset'!$B$11:$N$11-'Normalized Dataset'!$B$14:$N$14)),10) -> 3.0250887
A25: S₈ | B25: =ROUND(SUMPRODUCT(Dataset!$B$13:$N$13,ABS('Normalized Dataset'!$B$12:$N$12-'Normalized Dataset'!$B$5:$N$5)),10) -> 2.8157298 | C25: =ROUND(SUMPRODUCT(Dataset!$B$13:$N$13,ABS('Normalized Dataset'!$B$12:$N$12-'Normalized Dataset'!$B$6:$N$6)),10) -> 2.1247573 | D25: =ROUND(SUMPRODUCT(Dataset!$B$13:$N$13,ABS('Normalized Dataset'!$B$12:$N$12-'Normalized Dataset'!$B$7:$N$7)),10) -> 1.1035187 | E25: =ROUND(SUMPRODUCT(Dataset!$B$13:$N$13,ABS('Normalized Dataset'!$B$12:$N$12-'Normalized Dataset'!$B$8:$N$8)),10) -> 1.6221819 | F25: =ROUND(SUMPRODUCT(Dataset!$B$13:$N$13,ABS('Normalized Dataset'!$B$12:$N$12-'Normalized Dataset'!$B$9:$N$9)),10) -> 1.7470875 | G25: =ROUND(SUMPRODUCT(Dataset!$B$13:$N$13,ABS('Normalized Dataset'!$B$12:$N$12-'Normalized Dataset'!$B$10:$N$10)),10) -> 1.3181689 | H25: =ROUND(SUMPRODUCT(Dataset!$B$13:$N$13,ABS('Normalized Dataset'!$B$12:$N$12-'Normalized Dataset'!$B$11:$N$11)),10) -> 0.86848905 | I25: =ROUND(SUMPRODUCT(Dataset!$B$13:$N$13,ABS('Normalized Dataset'!$B$12:$N$12-'Normalized Dataset'!$B$12:$N$12)),10) -> 0 | J25: =ROUND(SUMPRODUCT(Dataset!$B$13:$N$13,ABS('Normalized Dataset'!$B$12:$N$12-'Normalized Dataset'!$B$13:$N$13)),10) -> 1.709193 | K25: =ROUND(SUMPRODUCT(Dataset!$B$13:$N$13,ABS('Normalized Dataset'!$B$12:$N$12-'Normalized Dataset'!$B$14:$N$14)),10) -> 3.2444549
A26: S₉ | B26: =ROUND(SUMPRODUCT(Dataset!$B$13:$N$13,ABS('Normalized Dataset'!$B$13:$N$13-'Normalized Dataset'!$B$5:$N$5)),10) -> 2.4680753 | C26: =ROUND(SUMPRODUCT(Dataset!$B$13:$N$13,ABS('Normalized Dataset'!$B$13:$N$13-'Normalized Dataset'!$B$6:$N$6)),10) -> 2.6399233 | D26: =ROUND(SUMPRODUCT(Dataset!$B$13:$N$13,ABS('Normalized Dataset'!$B$13:$N$13-'Normalized Dataset'!$B$7:$N$7)),10) -> 1.9990166 | E26: =ROUND(SUMPRODUCT(Dataset!$B$13:$N$13,ABS('Normalized Dataset'!$B$13:$N$13-'Normalized Dataset'!$B$8:$N$8)),10) -> 2.1962328 | F26: =ROUND(SUMPRODUCT(Dataset!$B$13:$N$13,ABS('Normalized Dataset'!$B$13:$N$13-'Normalized Dataset'!$B$9:$N$9)),10) -> 2.6901307 | G26: =ROUND(SUMPRODUCT(Dataset!$B$13:$N$13,ABS('Normalized Dataset'!$B$13:$N$13-'Normalized Dataset'!$B$10:$N$10)),10) -> 2.4162508 | H26: =ROUND(SUMPRODUCT(Dataset!$B$13:$N$13,ABS('Normalized Dataset'!$B$13:$N$13-'Normalized Dataset'!$B$11:$N$11)),10) -> 1.4898268 | I26: =ROUND(SUMPRODUCT(Dataset!$B$13:$N$13,ABS('Normalized Dataset'!$B$13:$N$13-'Normalized Dataset'!$B$12:$N$12)),10) -> 1.709193 | J26: =ROUND(SUMPRODUCT(Dataset!$B$13:$N$13,ABS('Normalized Dataset'!$B$13:$N$13-'Normalized Dataset'!$B$13:$N$13)),10) -> 0 | K26: =ROUND(SUMPRODUCT(Dataset!$B$13:$N$13,ABS('Normalized Dataset'!$B$13:$N$13-'Normalized Dataset'!$B$14:$N$14)),10) -> 2.0275696
A27: S₁₀ | B27: =ROUND(SUMPRODUCT(Dataset!$B$13:$N$13,ABS('Normalized Dataset'!$B$14:$N$14-'Normalized Dataset'!$B$5:$N$5)),10) -> 2.2218875 | C27: =ROUND(SUMPRODUCT(Dataset!$B$13:$N$13,ABS('Normalized Dataset'!$B$14:$N$14-'Normalized Dataset'!$B$6:$N$6)),10) -> 3.2267936 | D27: =ROUND(SUMPRODUCT(Dataset!$B$13:$N$13,ABS('Normalized Dataset'!$B$14:$N$14-'Normalized Dataset'!$B$7:$N$7)),10) -> 3.5342785 | E27: =ROUND(SUMPRODUCT(Dataset!$B$13:$N$13,ABS('Normalized Dataset'!$B$14:$N$14-'Normalized Dataset'!$B$8:$N$8)),10) -> 3.3981614 | F27: =ROUND(SUMPRODUCT(Dataset!$B$13:$N$13,ABS('Normalized Dataset'!$B$14:$N$14-'Normalized Dataset'!$B$9:$N$9)),10) -> 3.8920592 | G27: =ROUND(SUMPRODUCT(Dataset!$B$13:$N$13,ABS('Normalized Dataset'!$B$14:$N$14-'Normalized Dataset'!$B$10:$N$10)),10) -> 3.6181794 | H27: =ROUND(SUMPRODUCT(Dataset!$B$13:$N$13,ABS('Normalized Dataset'!$B$14:$N$14-'Normalized Dataset'!$B$11:$N$11)),10) -> 3.0250887 | I27: =ROUND(SUMPRODUCT(Dataset!$B$13:$N$13,ABS('Normalized Dataset'!$B$14:$N$14-'Normalized Dataset'!$B$12:$N$12)),10) -> 3.2444549 | J27: =ROUND(SUMPRODUCT(Dataset!$B$13:$N$13,ABS('Normalized Dataset'!$B$14:$N$14-'Normalized Dataset'!$B$13:$N$13)),10) -> 2.0275696 | K27: =ROUND(SUMPRODUCT(Dataset!$B$13:$N$13,ABS('Normalized Dataset'!$B$14:$N$14-'Normalized Dataset'!$B$14:$N$14)),10) -> 0
A29: Operator ρ_J · nominal part Σ(j∈J) [xⱼ ≠ yⱼ] (number of nominal features with different codes)
A30: ρ_J | B30: S₁ | C30: S₂ | D30: S₃ | E30: S₄ | F30: S₅ | G30: S₆ | H30: S₇ | I30: S₈ | J30: S₉ | K30: S₁₀
A31: S₁ | B31: =SUMPRODUCT((1-Dataset!$B$13:$N$13)*(Dataset!$B$3:$N$3<>Dataset!$B$3:$N$3)) -> 0 | C31: =SUMPRODUCT((1-Dataset!$B$13:$N$13)*(Dataset!$B$3:$N$3<>Dataset!$B$4:$N$4)) -> 3 | D31: =SUMPRODUCT((1-Dataset!$B$13:$N$13)*(Dataset!$B$3:$N$3<>Dataset!$B$5:$N$5)) -> 4 | E31: =SUMPRODUCT((1-Dataset!$B$13:$N$13)*(Dataset!$B$3:$N$3<>Dataset!$B$6:$N$6)) -> 3 | F31: =SUMPRODUCT((1-Dataset!$B$13:$N$13)*(Dataset!$B$3:$N$3<>Dataset!$B$7:$N$7)) -> 4 | G31: =SUMPRODUCT((1-Dataset!$B$13:$N$13)*(Dataset!$B$3:$N$3<>Dataset!$B$8:$N$8)) -> 3 | H31: =SUMPRODUCT((1-Dataset!$B$13:$N$13)*(Dataset!$B$3:$N$3<>Dataset!$B$9:$N$9)) -> 4 | I31: =SUMPRODUCT((1-Dataset!$B$13:$N$13)*(Dataset!$B$3:$N$3<>Dataset!$B$10:$N$10)) -> 2 | J31: =SUMPRODUCT((1-Dataset!$B$13:$N$13)*(Dataset!$B$3:$N$3<>Dataset!$B$11:$N$11)) -> 1 | K31: =SUMPRODUCT((1-Dataset!$B$13:$N$13)*(Dataset!$B$3:$N$3<>Dataset!$B$12:$N$12)) -> 2
A32: S₂ | B32: =SUMPRODUCT((1-Dataset!$B$13:$N$13)*(Dataset!$B$4:$N$4<>Dataset!$B$3:$N$3)) -> 3 | C32: =SUMPRODUCT((1-Dataset!$B$13:$N$13)*(Dataset!$B$4:$N$4<>Dataset!$B$4:$N$4)) -> 0 | D32: =SUMPRODUCT((1-Dataset!$B$13:$N$13)*(Dataset!$B$4:$N$4<>Dataset!$B$5:$N$5)) -> 4 | E32: =SUMPRODUCT((1-Dataset!$B$13:$N$13)*(Dataset!$B$4:$N$4<>Dataset!$B$6:$N$6)) -> 4 | F32: =SUMPRODUCT((1-Dataset!$B$13:$N$13)*(Dataset!$B$4:$N$4<>Dataset!$B$7:$N$7)) -> 4 | G32: =SUMPRODUCT((1-Dataset!$B$13:$N$13)*(Dataset!$B$4:$N$4<>Dataset!$B$8:$N$8)) -> 4 | H32: =SUMPRODUCT((1-Dataset!$B$13:$N$13)*(Dataset!$B$4:$N$4<>Dataset!$B$9:$N$9)) -> 4 | I32: =SUMPRODUCT((1-Dataset!$B$13:$N$13)*(Dataset!$B$4:$N$4<>Dataset!$B$10:$N$10)) -> 3 | J32: =SUMPRODUCT((1-Dataset!$B$13:$N$13)*(Dataset!$B$4:$N$4<>Dataset!$B$11:$N$11)) -> 2 | K32: =SUMPRODUCT((1-Dataset!$B$13:$N$13)*(Dataset!$B$4:$N$4<>Dataset!$B$12:$N$12)) -> 1
A33: S₃ | B33: =SUMPRODUCT((1-Dataset!$B$13:$N$13)*(Dataset!$B$5:$N$5<>Dataset!$B$3:$N$3)) -> 4 | C33: =SUMPRODUCT((1-Dataset!$B$13:$N$13)*(Dataset!$B$5:$N$5<>Dataset!$B$4:$N$4)) -> 4 | D33: =SUMPRODUCT((1-Dataset!$B$13:$N$13)*(Dataset!$B$5:$N$5<>Dataset!$B$5:$N$5)) -> 0 | E33: =SUMPRODUCT((1-Dataset!$B$13:$N$13)*(Dataset!$B$5:$N$5<>Dataset!$B$6:$N$6)) -> 3 | F33: =SUMPRODUCT((1-Dataset!$B$13:$N$13)*(Dataset!$B$5:$N$5<>Dataset!$B$7:$N$7)) -> 4 | G33: =SUMPRODUCT((1-Dataset!$B$13:$N$13)*(Dataset!$B$5:$N$5<>Dataset!$B$8:$N$8)) -> 1 | H33: =SUMPRODUCT((1-Dataset!$B$13:$N$13)*(Dataset!$B$5:$N$5<>Dataset!$B$9:$N$9)) -> 6 | I33: =SUMPRODUCT((1-Dataset!$B$13:$N$13)*(Dataset!$B$5:$N$5<>Dataset!$B$10:$N$10)) -> 4 | J33: =SUMPRODUCT((1-Dataset!$B$13:$N$13)*(Dataset!$B$5:$N$5<>Dataset!$B$11:$N$11)) -> 3 | K33: =SUMPRODUCT((1-Dataset!$B$13:$N$13)*(Dataset!$B$5:$N$5<>Dataset!$B$12:$N$12)) -> 4
A34: S₄ | B34: =SUMPRODUCT((1-Dataset!$B$13:$N$13)*(Dataset!$B$6:$N$6<>Dataset!$B$3:$N$3)) -> 3 | C34: =SUMPRODUCT((1-Dataset!$B$13:$N$13)*(Dataset!$B$6:$N$6<>Dataset!$B$4:$N$4)) -> 4 | D34: =SUMPRODUCT((1-Dataset!$B$13:$N$13)*(Dataset!$B$6:$N$6<>Dataset!$B$5:$N$5)) -> 3 | E34: =SUMPRODUCT((1-Dataset!$B$13:$N$13)*(Dataset!$B$6:$N$6<>Dataset!$B$6:$N$6)) -> 0 | F34: =SUMPRODUCT((1-Dataset!$B$13:$N$13)*(Dataset!$B$6:$N$6<>Dataset!$B$7:$N$7)) -> 5 | G34: =SUMPRODUCT((1-Dataset!$B$13:$N$13)*(Dataset!$B$6:$N$6<>Dataset!$B$8:$N$8)) -> 2 | H34: =SUMPRODUCT((1-Dataset!$B$13:$N$13)*(Dataset!$B$6:$N$6<>Dataset!$B$9:$N$9)) -> 4 | I34: =SUMPRODUCT((1-Dataset!$B$13:$N$13)*(Dataset!$B$6:$N$6<>Dataset!$B$10:$N$10)) -> 1 | J34: =SUMPRODUCT((1-Dataset!$B$13:$N$13)*(Dataset!$B$6:$N$6<>Dataset!$B$11:$N$11)) -> 2 | K34: =SUMPRODUCT((1-Dataset!$B$13:$N$13)*(Dataset!$B$6:$N$6<>Dataset!$B$12:$N$12)) -> 3
A35: S₅ | B35: =SUMPRODUCT((1-Dataset!$B$13:$N$13)*(Dataset!$B$7:$N$7<>Dataset!$B$3:$N$3)) -> 4 | C35: =SUMPRODUCT((1-Dataset!$B$13:$N$13)*(Dataset!$B$7:$N$7<>Dataset!$B$4:$N$4)) -> 4 | D35: =SUMPRODUCT((1-Dataset!$B$13:$N$13)*(Dataset!$B$7:$N$7<>Dataset!$B$5:$N$5)) -> 4 | E35: =SUMPRODUCT((1-Dataset!$B$13:$N$13)*(Dataset!$B$7:$N$7<>Dataset!$B$6:$N$6)) -> 5 | F35: =SUMPRODUCT((1-Dataset!$B$13:$N$13)*(Dataset!$B$7:$N$7<>Dataset!$B$7:$N$7)) -> 0 | G35: =SUMPRODUCT((1-Dataset!$B$13:$N$13)*(Dataset!$B$7:$N$7<>Dataset!$B$8:$N$8)) -> 5 | H35: =SUMPRODUCT((1-Dataset!$B$13:$N$13)*(Dataset!$B$7:$N$7<>Dataset!$B$9:$N$9)) -> 5 | I35: =SUMPRODUCT((1-Dataset!$B$13:$N$13)*(Dataset!$B$7:$N$7<>Dataset!$B$10:$N$10)) -> 4 | J35: =SUMPRODUCT((1-Dataset!$B$13:$N$13)*(Dataset!$B$7:$N$7<>Dataset!$B$11:$N$11)) -> 5 | K35: =SUMPRODUCT((1-Dataset!$B$13:$N$13)*(Dataset!$B$7:$N$7<>Dataset!$B$12:$N$12)) -> 4
A36: S₆ | B36: =SUMPRODUCT((1-Dataset!$B$13:$N$13)*(Dataset!$B$8:$N$8<>Dataset!$B$3:$N$3)) -> 3 | C36: =SUMPRODUCT((1-Dataset!$B$13:$N$13)*(Dataset!$B$8:$N$8<>Dataset!$B$4:$N$4)) -> 4 | D36: =SUMPRODUCT((1-Dataset!$B$13:$N$13)*(Dataset!$B$8:$N$8<>Dataset!$B$5:$N$5)) -> 1 | E36: =SUMPRODUCT((1-Dataset!$B$13:$N$13)*(Dataset!$B$8:$N$8<>Dataset!$B$6:$N$6)) -> 2 | F36: =SUMPRODUCT((1-Dataset!$B$13:$N$13)*(Dataset!$B$8:$N$8<>Dataset!$B$7:$N$7)) -> 5 | G36: =SUMPRODUCT((1-Dataset!$B$13:$N$13)*(Dataset!$B$8:$N$8<>Dataset!$B$8:$N$8)) -> 0 | H36: =SUMPRODUCT((1-Dataset!$B$13:$N$13)*(Dataset!$B$8:$N$8<>Dataset!$B$9:$N$9)) -> 6 | I36: =SUMPRODUCT((1-Dataset!$B$13:$N$13)*(Dataset!$B$8:$N$8<>Dataset!$B$10:$N$10)) -> 3 | J36: =SUMPRODUCT((1-Dataset!$B$13:$N$13)*(Dataset!$B$8:$N$8<>Dataset!$B$11:$N$11)) -> 2 | K36: =SUMPRODUCT((1-Dataset!$B$13:$N$13)*(Dataset!$B$8:$N$8<>Dataset!$B$12:$N$12)) -> 3
A37: S₇ | B37: =SUMPRODUCT((1-Dataset!$B$13:$N$13)*(Dataset!$B$9:$N$9<>Dataset!$B$3:$N$3)) -> 4 | C37: =SUMPRODUCT((1-Dataset!$B$13:$N$13)*(Dataset!$B$9:$N$9<>Dataset!$B$4:$N$4)) -> 4 | D37: =SUMPRODUCT((1-Dataset!$B$13:$N$13)*(Dataset!$B$9:$N$9<>Dataset!$B$5:$N$5)) -> 6 | E37: =SUMPRODUCT((1-Dataset!$B$13:$N$13)*(Dataset!$B$9:$N$9<>Dataset!$B$6:$N$6)) -> 4 | F37: =SUMPRODUCT((1-Dataset!$B$13:$N$13)*(Dataset!$B$9:$N$9<>Dataset!$B$7:$N$7)) -> 5 | G37: =SUMPRODUCT((1-Dataset!$B$13:$N$13)*(Dataset!$B$9:$N$9<>Dataset!$B$8:$N$8)) -> 6 | H37: =SUMPRODUCT((1-Dataset!$B$13:$N$13)*(Dataset!$B$9:$N$9<>Dataset!$B$9:$N$9)) -> 0 | I37: =SUMPRODUCT((1-Dataset!$B$13:$N$13)*(Dataset!$B$9:$N$9<>Dataset!$B$10:$N$10)) -> 3 | J37: =SUMPRODUCT((1-Dataset!$B$13:$N$13)*(Dataset!$B$9:$N$9<>Dataset!$B$11:$N$11)) -> 4 | K37: =SUMPRODUCT((1-Dataset!$B$13:$N$13)*(Dataset!$B$9:$N$9<>Dataset!$B$12:$N$12)) -> 5
A38: S₈ | B38: =SUMPRODUCT((1-Dataset!$B$13:$N$13)*(Dataset!$B$10:$N$10<>Dataset!$B$3:$N$3)) -> 2 | C38: =SUMPRODUCT((1-Dataset!$B$13:$N$13)*(Dataset!$B$10:$N$10<>Dataset!$B$4:$N$4)) -> 3 | D38: =SUMPRODUCT((1-Dataset!$B$13:$N$13)*(Dataset!$B$10:$N$10<>Dataset!$B$5:$N$5)) -> 4 | E38: =SUMPRODUCT((1-Dataset!$B$13:$N$13)*(Dataset!$B$10:$N$10<>Dataset!$B$6:$N$6)) -> 1 | F38: =SUMPRODUCT((1-Dataset!$B$13:$N$13)*(Dataset!$B$10:$N$10<>Dataset!$B$7:$N$7)) -> 4 | G38: =SUMPRODUCT((1-Dataset!$B$13:$N$13)*(Dataset!$B$10:$N$10<>Dataset!$B$8:$N$8)) -> 3 | H38: =SUMPRODUCT((1-Dataset!$B$13:$N$13)*(Dataset!$B$10:$N$10<>Dataset!$B$9:$N$9)) -> 3 | I38: =SUMPRODUCT((1-Dataset!$B$13:$N$13)*(Dataset!$B$10:$N$10<>Dataset!$B$10:$N$10)) -> 0 | J38: =SUMPRODUCT((1-Dataset!$B$13:$N$13)*(Dataset!$B$10:$N$10<>Dataset!$B$11:$N$11)) -> 1 | K38: =SUMPRODUCT((1-Dataset!$B$13:$N$13)*(Dataset!$B$10:$N$10<>Dataset!$B$12:$N$12)) -> 2
A39: S₉ | B39: =SUMPRODUCT((1-Dataset!$B$13:$N$13)*(Dataset!$B$11:$N$11<>Dataset!$B$3:$N$3)) -> 1 | C39: =SUMPRODUCT((1-Dataset!$B$13:$N$13)*(Dataset!$B$11:$N$11<>Dataset!$B$4:$N$4)) -> 2 | D39: =SUMPRODUCT((1-Dataset!$B$13:$N$13)*(Dataset!$B$11:$N$11<>Dataset!$B$5:$N$5)) -> 3 | E39: =SUMPRODUCT((1-Dataset!$B$13:$N$13)*(Dataset!$B$11:$N$11<>Dataset!$B$6:$N$6)) -> 2 | F39: =SUMPRODUCT((1-Dataset!$B$13:$N$13)*(Dataset!$B$11:$N$11<>Dataset!$B$7:$N$7)) -> 5 | G39: =SUMPRODUCT((1-Dataset!$B$13:$N$13)*(Dataset!$B$11:$N$11<>Dataset!$B$8:$N$8)) -> 2 | H39: =SUMPRODUCT((1-Dataset!$B$13:$N$13)*(Dataset!$B$11:$N$11<>Dataset!$B$9:$N$9)) -> 4 | I39: =SUMPRODUCT((1-Dataset!$B$13:$N$13)*(Dataset!$B$11:$N$11<>Dataset!$B$10:$N$10)) -> 1 | J39: =SUMPRODUCT((1-Dataset!$B$13:$N$13)*(Dataset!$B$11:$N$11<>Dataset!$B$11:$N$11)) -> 0 | K39: =SUMPRODUCT((1-Dataset!$B$13:$N$13)*(Dataset!$B$11:$N$11<>Dataset!$B$12:$N$12)) -> 1
A40: S₁₀ | B40: =SUMPRODUCT((1-Dataset!$B$13:$N$13)*(Dataset!$B$12:$N$12<>Dataset!$B$3:$N$3)) -> 2 | C40: =SUMPRODUCT((1-Dataset!$B$13:$N$13)*(Dataset!$B$12:$N$12<>Dataset!$B$4:$N$4)) -> 1 | D40: =SUMPRODUCT((1-Dataset!$B$13:$N$13)*(Dataset!$B$12:$N$12<>Dataset!$B$5:$N$5)) -> 4 | E40: =SUMPRODUCT((1-Dataset!$B$13:$N$13)*(Dataset!$B$12:$N$12<>Dataset!$B$6:$N$6)) -> 3 | F40: =SUMPRODUCT((1-Dataset!$B$13:$N$13)*(Dataset!$B$12:$N$12<>Dataset!$B$7:$N$7)) -> 4 | G40: =SUMPRODUCT((1-Dataset!$B$13:$N$13)*(Dataset!$B$12:$N$12<>Dataset!$B$8:$N$8)) -> 3 | H40: =SUMPRODUCT((1-Dataset!$B$13:$N$13)*(Dataset!$B$12:$N$12<>Dataset!$B$9:$N$9)) -> 5 | I40: =SUMPRODUCT((1-Dataset!$B$13:$N$13)*(Dataset!$B$12:$N$12<>Dataset!$B$10:$N$10)) -> 2 | J40: =SUMPRODUCT((1-Dataset!$B$13:$N$13)*(Dataset!$B$12:$N$12<>Dataset!$B$11:$N$11)) -> 1 | K40: =SUMPRODUCT((1-Dataset!$B$13:$N$13)*(Dataset!$B$12:$N$12<>Dataset!$B$12:$N$12)) -> 0
A42: Each row lists the distances from the target object Sᵢ to S₁ … S₁₀ in their original order (image 1: S₁ → S₂, S₃, …, S₁₀).
A43: The three blocks are the three base operators of the ensemble: the same Zhuravlev metric on all features, on the quantitative features only and on the nominal features only.
A44: Distances are rounded to 10 decimals so that mathematically equal distances tie exactly. The diagonal (grey) is never used as a neighbour.

Sheet Sorted Neighbors (ρ)
A1: Step 3 · Operator ρ — neighbours of every object sorted by ascending ρ, original index and class kept
A3: Rank of Sⱼ in the neighbour list of Sᵢ under ρ (self excluded; equal distances → smaller original index first)
A4: Sᵢ \ Sⱼ | B4: S₁ | C4: S₂ | D4: S₃ | E4: S₄ | F4: S₅ | G4: S₆ | H4: S₇ | I4: S₈ | J4: S₉ | K4: S₁₀
A5: S₁ | B5: — | C5: =1+SUMPRODUCT(('Zhuravlev Distances'!$B$5:$K$5<'Zhuravlev Distances'!C$5)*(COLUMN('Zhuravlev Distances'!$B$5:$K$5)<>COLUMN('Zhuravlev Distances'!B$5)))+SUMPRODUCT(('Zhuravlev Distances'!$B$5:$K$5='Zhuravlev Distances'!C$5)*(COLUMN('Zhuravlev Distances'!$B$5:$K$5)<COLUMN('Zhuravlev Distances'!C$5))*(COLUMN('Zhuravlev Distances'!$B$5:$K$5)<>COLUMN('Zhuravlev Distances'!B$5))) -> 7 | D5: =1+SUMPRODUCT(('Zhuravlev Distances'!$B$5:$K$5<'Zhuravlev Distances'!D$5)*(COLUMN('Zhuravlev Distances'!$B$5:$K$5)<>COLUMN('Zhuravlev Distances'!B$5)))+SUMPRODUCT(('Zhuravlev Distances'!$B$5:$K$5='Zhuravlev Distances'!D$5)*(COLUMN('Zhuravlev Distances'!$B$5:$K$5)<COLUMN('Zhuravlev Distances'!D$5))*(COLUMN('Zhuravlev Distances'!$B$5:$K$5)<>COLUMN('Zhuravlev Distances'!B$5))) -> 9 | E5: =1+SUMPRODUCT(('Zhuravlev Distances'!$B$5:$K$5<'Zhuravlev Distances'!E$5)*(COLUMN('Zhuravlev Distances'!$B$5:$K$5)<>COLUMN('Zhuravlev Distances'!B$5)))+SUMPRODUCT(('Zhuravlev Distances'!$B$5:$K$5='Zhuravlev Distances'!E$5)*(COLUMN('Zhuravlev Distances'!$B$5:$K$5)<COLUMN('Zhuravlev Distances'!E$5))*(COLUMN('Zhuravlev Distances'!$B$5:$K$5)<>COLUMN('Zhuravlev Distances'!B$5))) -> 4 | F5: =1+SUMPRODUCT(('Zhuravlev Distances'!$B$5:$K$5<'Zhuravlev Distances'!F$5)*(COLUMN('Zhuravlev Distances'!$B$5:$K$5)<>COLUMN('Zhuravlev Distances'!B$5)))+SUMPRODUCT(('Zhuravlev Distances'!$B$5:$K$5='Zhuravlev Distances'!F$5)*(COLUMN('Zhuravlev Distances'!$B$5:$K$5)<COLUMN('Zhuravlev Distances'!F$5))*(COLUMN('Zhuravlev Distances'!$B$5:$K$5)<>COLUMN('Zhuravlev Distances'!B$5))) -> 6 | G5: =1+SUMPRODUCT(('Zhuravlev Distances'!$B$5:$K$5<'Zhuravlev Distances'!G$5)*(COLUMN('Zhuravlev Distances'!$B$5:$K$5)<>COLUMN('Zhuravlev Distances'!B$5)))+SUMPRODUCT(('Zhuravlev Distances'!$B$5:$K$5='Zhuravlev Distances'!G$5)*(COLUMN('Zhuravlev Distances'!$B$5:$K$5)<COLUMN('Zhuravlev Distances'!G$5))*(COLUMN('Zhuravlev Distances'!$B$5:$K$5)<>COLUMN('Zhuravlev Distances'!B$5))) -> 5 | H5: =1+SUMPRODUCT(('Zhuravlev Distances'!$B$5:$K$5<'Zhuravlev Distances'!H$5)*(COLUMN('Zhuravlev Distances'!$B$5:$K$5)<>COLUMN('Zhuravlev Distances'!B$5)))+SUMPRODUCT(('Zhuravlev Distances'!$B$5:$K$5='Zhuravlev Distances'!H$5)*(COLUMN('Zhuravlev Distances'!$B$5:$K$5)<COLUMN('Zhuravlev Distances'!H$5))*(COLUMN('Zhuravlev Distances'!$B$5:$K$5)<>COLUMN('Zhuravlev Distances'!B$5))) -> 8 | I5: =1+SUMPRODUCT(('Zhuravlev Distances'!$B$5:$K$5<'Zhuravlev Distances'!I$5)*(COLUMN('Zhuravlev Distances'!$B$5:$K$5)<>COLUMN('Zhuravlev Distances'!B$5)))+SUMPRODUCT(('Zhuravlev Distances'!$B$5:$K$5='Zhuravlev Distances'!I$5)*(COLUMN('Zhuravlev Distances'!$B$5:$K$5)<COLUMN('Zhuravlev Distances'!I$5))*(COLUMN('Zhuravlev Distances'!$B$5:$K$5)<>COLUMN('Zhuravlev Distances'!B$5))) -> 3 | J5: =1+SUMPRODUCT(('Zhuravlev Distances'!$B$5:$K$5<'Zhuravlev Distances'!J$5)*(COLUMN('Zhuravlev Distances'!$B$5:$K$5)<>COLUMN('Zhuravlev Distances'!B$5)))+SUMPRODUCT(('Zhuravlev Distances'!$B$5:$K$5='Zhuravlev Distances'!J$5)*(COLUMN('Zhuravlev Distances'!$B$5:$K$5)<COLUMN('Zhuravlev Distances'!J$5))*(COLUMN('Zhuravlev Distances'!$B$5:$K$5)<>COLUMN('Zhuravlev Distances'!B$5))) -> 1 | K5: =1+SUMPRODUCT(('Zhuravlev Distances'!$B$5:$K$5<'Zhuravlev Distances'!K$5)*(COLUMN('Zhuravlev Distances'!$B$5:$K$5)<>COLUMN('Zhuravlev Distances'!B$5)))+SUMPRODUCT(('Zhuravlev Distances'!$B$5:$K$5='Zhuravlev Distances'!K$5)*(COLUMN('Zhuravlev Distances'!$B$5:$K$5)<COLUMN('Zhuravlev Distances'!K$5))*(COLUMN('Zhuravlev Distances'!$B$5:$K$5)<>COLUMN('Zhuravlev Distances'!B$5))) -> 2
A6: S₂ | B6: =1+SUMPRODUCT(('Zhuravlev Distances'!$B$6:$K$6<'Zhuravlev Distances'!B$6)*(COLUMN('Zhuravlev Distances'!$B$6:$K$6)<>COLUMN('Zhuravlev Distances'!C$6)))+SUMPRODUCT(('Zhuravlev Distances'!$B$6:$K$6='Zhuravlev Distances'!B$6)*(COLUMN('Zhuravlev Distances'!$B$6:$K$6)<COLUMN('Zhuravlev Distances'!B$6))*(COLUMN('Zhuravlev Distances'!$B$6:$K$6)<>COLUMN('Zhuravlev Distances'!C$6))) -> 5 | C6: — | D6: =1+SUMPRODUCT(('Zhuravlev Distances'!$B$6:$K$6<'Zhuravlev Distances'!D$6)*(COLUMN('Zhuravlev Distances'!$B$6:$K$6)<>COLUMN('Zhuravlev Distances'!C$6)))+SUMPRODUCT(('Zhuravlev Distances'!$B$6:$K$6='Zhuravlev Distances'!D$6)*(COLUMN('Zhuravlev Distances'!$B$6:$K$6)<COLUMN('Zhuravlev Distances'!D$6))*(COLUMN('Zhuravlev Distances'!$B$6:$K$6)<>COLUMN('Zhuravlev Distances'!C$6))) -> 6 | E6: =1+SUMPRODUCT(('Zhuravlev Distances'!$B$6:$K$6<'Zhuravlev Distances'!E$6)*(COLUMN('Zhuravlev Distances'!$B$6:$K$6)<>COLUMN('Zhuravlev Distances'!C$6)))+SUMPRODUCT(('Zhuravlev Distances'!$B$6:$K$6='Zhuravlev Distances'!E$6)*(COLUMN('Zhuravlev Distances'!$B$6:$K$6)<COLUMN('Zhuravlev Distances'!E$6))*(COLUMN('Zhuravlev Distances'!$B$6:$K$6)<>COLUMN('Zhuravlev Distances'!C$6))) -> 9 | F6: =1+SUMPRODUCT(('Zhuravlev Distances'!$B$6:$K$6<'Zhuravlev Distances'!F$6)*(COLUMN('Zhuravlev Distances'!$B$6:$K$6)<>COLUMN('Zhuravlev Distances'!C$6)))+SUMPRODUCT(('Zhuravlev Distances'!$B$6:$K$6='Zhuravlev Distances'!F$6)*(COLUMN('Zhuravlev Distances'!$B$6:$K$6)<COLUMN('Zhuravlev Distances'!F$6))*(COLUMN('Zhuravlev Distances'!$B$6:$K$6)<>COLUMN('Zhuravlev Distances'!C$6))) -> 7 | G6: =1+SUMPRODUCT(('Zhuravlev Distances'!$B$6:$K$6<'Zhuravlev Distances'!G$6)*(COLUMN('Zhuravlev Distances'!$B$6:$K$6)<>COLUMN('Zhuravlev Distances'!C$6)))+SUMPRODUCT(('Zhuravlev Distances'!$B$6:$K$6='Zhuravlev Distances'!G$6)*(COLUMN('Zhuravlev Distances'!$B$6:$K$6)<COLUMN('Zhuravlev Distances'!G$6))*(COLUMN('Zhuravlev Distances'!$B$6:$K$6)<>COLUMN('Zhuravlev Distances'!C$6))) -> 4 | H6: =1+SUMPRODUCT(('Zhuravlev Distances'!$B$6:$K$6<'Zhuravlev Distances'!H$6)*(COLUMN('Zhuravlev Distances'!$B$6:$K$6)<>COLUMN('Zhuravlev Distances'!C$6)))+SUMPRODUCT(('Zhuravlev Distances'!$B$6:$K$6='Zhuravlev Distances'!H$6)*(COLUMN('Zhuravlev Distances'!$B$6:$K$6)<COLUMN('Zhuravlev Distances'!H$6))*(COLUMN('Zhuravlev Distances'!$B$6:$K$6)<>COLUMN('Zhuravlev Distances'!C$6))) -> 8 | I6: =1+SUMPRODUCT(('Zhuravlev Distances'!$B$6:$K$6<'Zhuravlev Distances'!I$6)*(COLUMN('Zhuravlev Distances'!$B$6:$K$6)<>COLUMN('Zhuravlev Distances'!C$6)))+SUMPRODUCT(('Zhuravlev Distances'!$B$6:$K$6='Zhuravlev Distances'!I$6)*(COLUMN('Zhuravlev Distances'!$B$6:$K$6)<COLUMN('Zhuravlev Distances'!I$6))*(COLUMN('Zhuravlev Distances'!$B$6:$K$6)<>COLUMN('Zhuravlev Distances'!C$6))) -> 3 | J6: =1+SUMPRODUCT(('Zhuravlev Distances'!$B$6:$K$6<'Zhuravlev Distances'!J$6)*(COLUMN('Zhuravlev Distances'!$B$6:$K$6)<>COLUMN('Zhuravlev Distances'!C$6)))+SUMPRODUCT(('Zhuravlev Distances'!$B$6:$K$6='Zhuravlev Distances'!J$6)*(COLUMN('Zhuravlev Distances'!$B$6:$K$6)<COLUMN('Zhuravlev Distances'!J$6))*(COLUMN('Zhuravlev Distances'!$B$6:$K$6)<>COLUMN('Zhuravlev Distances'!C$6))) -> 2 | K6: =1+SUMPRODUCT(('Zhuravlev Distances'!$B$6:$K$6<'Zhuravlev Distances'!K$6)*(COLUMN('Zhuravlev Distances'!$B$6:$K$6)<>COLUMN('Zhuravlev Distances'!C$6)))+SUMPRODUCT(('Zhuravlev Distances'!$B$6:$K$6='Zhuravlev Distances'!K$6)*(COLUMN('Zhuravlev Distances'!$B$6:$K$6)<COLUMN('Zhuravlev Distances'!K$6))*(COLUMN('Zhuravlev Distances'!$B$6:$K$6)<>COLUMN('Zhuravlev Distances'!C$6))) -> 1
A7: S₃ | B7: =1+SUMPRODUCT(('Zhuravlev Distances'!$B$7:$K$7<'Zhuravlev Distances'!B$7)*(COLUMN('Zhuravlev Distances'!$B$7:$K$7)<>COLUMN('Zhuravlev Distances'!D$7)))+SUMPRODUCT(('Zhuravlev Distances'!$B$7:$K$7='Zhuravlev Distances'!B$7)*(COLUMN('Zhuravlev Distances'!$B$7:$K$7)<COLUMN('Zhuravlev Distances'!B$7))*(COLUMN('Zhuravlev Distances'!$B$7:$K$7)<>COLUMN('Zhuravlev Distances'!D$7))) -> 8 | C7: =1+SUMPRODUCT(('Zhuravlev Distances'!$B$7:$K$7<'Zhuravlev Distances'!C$7)*(COLUMN('Zhuravlev Distances'!$B$7:$K$7)<>COLUMN('Zhuravlev Distances'!D$7)))+SUMPRODUCT(('Zhuravlev Distances'!$B$7:$K$7='Zhuravlev Distances'!C$7)*(COLUMN('Zhuravlev Distances'!$B$7:$K$7)<COLUMN('Zhuravlev Distances'!C$7))*(COLUMN('Zhuravlev Distances'!$B$7:$K$7)<>COLUMN('Zhuravlev Distances'!D$7))) -> 6 | D7: — | E7: =1+SUMPRODUCT(('Zhuravlev Distances'!$B$7:$K$7<'Zhuravlev Distances'!E$7)*(COLUMN('Zhuravlev Distances'!$B$7:$K$7)<>COLUMN('Zhuravlev Distances'!D$7)))+SUMPRODUCT(('Zhuravlev Distances'!$B$7:$K$7='Zhuravlev Distances'!E$7)*(COLUMN('Zhuravlev Distances'!$B$7:$K$7)<COLUMN('Zhuravlev Distances'!E$7))*(COLUMN('Zhuravlev Distances'!$B$7:$K$7)<>COLUMN('Zhuravlev Distances'!D$7))) -> 2 | F7: =1+SUMPRODUCT(('Zhuravlev Distances'!$B$7:$K$7<'Zhuravlev Distances'!F$7)*(COLUMN('Zhuravlev Distances'!$B$7:$K$7)<>COLUMN('Zhuravlev Distances'!D$7)))+SUMPRODUCT(('Zhuravlev Distances'!$B$7:$K$7='Zhuravlev Distances'!F$7)*(COLUMN('Zhuravlev Distances'!$B$7:$K$7)<COLUMN('Zhuravlev Distances'!F$7))*(COLUMN('Zhuravlev Distances'!$B$7:$K$7)<>COLUMN('Zhuravlev Distances'!D$7))) -> 5 | G7: =1+SUMPRODUCT(('Zhuravlev Distances'!$B$7:$K$7<'Zhuravlev Distances'!G$7)*(COLUMN('Zhuravlev Distances'!$B$7:$K$7)<>COLUMN('Zhuravlev Distances'!D$7)))+SUMPRODUCT(('Zhuravlev Distances'!$B$7:$K$7='Zhuravlev Distances'!G$7)*(COLUMN('Zhuravlev Distances'!$B$7:$K$7)<COLUMN('Zhuravlev Distances'!G$7))*(COLUMN('Zhuravlev Distances'!$B$7:$K$7)<>COLUMN('Zhuravlev Distances'!D$7))) -> 1 | H7: =1+SUMPRODUCT(('Zhuravlev Distances'!$B$7:$K$7<'Zhuravlev Distances'!H$7)*(COLUMN('Zhuravlev Distances'!$B$7:$K$7)<>COLUMN('Zhuravlev Distances'!D$7)))+SUMPRODUCT(('Zhuravlev Distances'!$B$7:$K$7='Zhuravlev Distances'!H$7)*(COLUMN('Zhuravlev Distances'!$B$7:$K$7)<COLUMN('Zhuravlev Distances'!H$7))*(COLUMN('Zhuravlev Distances'!$B$7:$K$7)<>COLUMN('Zhuravlev Distances'!D$7))) -> 7 | I7: =1+SUMPRODUCT(('Zhuravlev Distances'!$B$7:$K$7<'Zhuravlev Distances'!I$7)*(COLUMN('Zhuravlev Distances'!$B$7:$K$7)<>COLUMN('Zhuravlev Distances'!D$7)))+SUMPRODUCT(('Zhuravlev Distances'!$B$7:$K$7='Zhuravlev Distances'!I$7)*(COLUMN('Zhuravlev Distances'!$B$7:$K$7)<COLUMN('Zhuravlev Distances'!I$7))*(COLUMN('Zhuravlev Distances'!$B$7:$K$7)<>COLUMN('Zhuravlev Distances'!D$7))) -> 4 | J7: =1+SUMPRODUCT(('Zhuravlev Distances'!$B$7:$K$7<'Zhuravlev Distances'!J$7)*(COLUMN('Zhuravlev Distances'!$B$7:$K$7)<>COLUMN('Zhuravlev Distances'!D$7)))+SUMPRODUCT(('Zhuravlev Distances'!$B$7:$K$7='Zhuravlev Distances'!J$7)*(COLUMN('Zhuravlev Distances'!$B$7:$K$7)<COLUMN('Zhuravlev Distances'!J$7))*(COLUMN('Zhuravlev Distances'!$B$7:$K$7)<>COLUMN('Zhuravlev Distances'!D$7))) -> 3 | K7: =1+SUMPRODUCT(('Zhuravlev Distances'!$B$7:$K$7<'Zhuravlev Distances'!K$7)*(COLUMN('Zhuravlev Distances'!$B$7:$K$7)<>COLUMN('Zhuravlev Distances'!D$7)))+SUMPRODUCT(('Zhuravlev Distances'!$B$7:$K$7='Zhuravlev Distances'!K$7)*(COLUMN('Zhuravlev Distances'!$B$7:$K$7)<COLUMN('Zhuravlev Distances'!K$7))*(COLUMN('Zhuravlev Distances'!$B$7:$K$7)<>COLUMN('Zhuravlev Distances'!D$7))) -> 9
A8: S₄ | B8: =1+SUMPRODUCT(('Zhuravlev Distances'!$B$8:$K$8<'Zhuravlev Distances'!B$8)*(COLUMN('Zhuravlev Distances'!$B$8:$K$8)<>COLUMN('Zhuravlev Distances'!E$8)))+SUMPRODUCT(('Zhuravlev Distances'!$B$8:$K$8='Zhuravlev Distances'!B$8)*(COLUMN('Zhuravlev Distances'!$B$8:$K$8)<COLUMN('Zhuravlev Distances'!B$8))*(COLUMN('Zhuravlev Distances'!$B$8:$K$8)<>COLUMN('Zhuravlev Distances'!E$8))) -> 5 | C8: =1+SUMPRODUCT(('Zhuravlev Distances'!$B$8:$K$8<'Zhuravlev Distances'!C$8)*(COLUMN('Zhuravlev Distances'!$B$8:$K$8)<>COLUMN('Zhuravlev Distances'!E$8)))+SUMPRODUCT(('Zhuravlev Distances'!$B$8:$K$8='Zhuravlev Distances'!C$8)*(COLUMN('Zhuravlev Distances'!$B$8:$K$8)<COLUMN('Zhuravlev Distances'!C$8))*(COLUMN('Zhuravlev Distances'!$B$8:$K$8)<>COLUMN('Zhuravlev Distances'!E$8))) -> 9 | D8: =1+SUMPRODUCT(('Zhuravlev Distances'!$B$8:$K$8<'Zhuravlev Distances'!D$8)*(COLUMN('Zhuravlev Distances'!$B$8:$K$8)<>COLUMN('Zhuravlev Distances'!E$8)))+SUMPRODUCT(('Zhuravlev Distances'!$B$8:$K$8='Zhuravlev Distances'!D$8)*(COLUMN('Zhuravlev Distances'!$B$8:$K$8)<COLUMN('Zhuravlev Distances'!D$8))*(COLUMN('Zhuravlev Distances'!$B$8:$K$8)<>COLUMN('Zhuravlev Distances'!E$8))) -> 4 | E8: — | F8: =1+SUMPRODUCT(('Zhuravlev Distances'!$B$8:$K$8<'Zhuravlev Distances'!F$8)*(COLUMN('Zhuravlev Distances'!$B$8:$K$8)<>COLUMN('Zhuravlev Distances'!E$8)))+SUMPRODUCT(('Zhuravlev Distances'!$B$8:$K$8='Zhuravlev Distances'!F$8)*(COLUMN('Zhuravlev Distances'!$B$8:$K$8)<COLUMN('Zhuravlev Distances'!F$8))*(COLUMN('Zhuravlev Distances'!$B$8:$K$8)<>COLUMN('Zhuravlev Distances'!E$8))) -> 7 | G8: =1+SUMPRODUCT(('Zhuravlev Distances'!$B$8:$K$8<'Zhuravlev Distances'!G$8)*(COLUMN('Zhuravlev Distances'!$B$8:$K$8)<>COLUMN('Zhuravlev Distances'!E$8)))+SUMPRODUCT(('Zhuravlev Distances'!$B$8:$K$8='Zhuravlev Distances'!G$8)*(COLUMN('Zhuravlev Distances'!$B$8:$K$8)<COLUMN('Zhuravlev Distances'!G$8))*(COLUMN('Zhuravlev Distances'!$B$8:$K$8)<>COLUMN('Zhuravlev Distances'!E$8))) -> 2 | H8: =1+SUMPRODUCT(('Zhuravlev Distances'!$B$8:$K$8<'Zhuravlev Distances'!H$8)*(COLUMN('Zhuravlev Distances'!$B$8:$K$8)<>COLUMN('Zhuravlev Distances'!E$8)))+SUMPRODUCT(('Zhuravlev Distances'!$B$8:$K$8='Zhuravlev Distances'!H$8)*(COLUMN('Zhuravlev Distances'!$B$8:$K$8)<COLUMN('Zhuravlev Distances'!H$8))*(COLUMN('Zhuravlev Distances'!$B$8:$K$8)<>COLUMN('Zhuravlev Distances'!E$8))) -> 6 | I8: =1+SUMPRODUCT(('Zhuravlev Distances'!$B$8:$K$8<'Zhuravlev Distances'!I$8)*(COLUMN('Zhuravlev Distances'!$B$8:$K$8)<>COLUMN('Zhuravlev Distances'!E$8)))+SUMPRODUCT(('Zhuravlev Distances'!$B$8:$K$8='Zhuravlev Distances'!I$8)*(COLUMN('Zhuravlev Distances'!$B$8:$K$8)<COLUMN('Zhuravlev Distances'!I$8))*(COLUMN('Zhuravlev Distances'!$B$8:$K$8)<>COLUMN('Zhuravlev Distances'!E$8))) -> 1 | J8: =1+SUMPRODUCT(('Zhuravlev Distances'!$B$8:$K$8<'Zhuravlev Distances'!J$8)*(COLUMN('Zhuravlev Distances'!$B$8:$K$8)<>COLUMN('Zhuravlev Distances'!E$8)))+SUMPRODUCT(('Zhuravlev Distances'!$B$8:$K$8='Zhuravlev Distances'!J$8)*(COLUMN('Zhuravlev Distances'!$B$8:$K$8)<COLUMN('Zhuravlev Distances'!J$8))*(COLUMN('Zhuravlev Distances'!$B$8:$K$8)<>COLUMN('Zhuravlev Distances'!E$8))) -> 3 | K8: =1+SUMPRODUCT(('Zhuravlev Distances'!$B$8:$K$8<'Zhuravlev Distances'!K$8)*(COLUMN('Zhuravlev Distances'!$B$8:$K$8)<>COLUMN('Zhuravlev Distances'!E$8)))+SUMPRODUCT(('Zhuravlev Distances'!$B$8:$K$8='Zhuravlev Distances'!K$8)*(COLUMN('Zhuravlev Distances'!$B$8:$K$8)<COLUMN('Zhuravlev Distances'!K$8))*(COLUMN('Zhuravlev Distances'!$B$8:$K$8)<>COLUMN('Zhuravlev Distances'!E$8))) -> 8
A9: S₅ | B9: =1+SUMPRODUCT(('Zhuravlev Distances'!$B$9:$K$9<'Zhuravlev Distances'!B$9)*(COLUMN('Zhuravlev Distances'!$B$9:$K$9)<>COLUMN('Zhuravlev Distances'!F$9)))+SUMPRODUCT(('Zhuravlev Distances'!$B$9:$K$9='Zhuravlev Distances'!B$9)*(COLUMN('Zhuravlev Distances'!$B$9:$K$9)<COLUMN('Zhuravlev Distances'!B$9))*(COLUMN('Zhuravlev Distances'!$B$9:$K$9)<>COLUMN('Zhuravlev Distances'!F$9))) -> 4 | C9: =1+SUMPRODUCT(('Zhuravlev Distances'!$B$9:$K$9<'Zhuravlev Distances'!C$9)*(COLUMN('Zhuravlev Distances'!$B$9:$K$9)<>COLUMN('Zhuravlev Distances'!F$9)))+SUMPRODUCT(('Zhuravlev Distances'!$B$9:$K$9='Zhuravlev Distances'!C$9)*(COLUMN('Zhuravlev Distances'!$B$9:$K$9)<COLUMN('Zhuravlev Distances'!C$9))*(COLUMN('Zhuravlev Distances'!$B$9:$K$9)<>COLUMN('Zhuravlev Distances'!F$9))) -> 6 | D9: =1+SUMPRODUCT(('Zhuravlev Distances'!$B$9:$K$9<'Zhuravlev Distances'!D$9)*(COLUMN('Zhuravlev Distances'!$B$9:$K$9)<>COLUMN('Zhuravlev Distances'!F$9)))+SUMPRODUCT(('Zhuravlev Distances'!$B$9:$K$9='Zhuravlev Distances'!D$9)*(COLUMN('Zhuravlev Distances'!$B$9:$K$9)<COLUMN('Zhuravlev Distances'!D$9))*(COLUMN('Zhuravlev Distances'!$B$9:$K$9)<>COLUMN('Zhuravlev Distances'!F$9))) -> 1 | E9: =1+SUMPRODUCT(('Zhuravlev Distances'!$B$9:$K$9<'Zhuravlev Distances'!E$9)*(COLUMN('Zhuravlev Distances'!$B$9:$K$9)<>COLUMN('Zhuravlev Distances'!F$9)))+SUMPRODUCT(('Zhuravlev Distances'!$B$9:$K$9='Zhuravlev Distances'!E$9)*(COLUMN('Zhuravlev Distances'!$B$9:$K$9)<COLUMN('Zhuravlev Distances'!E$9))*(COLUMN('Zhuravlev Distances'!$B$9:$K$9)<>COLUMN('Zhuravlev Distances'!F$9))) -> 3 | F9: — | G9: =1+SUMPRODUCT(('Zhuravlev Distances'!$B$9:$K$9<'Zhuravlev Distances'!G$9)*(COLUMN('Zhuravlev Distances'!$B$9:$K$9)<>COLUMN('Zhuravlev Distances'!F$9)))+SUMPRODUCT(('Zhuravlev Distances'!$B$9:$K$9='Zhuravlev Distances'!G$9)*(COLUMN('Zhuravlev Distances'!$B$9:$K$9)<COLUMN('Zhuravlev Distances'!G$9))*(COLUMN('Zhuravlev Distances'!$B$9:$K$9)<>COLUMN('Zhuravlev Distances'!F$9))) -> 5 | H9: =1+SUMPRODUCT(('Zhuravlev Distances'!$B$9:$K$9<'Zhuravlev Distances'!H$9)*(COLUMN('Zhuravlev Distances'!$B$9:$K$9)<>COLUMN('Zhuravlev Distances'!F$9)))+SUMPRODUCT(('Zhuravlev Distances'!$B$9:$K$9='Zhuravlev Distances'!H$9)*(COLUMN('Zhuravlev Distances'!$B$9:$K$9)<COLUMN('Zhuravlev Distances'!H$9))*(COLUMN('Zhuravlev Distances'!$B$9:$K$9)<>COLUMN('Zhuravlev Distances'!F$9))) -> 7 | I9: =1+SUMPRODUCT(('Zhuravlev Distances'!$B$9:$K$9<'Zhuravlev Distances'!I$9)*(COLUMN('Zhuravlev Distances'!$B$9:$K$9)<>COLUMN('Zhuravlev Distances'!F$9)))+SUMPRODUCT(('Zhuravlev Distances'!$B$9:$K$9='Zhuravlev Distances'!I$9)*(COLUMN('Zhuravlev Distances'!$B$9:$K$9)<COLUMN('Zhuravlev Distances'!I$9))*(COLUMN('Zhuravlev Distances'!$B$9:$K$9)<>COLUMN('Zhuravlev Distances'!F$9))) -> 2 | J9: =1+SUMPRODUCT(('Zhuravlev Distances'!$B$9:$K$9<'Zhuravlev Distances'!J$9)*(COLUMN('Zhuravlev Distances'!$B$9:$K$9)<>COLUMN('Zhuravlev Distances'!F$9)))+SUMPRODUCT(('Zhuravlev Distances'!$B$9:$K$9='Zhuravlev Distances'!J$9)*(COLUMN('Zhuravlev Distances'!$B$9:$K$9)<COLUMN('Zhuravlev Distances'!J$9))*(COLUMN('Zhuravlev Distances'!$B$9:$K$9)<>COLUMN('Zhuravlev Distances'!F$9))) -> 8 | K9: =1+SUMPRODUCT(('Zhuravlev Distances'!$B$9:$K$9<'Zhuravlev Distances'!K$9)*(COLUMN('Zhuravlev Distances'!$B$9:$K$9)<>COLUMN('Zhuravlev Distances'!F$9)))+SUMPRODUCT(('Zhuravlev Distances'!$B$9:$K$9='Zhuravlev Distances'!K$9)*(COLUMN('Zhuravlev Distances'!$B$9:$K$9)<COLUMN('Zhuravlev Distances'!K$9))*(COLUMN('Zhuravlev Distances'!$B$9:$K$9)<>COLUMN('Zhuravlev Distances'!F$9))) -> 9
A10: S₆ | B10: =1+SUMPRODUCT(('Zhuravlev Distances'!$B$10:$K$10<'Zhuravlev Distances'!B$10)*(COLUMN('Zhuravlev Distances'!$B$10:$K$10)<>COLUMN('Zhuravlev Distances'!G$10)))+SUMPRODUCT(('Zhuravlev Distances'!$B$10:$K$10='Zhuravlev Distances'!B$10)*(COLUMN('Zhuravlev Distances'!$B$10:$K$10)<COLUMN('Zhuravlev Distances'!B$10))*(COLUMN('Zhuravlev Distances'!$B$10:$K$10)<>COLUMN('Zhuravlev Distances'!G$10))) -> 6 | C10: =1+SUMPRODUCT(('Zhuravlev Distances'!$B$10:$K$10<'Zhuravlev Distances'!C$10)*(COLUMN('Zhuravlev Distances'!$B$10:$K$10)<>COLUMN('Zhuravlev Distances'!G$10)))+SUMPRODUCT(('Zhuravlev Distances'!$B$10:$K$10='Zhuravlev Distances'!C$10)*(COLUMN('Zhuravlev Distances'!$B$10:$K$10)<COLUMN('Zhuravlev Distances'!C$10))*(COLUMN('Zhuravlev Distances'!$B$10:$K$10)<>COLUMN('Zhuravlev Distances'!G$10))) -> 5 | D10: =1+SUMPRODUCT(('Zhuravlev Distances'!$B$10:$K$10<'Zhuravlev Distances'!D$10)*(COLUMN('Zhuravlev Distances'!$B$10:$K$10)<>COLUMN('Zhuravlev Distances'!G$10)))+SUMPRODUCT(('Zhuravlev Distances'!$B$10:$K$10='Zhuravlev Distances'!D$10)*(COLUMN('Zhuravlev Distances'!$B$10:$K$10)<COLUMN('Zhuravlev Distances'!D$10))*(COLUMN('Zhuravlev Distances'!$B$10:$K$10)<>COLUMN('Zhuravlev Distances'!G$10))) -> 1 | E10: =1+SUMPRODUCT(('Zhuravlev Distances'!$B$10:$K$10<'Zhuravlev Distances'!E$10)*(COLUMN('Zhuravlev Distances'!$B$10:$K$10)<>COLUMN('Zhuravlev Distances'!G$10)))+SUMPRODUCT(('Zhuravlev Distances'!$B$10:$K$10='Zhuravlev Distances'!E$10)*(COLUMN('Zhuravlev Distances'!$B$10:$K$10)<COLUMN('Zhuravlev Distances'!E$10))*(COLUMN('Zhuravlev Distances'!$B$10:$K$10)<>COLUMN('Zhuravlev Distances'!G$10))) -> 2 | F10: =1+SUMPRODUCT(('Zhuravlev Distances'!$B$10:$K$10<'Zhuravlev Distances'!F$10)*(COLUMN('Zhuravlev Distances'!$B$10:$K$10)<>COLUMN('Zhuravlev Distances'!G$10)))+SUMPRODUCT(('Zhuravlev Distances'!$B$10:$K$10='Zhuravlev Distances'!F$10)*(COLUMN('Zhuravlev Distances'!$B$10:$K$10)<COLUMN('Zhuravlev Distances'!F$10))*(COLUMN('Zhuravlev Distances'!$B$10:$K$10)<>COLUMN('Zhuravlev Distances'!G$10))) -> 7 | G10: — | H10: =1+SUMPRODUCT(('Zhuravlev Distances'!$B$10:$K$10<'Zhuravlev Distances'!H$10)*(COLUMN('Zhuravlev Distances'!$B$10:$K$10)<>COLUMN('Zhuravlev Distances'!G$10)))+SUMPRODUCT(('Zhuravlev Distances'!$B$10:$K$10='Zhuravlev Distances'!H$10)*(COLUMN('Zhuravlev Distances'!$B$10:$K$10)<COLUMN('Zhuravlev Distances'!H$10))*(COLUMN('Zhuravlev Distances'!$B$10:$K$10)<>COLUMN('Zhuravlev Distances'!G$10))) -> 9 | I10: =1+SUMPRODUCT(('Zhuravlev Distances'!$B$10:$K$10<'Zhuravlev Distances'!I$10)*(COLUMN('Zhuravlev Distances'!$B$10:$K$10)<>COLUMN('Zhuravlev Distances'!G$10)))+SUMPRODUCT(('Zhuravlev Distances'!$B$10:$K$10='Zhuravlev Distances'!I$10)*(COLUMN('Zhuravlev Distances'!$B$10:$K$10)<COLUMN('Zhuravlev Distances'!I$10))*(COLUMN('Zhuravlev Distances'!$B$10:$K$10)<>COLUMN('Zhuravlev Distances'!G$10))) -> 3 | J10: =1+SUMPRODUCT(('Zhuravlev Distances'!$B$10:$K$10<'Zhuravlev Distances'!J$10)*(COLUMN('Zhuravlev Distances'!$B$10:$K$10)<>COLUMN('Zhuravlev Distances'!G$10)))+SUMPRODUCT(('Zhuravlev Distances'!$B$10:$K$10='Zhuravlev Distances'!J$10)*(COLUMN('Zhuravlev Distances'!$B$10:$K$10)<COLUMN('Zhuravlev Distances'!J$10))*(COLUMN('Zhuravlev Distances'!$B$10:$K$10)<>COLUMN('Zhuravlev Distances'!G$10))) -> 4 | K10: =1+SUMPRODUCT(('Zhuravlev Distances'!$B$10:$K$10<'Zhuravlev Distances'!K$10)*(COLUMN('Zhuravlev Distances'!$B$10:$K$10)<>COLUMN('Zhuravlev Distances'!G$10)))+SUMPRODUCT(('Zhuravlev Distances'!$B$10:$K$10='Zhuravlev Distances'!K$10)*(COLUMN('Zhuravlev Distances'!$B$10:$K$10)<COLUMN('Zhuravlev Distances'!K$10))*(COLUMN('Zhuravlev Distances'!$B$10:$K$10)<>COLUMN('Zhuravlev Distances'!G$10))) -> 8
A11: S₇ | B11: =1+SUMPRODUCT(('Zhuravlev Distances'!$B$11:$K$11<'Zhuravlev Distances'!B$11)*(COLUMN('Zhuravlev Distances'!$B$11:$K$11)<>COLUMN('Zhuravlev Distances'!H$11)))+SUMPRODUCT(('Zhuravlev Distances'!$B$11:$K$11='Zhuravlev Distances'!B$11)*(COLUMN('Zhuravlev Distances'!$B$11:$K$11)<COLUMN('Zhuravlev Distances'!B$11))*(COLUMN('Zhuravlev Distances'!$B$11:$K$11)<>COLUMN('Zhuravlev Distances'!H$11))) -> 4 | C11: =1+SUMPRODUCT(('Zhuravlev Distances'!$B$11:$K$11<'Zhuravlev Distances'!C$11)*(COLUMN('Zhuravlev Distances'!$B$11:$K$11)<>COLUMN('Zhuravlev Distances'!H$11)))+SUMPRODUCT(('Zhuravlev Distances'!$B$11:$K$11='Zhuravlev Distances'!C$11)*(COLUMN('Zhuravlev Distances'!$B$11:$K$11)<COLUMN('Zhuravlev Distances'!C$11))*(COLUMN('Zhuravlev Distances'!$B$11:$K$11)<>COLUMN('Zhuravlev Distances'!H$11))) -> 6 | D11: =1+SUMPRODUCT(('Zhuravlev Distances'!$B$11:$K$11<'Zhuravlev Distances'!D$11)*(COLUMN('Zhuravlev Distances'!$B$11:$K$11)<>COLUMN('Zhuravlev Distances'!H$11)))+SUMPRODUCT(('Zhuravlev Distances'!$B$11:$K$11='Zhuravlev Distances'!D$11)*(COLUMN('Zhuravlev Distances'!$B$11:$K$11)<COLUMN('Zhuravlev Distances'!D$11))*(COLUMN('Zhuravlev Distances'!$B$11:$K$11)<>COLUMN('Zhuravlev Distances'!H$11))) -> 5 | E11: =1+SUMPRODUCT(('Zhuravlev Distances'!$B$11:$K$11<'Zhuravlev Distances'!E$11)*(COLUMN('Zhuravlev Distances'!$B$11:$K$11)<>COLUMN('Zhuravlev Distances'!H$11)))+SUMPRODUCT(('Zhuravlev Distances'!$B$11:$K$11='Zhuravlev Distances'!E$11)*(COLUMN('Zhuravlev Distances'!$B$11:$K$11)<COLUMN('Zhuravlev Distances'!E$11))*(COLUMN('Zhuravlev Distances'!$B$11:$K$11)<>COLUMN('Zhuravlev Distances'!H$11))) -> 2 | F11: =1+SUMPRODUCT(('Zhuravlev Distances'!$B$11:$K$11<'Zhuravlev Distances'!F$11)*(COLUMN('Zhuravlev Distances'!$B$11:$K$11)<>COLUMN('Zhuravlev Distances'!H$11)))+SUMPRODUCT(('Zhuravlev Distances'!$B$11:$K$11='Zhuravlev Distances'!F$11)*(COLUMN('Zhuravlev Distances'!$B$11:$K$11)<COLUMN('Zhuravlev Distances'!F$11))*(COLUMN('Zhuravlev Distances'!$B$11:$K$11)<>COLUMN('Zhuravlev Distances'!H$11))) -> 7 | G11: =1+SUMPRODUCT(('Zhuravlev Distances'!$B$11:$K$11<'Zhuravlev Distances'!G$11)*(COLUMN('Zhuravlev Distances'!$B$11:$K$11)<>COLUMN('Zhuravlev Distances'!H$11)))+SUMPRODUCT(('Zhuravlev Distances'!$B$11:$K$11='Zhuravlev Distances'!G$11)*(COLUMN('Zhuravlev Distances'!$B$11:$K$11)<COLUMN('Zhuravlev Distances'!G$11))*(COLUMN('Zhuravlev Distances'!$B$11:$K$11)<>COLUMN('Zhuravlev Distances'!H$11))) -> 8 | H11: — | I11: =1+SUMPRODUCT(('Zhuravlev Distances'!$B$11:$K$11<'Zhuravlev Distances'!I$11)*(COLUMN('Zhuravlev Distances'!$B$11:$K$11)<>COLUMN('Zhuravlev Distances'!H$11)))+SUMPRODUCT(('Zhuravlev Distances'!$B$11:$K$11='Zhuravlev Distances'!I$11)*(COLUMN('Zhuravlev Distances'!$B$11:$K$11)<COLUMN('Zhuravlev Distances'!I$11))*(COLUMN('Zhuravlev Distances'!$B$11:$K$11)<>COLUMN('Zhuravlev Distances'!H$11))) -> 1 | J11: =1+SUMPRODUCT(('Zhuravlev Distances'!$B$11:$K$11<'Zhuravlev Distances'!J$11)*(COLUMN('Zhuravlev Distances'!$B$11:$K$11)<>COLUMN('Zhuravlev Distances'!H$11)))+SUMPRODUCT(('Zhuravlev Distances'!$B$11:$K$11='Zhuravlev Distances'!J$11)*(COLUMN('Zhuravlev Distances'!$B$11:$K$11)<COLUMN('Zhuravlev Distances'!J$11))*(COLUMN('Zhuravlev Distances'!$B$11:$K$11)<>COLUMN('Zhuravlev Distances'!H$11))) -> 3 | K11: =1+SUMPRODUCT(('Zhuravlev Distances'!$B$11:$K$11<'Zhuravlev Distances'!K$11)*(COLUMN('Zhuravlev Distances'!$B$11:$K$11)<>COLUMN('Zhuravlev Distances'!H$11)))+SUMPRODUCT(('Zhuravlev Distances'!$B$11:$K$11='Zhuravlev Distances'!K$11)*(COLUMN('Zhuravlev Distances'!$B$11:$K$11)<COLUMN('Zhuravlev Distances'!K$11))*(COLUMN('Zhuravlev Distances'!$B$11:$K$11)<>COLUMN('Zhuravlev Distances'!H$11))) -> 9
A12: S₈ | B12: =1+SUMPRODUCT(('Zhuravlev Distances'!$B$12:$K$12<'Zhuravlev Distances'!B$12)*(COLUMN('Zhuravlev Distances'!$B$12:$K$12)<>COLUMN('Zhuravlev Distances'!I$12)))+SUMPRODUCT(('Zhuravlev Distances'!$B$12:$K$12='Zhuravlev Distances'!B$12)*(COLUMN('Zhuravlev Distances'!$B$12:$K$12)<COLUMN('Zhuravlev Distances'!B$12))*(COLUMN('Zhuravlev Distances'!$B$12:$K$12)<>COLUMN('Zhuravlev Distances'!I$12))) -> 5 | C12: =1+SUMPRODUCT(('Zhuravlev Distances'!$B$12:$K$12<'Zhuravlev Distances'!C$12)*(COLUMN('Zhuravlev Distances'!$B$12:$K$12)<>COLUMN('Zhuravlev Distances'!I$12)))+SUMPRODUCT(('Zhuravlev Distances'!$B$12:$K$12='Zhuravlev Distances'!C$12)*(COLUMN('Zhuravlev Distances'!$B$12:$K$12)<COLUMN('Zhuravlev Distances'!C$12))*(COLUMN('Zhuravlev Distances'!$B$12:$K$12)<>COLUMN('Zhuravlev Distances'!I$12))) -> 7 | D12: =1+SUMPRODUCT(('Zhuravlev Distances'!$B$12:$K$12<'Zhuravlev Distances'!D$12)*(COLUMN('Zhuravlev Distances'!$B$12:$K$12)<>COLUMN('Zhuravlev Distances'!I$12)))+SUMPRODUCT(('Zhuravlev Distances'!$B$12:$K$12='Zhuravlev Distances'!D$12)*(COLUMN('Zhuravlev Distances'!$B$12:$K$12)<COLUMN('Zhuravlev Distances'!D$12))*(COLUMN('Zhuravlev Distances'!$B$12:$K$12)<>COLUMN('Zhuravlev Distances'!I$12))) -> 6 | E12: =1+SUMPRODUCT(('Zhuravlev Distances'!$B$12:$K$12<'Zhuravlev Distances'!E$12)*(COLUMN('Zhuravlev Distances'!$B$12:$K$12)<>COLUMN('Zhuravlev Distances'!I$12)))+SUMPRODUCT(('Zhuravlev Distances'!$B$12:$K$12='Zhuravlev Distances'!E$12)*(COLUMN('Zhuravlev Distances'!$B$12:$K$12)<COLUMN('Zhuravlev Distances'!E$12))*(COLUMN('Zhuravlev Distances'!$B$12:$K$12)<>COLUMN('Zhuravlev Distances'!I$12))) -> 1 | F12: =1+SUMPRODUCT(('Zhuravlev Distances'!$B$12:$K$12<'Zhuravlev Distances'!F$12)*(COLUMN('Zhuravlev Distances'!$B$12:$K$12)<>COLUMN('Zhuravlev Distances'!I$12)))+SUMPRODUCT(('Zhuravlev Distances'!$B$12:$K$12='Zhuravlev Distances'!F$12)*(COLUMN('Zhuravlev Distances'!$B$12:$K$12)<COLUMN('Zhuravlev Distances'!F$12))*(COLUMN('Zhuravlev Distances'!$B$12:$K$12)<>COLUMN('Zhuravlev Distances'!I$12))) -> 9 | G12: =1+SUMPRODUCT(('Zhuravlev Distances'!$B$12:$K$12<'Zhuravlev Distances'!G$12)*(COLUMN('Zhuravlev Distances'!$B$12:$K$12)<>COLUMN('Zhuravlev Distances'!I$12)))+SUMPRODUCT(('Zhuravlev Distances'!$B$12:$K$12='Zhuravlev Distances'!G$12)*(COLUMN('Zhuravlev Distances'!$B$12:$K$12)<COLUMN('Zhuravlev Distances'!G$12))*(COLUMN('Zhuravlev Distances'!$B$12:$K$12)<>COLUMN('Zhuravlev Distances'!I$12))) -> 4 | H12: =1+SUMPRODUCT(('Zhuravlev Distances'!$B$12:$K$12<'Zhuravlev Distances'!H$12)*(COLUMN('Zhuravlev Distances'!$B$12:$K$12)<>COLUMN('Zhuravlev Distances'!I$12)))+SUMPRODUCT(('Zhuravlev Distances'!$B$12:$K$12='Zhuravlev Distances'!H$12)*(COLUMN('Zhuravlev Distances'!$B$12:$K$12)<COLUMN('Zhuravlev Distances'!H$12))*(COLUMN('Zhuravlev Distances'!$B$12:$K$12)<>COLUMN('Zhuravlev Distances'!I$12))) -> 3 | I12: — | J12: =1+SUMPRODUCT(('Zhuravlev Distances'!$B$12:$K$12<'Zhuravlev Distances'!J$12)*(COLUMN('Zhuravlev Distances'!$B$12:$K$12)<>COLUMN('Zhuravlev Distances'!I$12)))+SUMPRODUCT(('Zhuravlev Distances'!$B$12:$K$12='Zhuravlev Distances'!J$12)*(COLUMN('Zhuravlev Distances'!$B$12:$K$12)<COLUMN('Zhuravlev Distances'!J$12))*(COLUMN('Zhuravlev Distances'!$B$12:$K$12)<>COLUMN('Zhuravlev Distances'!I$12))) -> 2 | K12: =1+SUMPRODUCT(('Zhuravlev Distances'!$B$12:$K$12<'Zhuravlev Distances'!K$12)*(COLUMN('Zhuravlev Distances'!$B$12:$K$12)<>COLUMN('Zhuravlev Distances'!I$12)))+SUMPRODUCT(('Zhuravlev Distances'!$B$12:$K$12='Zhuravlev Distances'!K$12)*(COLUMN('Zhuravlev Distances'!$B$12:$K$12)<COLUMN('Zhuravlev Distances'!K$12))*(COLUMN('Zhuravlev Distances'!$B$12:$K$12)<>COLUMN('Zhuravlev Distances'!I$12))) -> 8
A13: S₉ | B13: =1+SUMPRODUCT(('Zhuravlev Distances'!$B$13:$K$13<'Zhuravlev Distances'!B$13)*(COLUMN('Zhuravlev Distances'!$B$13:$K$13)<>COLUMN('Zhuravlev Distances'!J$13)))+SUMPRODUCT(('Zhuravlev Distances'!$B$13:$K$13='Zhuravlev Distances'!B$13)*(COLUMN('Zhuravlev Distances'!$B$13:$K$13)<COLUMN('Zhuravlev Distances'!B$13))*(COLUMN('Zhuravlev Distances'!$B$13:$K$13)<>COLUMN('Zhuravlev Distances'!J$13))) -> 3 | C13: =1+SUMPRODUCT(('Zhuravlev Distances'!$B$13:$K$13<'Zhuravlev Distances'!C$13)*(COLUMN('Zhuravlev Distances'!$B$13:$K$13)<>COLUMN('Zhuravlev Distances'!J$13)))+SUMPRODUCT(('Zhuravlev Distances'!$B$13:$K$13='Zhuravlev Distances'!C$13)*(COLUMN('Zhuravlev Distances'!$B$13:$K$13)<COLUMN('Zhuravlev Distances'!C$13))*(COLUMN('Zhuravlev Distances'!$B$13:$K$13)<>COLUMN('Zhuravlev Distances'!J$13))) -> 6 | D13: =1+SUMPRODUCT(('Zhuravlev Distances'!$B$13:$K$13<'Zhuravlev Distances'!D$13)*(COLUMN('Zhuravlev Distances'!$B$13:$K$13)<>COLUMN('Zhuravlev Distances'!J$13)))+SUMPRODUCT(('Zhuravlev Distances'!$B$13:$K$13='Zhuravlev Distances'!D$13)*(COLUMN('Zhuravlev Distances'!$B$13:$K$13)<COLUMN('Zhuravlev Distances'!D$13))*(COLUMN('Zhuravlev Distances'!$B$13:$K$13)<>COLUMN('Zhuravlev Distances'!J$13))) -> 7 | E13: =1+SUMPRODUCT(('Zhuravlev Distances'!$B$13:$K$13<'Zhuravlev Distances'!E$13)*(COLUMN('Zhuravlev Distances'!$B$13:$K$13)<>COLUMN('Zhuravlev Distances'!J$13)))+SUMPRODUCT(('Zhuravlev Distances'!$B$13:$K$13='Zhuravlev Distances'!E$13)*(COLUMN('Zhuravlev Distances'!$B$13:$K$13)<COLUMN('Zhuravlev Distances'!E$13))*(COLUMN('Zhuravlev Distances'!$B$13:$K$13)<>COLUMN('Zhuravlev Distances'!J$13))) -> 4 | F13: =1+SUMPRODUCT(('Zhuravlev Distances'!$B$13:$K$13<'Zhuravlev Distances'!F$13)*(COLUMN('Zhuravlev Distances'!$B$13:$K$13)<>COLUMN('Zhuravlev Distances'!J$13)))+SUMPRODUCT(('Zhuravlev Distances'!$B$13:$K$13='Zhuravlev Distances'!F$13)*(COLUMN('Zhuravlev Distances'!$B$13:$K$13)<COLUMN('Zhuravlev Distances'!F$13))*(COLUMN('Zhuravlev Distances'!$B$13:$K$13)<>COLUMN('Zhuravlev Distances'!J$13))) -> 9 | G13: =1+SUMPRODUCT(('Zhuravlev Distances'!$B$13:$K$13<'Zhuravlev Distances'!G$13)*(COLUMN('Zhuravlev Distances'!$B$13:$K$13)<>COLUMN('Zhuravlev Distances'!J$13)))+SUMPRODUCT(('Zhuravlev Distances'!$B$13:$K$13='Zhuravlev Distances'!G$13)*(COLUMN('Zhuravlev Distances'!$B$13:$K$13)<COLUMN('Zhuravlev Distances'!G$13))*(COLUMN('Zhuravlev Distances'!$B$13:$K$13)<>COLUMN('Zhuravlev Distances'!J$13))) -> 5 | H13: =1+SUMPRODUCT(('Zhuravlev Distances'!$B$13:$K$13<'Zhuravlev Distances'!H$13)*(COLUMN('Zhuravlev Distances'!$B$13:$K$13)<>COLUMN('Zhuravlev Distances'!J$13)))+SUMPRODUCT(('Zhuravlev Distances'!$B$13:$K$13='Zhuravlev Distances'!H$13)*(COLUMN('Zhuravlev Distances'!$B$13:$K$13)<COLUMN('Zhuravlev Distances'!H$13))*(COLUMN('Zhuravlev Distances'!$B$13:$K$13)<>COLUMN('Zhuravlev Distances'!J$13))) -> 8 | I13: =1+SUMPRODUCT(('Zhuravlev Distances'!$B$13:$K$13<'Zhuravlev Distances'!I$13)*(COLUMN('Zhuravlev Distances'!$B$13:$K$13)<>COLUMN('Zhuravlev Distances'!J$13)))+SUMPRODUCT(('Zhuravlev Distances'!$B$13:$K$13='Zhuravlev Distances'!I$13)*(COLUMN('Zhuravlev Distances'!$B$13:$K$13)<COLUMN('Zhuravlev Distances'!I$13))*(COLUMN('Zhuravlev Distances'!$B$13:$K$13)<>COLUMN('Zhuravlev Distances'!J$13))) -> 1 | J13: — | K13: =1+SUMPRODUCT(('Zhuravlev Distances'!$B$13:$K$13<'Zhuravlev Distances'!K$13)*(COLUMN('Zhuravlev Distances'!$B$13:$K$13)<>COLUMN('Zhuravlev Distances'!J$13)))+SUMPRODUCT(('Zhuravlev Distances'!$B$13:$K$13='Zhuravlev Distances'!K$13)*(COLUMN('Zhuravlev Distances'!$B$13:$K$13)<COLUMN('Zhuravlev Distances'!K$13))*(COLUMN('Zhuravlev Distances'!$B$13:$K$13)<>COLUMN('Zhuravlev Distances'!J$13))) -> 2
A14: S₁₀ | B14: =1+SUMPRODUCT(('Zhuravlev Distances'!$B$14:$K$14<'Zhuravlev Distances'!B$14)*(COLUMN('Zhuravlev Distances'!$B$14:$K$14)<>COLUMN('Zhuravlev Distances'!K$14)))+SUMPRODUCT(('Zhuravlev Distances'!$B$14:$K$14='Zhuravlev Distances'!B$14)*(COLUMN('Zhuravlev Distances'!$B$14:$K$14)<COLUMN('Zhuravlev Distances'!B$14))*(COLUMN('Zhuravlev Distances'!$B$14:$K$14)<>COLUMN('Zhuravlev Distances'!K$14))) -> 2 | C14: =1+SUMPRODUCT(('Zhuravlev Distances'!$B$14:$K$14<'Zhuravlev Distances'!C$14)*(COLUMN('Zhuravlev Distances'!$B$14:$K$14)<>COLUMN('Zhuravlev Distances'!K$14)))+SUMPRODUCT(('Zhuravlev Distances'!$B$14:$K$14='Zhuravlev Distances'!C$14)*(COLUMN('Zhuravlev Distances'!$B$14:$K$14)<COLUMN('Zhuravlev Distances'!C$14))*(COLUMN('Zhuravlev Distances'!$B$14:$K$14)<>COLUMN('Zhuravlev Distances'!K$14))) -> 3 | D14: =1+SUMPRODUCT(('Zhuravlev Distances'!$B$14:$K$14<'Zhuravlev Distances'!D$14)*(COLUMN('Zhuravlev Distances'!$B$14:$K$14)<>COLUMN('Zhuravlev Distances'!K$14)))+SUMPRODUCT(('Zhuravlev Distances'!$B$14:$K$14='Zhuravlev Distances'!D$14)*(COLUMN('Zhuravlev Distances'!$B$14:$K$14)<COLUMN('Zhuravlev Distances'!D$14))*(COLUMN('Zhuravlev Distances'!$B$14:$K$14)<>COLUMN('Zhuravlev Distances'!K$14))) -> 7 | E14: =1+SUMPRODUCT(('Zhuravlev Distances'!$B$14:$K$14<'Zhuravlev Distances'!E$14)*(COLUMN('Zhuravlev Distances'!$B$14:$K$14)<>COLUMN('Zhuravlev Distances'!K$14)))+SUMPRODUCT(('Zhuravlev Distances'!$B$14:$K$14='Zhuravlev Distances'!E$14)*(COLUMN('Zhuravlev Distances'!$B$14:$K$14)<COLUMN('Zhuravlev Distances'!E$14))*(COLUMN('Zhuravlev Distances'!$B$14:$K$14)<>COLUMN('Zhuravlev Distances'!K$14))) -> 5 | F14: =1+SUMPRODUCT(('Zhuravlev Distances'!$B$14:$K$14<'Zhuravlev Distances'!F$14)*(COLUMN('Zhuravlev Distances'!$B$14:$K$14)<>COLUMN('Zhuravlev Distances'!K$14)))+SUMPRODUCT(('Zhuravlev Distances'!$B$14:$K$14='Zhuravlev Distances'!F$14)*(COLUMN('Zhuravlev Distances'!$B$14:$K$14)<COLUMN('Zhuravlev Distances'!F$14))*(COLUMN('Zhuravlev Distances'!$B$14:$K$14)<>COLUMN('Zhuravlev Distances'!K$14))) -> 8 | G14: =1+SUMPRODUCT(('Zhuravlev Distances'!$B$14:$K$14<'Zhuravlev Distances'!G$14)*(COLUMN('Zhuravlev Distances'!$B$14:$K$14)<>COLUMN('Zhuravlev Distances'!K$14)))+SUMPRODUCT(('Zhuravlev Distances'!$B$14:$K$14='Zhuravlev Distances'!G$14)*(COLUMN('Zhuravlev Distances'!$B$14:$K$14)<COLUMN('Zhuravlev Distances'!G$14))*(COLUMN('Zhuravlev Distances'!$B$14:$K$14)<>COLUMN('Zhuravlev Distances'!K$14))) -> 6 | H14: =1+SUMPRODUCT(('Zhuravlev Distances'!$B$14:$K$14<'Zhuravlev Distances'!H$14)*(COLUMN('Zhuravlev Distances'!$B$14:$K$14)<>COLUMN('Zhuravlev Distances'!K$14)))+SUMPRODUCT(('Zhuravlev Distances'!$B$14:$K$14='Zhuravlev Distances'!H$14)*(COLUMN('Zhuravlev Distances'!$B$14:$K$14)<COLUMN('Zhuravlev Distances'!H$14))*(COLUMN('Zhuravlev Distances'!$B$14:$K$14)<>COLUMN('Zhuravlev Distances'!K$14))) -> 9 | I14: =1+SUMPRODUCT(('Zhuravlev Distances'!$B$14:$K$14<'Zhuravlev Distances'!I$14)*(COLUMN('Zhuravlev Distances'!$B$14:$K$14)<>COLUMN('Zhuravlev Distances'!K$14)))+SUMPRODUCT(('Zhuravlev Distances'!$B$14:$K$14='Zhuravlev Distances'!I$14)*(COLUMN('Zhuravlev Distances'!$B$14:$K$14)<COLUMN('Zhuravlev Distances'!I$14))*(COLUMN('Zhuravlev Distances'!$B$14:$K$14)<>COLUMN('Zhuravlev Distances'!K$14))) -> 4 | J14: =1+SUMPRODUCT(('Zhuravlev Distances'!$B$14:$K$14<'Zhuravlev Distances'!J$14)*(COLUMN('Zhuravlev Distances'!$B$14:$K$14)<>COLUMN('Zhuravlev Distances'!K$14)))+SUMPRODUCT(('Zhuravlev Distances'!$B$14:$K$14='Zhuravlev Distances'!J$14)*(COLUMN('Zhuravlev Distances'!$B$14:$K$14)<COLUMN('Zhuravlev Distances'!J$14))*(COLUMN('Zhuravlev Distances'!$B$14:$K$14)<>COLUMN('Zhuravlev Distances'!K$14))) -> 1 | K14: —
A16: ="S₁ · class "&Dataset!$O$3&" — neighbours in ascending ρ (target row 5 of the rank matrix)" -> S₁ · class 2 — neighbours in ascending ρ (target row 5 of the rank matrix)
A17: Rank | B17: 1 | C17: 2 | D17: 3 | E17: 4 | F17: 5 | G17: 6 | H17: 7 | I17: 8 | J17: 9
A18: k-neighbourhood | B18: =IF(AND(B$17>='Parameters'!$B$9,B$17<='Parameters'!$B$10,MOD(B$17-'Parameters'!$B$9,2)=0),"k = "&B$17,"") | C18: =IF(AND(C$17>='Parameters'!$B$9,C$17<='Parameters'!$B$10,MOD(C$17-'Parameters'!$B$9,2)=0),"k = "&C$17,"") | D18: =IF(AND(D$17>='Parameters'!$B$9,D$17<='Parameters'!$B$10,MOD(D$17-'Parameters'!$B$9,2)=0),"k = "&D$17,"") -> k = 3 | E18: =IF(AND(E$17>='Parameters'!$B$9,E$17<='Parameters'!$B$10,MOD(E$17-'Parameters'!$B$9,2)=0),"k = "&E$17,"") | F18: =IF(AND(F$17>='Parameters'!$B$9,F$17<='Parameters'!$B$10,MOD(F$17-'Parameters'!$B$9,2)=0),"k = "&F$17,"") -> k = 5 | G18: =IF(AND(G$17>='Parameters'!$B$9,G$17<='Parameters'!$B$10,MOD(G$17-'Parameters'!$B$9,2)=0),"k = "&G$17,"") | H18: =IF(AND(H$17>='Parameters'!$B$9,H$17<='Parameters'!$B$10,MOD(H$17-'Parameters'!$B$9,2)=0),"k = "&H$17,"") | I18: =IF(AND(I$17>='Parameters'!$B$9,I$17<='Parameters'!$B$10,MOD(I$17-'Parameters'!$B$9,2)=0),"k = "&I$17,"") | J18: =IF(AND(J$17>='Parameters'!$B$9,J$17<='Parameters'!$B$10,MOD(J$17-'Parameters'!$B$9,2)=0),"k = "&J$17,"")
A19: Neighbour | B19: =INDEX('Zhuravlev Distances'!$B$4:$K$4,B20) -> S₉ | C19: =INDEX('Zhuravlev Distances'!$B$4:$K$4,C20) -> S₁₀ | D19: =INDEX('Zhuravlev Distances'!$B$4:$K$4,D20) -> S₈ | E19: =INDEX('Zhuravlev Distances'!$B$4:$K$4,E20) -> S₄ | F19: =INDEX('Zhuravlev Distances'!$B$4:$K$4,F20) -> S₆ | G19: =INDEX('Zhuravlev Distances'!$B$4:$K$4,G20) -> S₅ | H19: =INDEX('Zhuravlev Distances'!$B$4:$K$4,H20) -> S₂ | I19: =INDEX('Zhuravlev Distances'!$B$4:$K$4,I20) -> S₇ | J19: =INDEX('Zhuravlev Distances'!$B$4:$K$4,J20) -> S₃
A20: Original index | B20: =MATCH(B$17,$B$5:$K$5,0) -> 9 | C20: =MATCH(C$17,$B$5:$K$5,0) -> 10 | D20: =MATCH(D$17,$B$5:$K$5,0) -> 8 | E20: =MATCH(E$17,$B$5:$K$5,0) -> 4 | F20: =MATCH(F$17,$B$5:$K$5,0) -> 6 | G20: =MATCH(G$17,$B$5:$K$5,0) -> 5 | H20: =MATCH(H$17,$B$5:$K$5,0) -> 2 | I20: =MATCH(I$17,$B$5:$K$5,0) -> 7 | J20: =MATCH(J$17,$B$5:$K$5,0) -> 3
A21: ρ(S₁, neighbour) | B21: =INDEX('Zhuravlev Distances'!$B$5:$K$5,B20) -> 3.4680753 | C21: =INDEX('Zhuravlev Distances'!$B$5:$K$5,C20) -> 4.2218875 | D21: =INDEX('Zhuravlev Distances'!$B$5:$K$5,D20) -> 4.8157298 | E21: =INDEX('Zhuravlev Distances'!$B$5:$K$5,E20) -> 4.8429406 | F21: =INDEX('Zhuravlev Distances'!$B$5:$K$5,F20) -> 5.9056936 | G21: =INDEX('Zhuravlev Distances'!$B$5:$K$5,G20) -> 6.0394025 | H21: =INDEX('Zhuravlev Distances'!$B$5:$K$5,H20) -> 6.1621314 | I21: =INDEX('Zhuravlev Distances'!$B$5:$K$5,I20) -> 6.5963636 | J21: =INDEX('Zhuravlev Distances'!$B$5:$K$5,J20) -> 7.0747842
A22: Class | B22: =INDEX(Dataset!$O$3:$O$12,B20) -> 2 | C22: =INDEX(Dataset!$O$3:$O$12,C20) -> 2 | D22: =INDEX(Dataset!$O$3:$O$12,D20) -> 2 | E22: =INDEX(Dataset!$O$3:$O$12,E20) -> 1 | F22: =INDEX(Dataset!$O$3:$O$12,F20) -> 1 | G22: =INDEX(Dataset!$O$3:$O$12,G20) -> 1 | H22: =INDEX(Dataset!$O$3:$O$12,H20) -> 1 | I22: =INDEX(Dataset!$O$3:$O$12,I20) -> 2 | J22: =INDEX(Dataset!$O$3:$O$12,J20) -> 2
A23: Same class as S₁ | B23: =IF(B22=Dataset!$O$3,1,0) -> 1 | C23: =IF(C22=Dataset!$O$3,1,0) -> 1 | D23: =IF(D22=Dataset!$O$3,1,0) -> 1 | E23: =IF(E22=Dataset!$O$3,1,0) -> 0 | F23: =IF(F22=Dataset!$O$3,1,0) -> 0 | G23: =IF(G22=Dataset!$O$3,1,0) -> 0 | H23: =IF(H22=Dataset!$O$3,1,0) -> 0 | I23: =IF(I22=Dataset!$O$3,1,0) -> 1 | J23: =IF(J22=Dataset!$O$3,1,0) -> 1
A24: Same-class count μ (1 … rank) | B24: =SUM($B23:B23) -> 1 | C24: =SUM($B23:C23) -> 2 | D24: =SUM($B23:D23) -> 3 | E24: =SUM($B23:E23) -> 3 | F24: =SUM($B23:F23) -> 3 | G24: =SUM($B23:G23) -> 3 | H24: =SUM($B23:H23) -> 3 | I24: =SUM($B23:I23) -> 4 | J24: =SUM($B23:J23) -> 5
A25: K1 count χ₁ (1 … rank) | B25: =COUNTIF($B22:B22,1) -> 0 | C25: =COUNTIF($B22:C22,1) -> 0 | D25: =COUNTIF($B22:D22,1) -> 0 | E25: =COUNTIF($B22:E22,1) -> 1 | F25: =COUNTIF($B22:F22,1) -> 2 | G25: =COUNTIF($B22:G22,1) -> 3 | H25: =COUNTIF($B22:H22,1) -> 4 | I25: =COUNTIF($B22:I22,1) -> 4 | J25: =COUNTIF($B22:J22,1) -> 4
A27: ="S₂ · class "&Dataset!$O$4&" — neighbours in ascending ρ (target row 6 of the rank matrix)" -> S₂ · class 1 — neighbours in ascending ρ (target row 6 of the rank matrix)
A28: Rank | B28: 1 | C28: 2 | D28: 3 | E28: 4 | F28: 5 | G28: 6 | H28: 7 | I28: 8 | J28: 9
A29: k-neighbourhood | B29: =IF(AND(B$28>='Parameters'!$B$9,B$28<='Parameters'!$B$10,MOD(B$28-'Parameters'!$B$9,2)=0),"k = "&B$28,"") | C29: =IF(AND(C$28>='Parameters'!$B$9,C$28<='Parameters'!$B$10,MOD(C$28-'Parameters'!$B$9,2)=0),"k = "&C$28,"") | D29: =IF(AND(D$28>='Parameters'!$B$9,D$28<='Parameters'!$B$10,MOD(D$28-'Parameters'!$B$9,2)=0),"k = "&D$28,"") -> k = 3 | E29: =IF(AND(E$28>='Parameters'!$B$9,E$28<='Parameters'!$B$10,MOD(E$28-'Parameters'!$B$9,2)=0),"k = "&E$28,"") | F29: =IF(AND(F$28>='Parameters'!$B$9,F$28<='Parameters'!$B$10,MOD(F$28-'Parameters'!$B$9,2)=0),"k = "&F$28,"") -> k = 5 | G29: =IF(AND(G$28>='Parameters'!$B$9,G$28<='Parameters'!$B$10,MOD(G$28-'Parameters'!$B$9,2)=0),"k = "&G$28,"") | H29: =IF(AND(H$28>='Parameters'!$B$9,H$28<='Parameters'!$B$10,MOD(H$28-'Parameters'!$B$9,2)=0),"k = "&H$28,"") | I29: =IF(AND(I$28>='Parameters'!$B$9,I$28<='Parameters'!$B$10,MOD(I$28-'Parameters'!$B$9,2)=0),"k = "&I$28,"") | J29: =IF(AND(J$28>='Parameters'!$B$9,J$28<='Parameters'!$B$10,MOD(J$28-'Parameters'!$B$9,2)=0),"k = "&J$28,"")
A30: Neighbour | B30: =INDEX('Zhuravlev Distances'!$B$4:$K$4,B31) -> S₁₀ | C30: =INDEX('Zhuravlev Distances'!$B$4:$K$4,C31) -> S₉ | D30: =INDEX('Zhuravlev Distances'!$B$4:$K$4,D31) -> S₈ | E30: =INDEX('Zhuravlev Distances'!$B$4:$K$4,E31) -> S₆ | F30: =INDEX('Zhuravlev Distances'!$B$4:$K$4,F31) -> S₁ | G30: =INDEX('Zhuravlev Distances'!$B$4:$K$4,G31) -> S₃ | H30: =INDEX('Zhuravlev Distances'!$B$4:$K$4,H31) -> S₅ | I30: =INDEX('Zhuravlev Distances'!$B$4:$K$4,I31) -> S₇ | J30: =INDEX('Zhuravlev Distances'!$B$4:$K$4,J31) -> S₄
A31: Original index | B31: =MATCH(B$28,$B$6:$K$6,0) -> 10 | C31: =MATCH(C$28,$B$6:$K$6,0) -> 9 | D31: =MATCH(D$28,$B$6:$K$6,0) -> 8 | E31: =MATCH(E$28,$B$6:$K$6,0) -> 6 | F31: =MATCH(F$28,$B$6:$K$6,0) -> 1 | G31: =MATCH(G$28,$B$6:$K$6,0) -> 3 | H31: =MATCH(H$28,$B$6:$K$6,0) -> 5 | I31: =MATCH(I$28,$B$6:$K$6,0) -> 7 | J31: =MATCH(J$28,$B$6:$K$6,0) -> 4
A32: ρ(S₂, neighbour) | B32: =INDEX('Zhuravlev Distances'!$B$6:$K$6,B31) -> 4.2267936 | C32: =INDEX('Zhuravlev Distances'!$B$6:$K$6,C31) -> 4.6399233 | D32: =INDEX('Zhuravlev Distances'!$B$6:$K$6,D31) -> 5.1247573 | E32: =INDEX('Zhuravlev Distances'!$B$6:$K$6,E31) -> 5.8595929 | F32: =INDEX('Zhuravlev Distances'!$B$6:$K$6,F31) -> 6.1621314 | G32: =INDEX('Zhuravlev Distances'!$B$6:$K$6,G31) -> 6.1979142 | H32: =INDEX('Zhuravlev Distances'!$B$6:$K$6,H31) -> 6.5779172 | I32: =INDEX('Zhuravlev Distances'!$B$6:$K$6,I31) -> 6.655391 | J32: =INDEX('Zhuravlev Distances'!$B$6:$K$6,J31) -> 6.8173527
A33: Class | B33: =INDEX(Dataset!$O$3:$O$12,B31) -> 2 | C33: =INDEX(Dataset!$O$3:$O$12,C31) -> 2 | D33: =INDEX(Dataset!$O$3:$O$12,D31) -> 2 | E33: =INDEX(Dataset!$O$3:$O$12,E31) -> 1 | F33: =INDEX(Dataset!$O$3:$O$12,F31) -> 2 | G33: =INDEX(Dataset!$O$3:$O$12,G31) -> 2 | H33: =INDEX(Dataset!$O$3:$O$12,H31) -> 1 | I33: =INDEX(Dataset!$O$3:$O$12,I31) -> 2 | J33: =INDEX(Dataset!$O$3:$O$12,J31) -> 1
A34: Same class as S₂ | B34: =IF(B33=Dataset!$O$4,1,0) -> 0 | C34: =IF(C33=Dataset!$O$4,1,0) -> 0 | D34: =IF(D33=Dataset!$O$4,1,0) -> 0 | E34: =IF(E33=Dataset!$O$4,1,0) -> 1 | F34: =IF(F33=Dataset!$O$4,1,0) -> 0 | G34: =IF(G33=Dataset!$O$4,1,0) -> 0 | H34: =IF(H33=Dataset!$O$4,1,0) -> 1 | I34: =IF(I33=Dataset!$O$4,1,0) -> 0 | J34: =IF(J33=Dataset!$O$4,1,0) -> 1
A35: Same-class count μ (1 … rank) | B35: =SUM($B34:B34) -> 0 | C35: =SUM($B34:C34) -> 0 | D35: =SUM($B34:D34) -> 0 | E35: =SUM($B34:E34) -> 1 | F35: =SUM($B34:F34) -> 1 | G35: =SUM($B34:G34) -> 1 | H35: =SUM($B34:H34) -> 2 | I35: =SUM($B34:I34) -> 2 | J35: =SUM($B34:J34) -> 3
A36: K1 count χ₁ (1 … rank) | B36: =COUNTIF($B33:B33,1) -> 0 | C36: =COUNTIF($B33:C33,1) -> 0 | D36: =COUNTIF($B33:D33,1) -> 0 | E36: =COUNTIF($B33:E33,1) -> 1 | F36: =COUNTIF($B33:F33,1) -> 1 | G36: =COUNTIF($B33:G33,1) -> 1 | H36: =COUNTIF($B33:H33,1) -> 2 | I36: =COUNTIF($B33:I33,1) -> 2 | J36: =COUNTIF($B33:J33,1) -> 3
A38: ="S₃ · class "&Dataset!$O$5&" — neighbours in ascending ρ (target row 7 of the rank matrix)" -> S₃ · class 2 — neighbours in ascending ρ (target row 7 of the rank matrix)
A39: Rank | B39: 1 | C39: 2 | D39: 3 | E39: 4 | F39: 5 | G39: 6 | H39: 7 | I39: 8 | J39: 9
A40: k-neighbourhood | B40: =IF(AND(B$39>='Parameters'!$B$9,B$39<='Parameters'!$B$10,MOD(B$39-'Parameters'!$B$9,2)=0),"k = "&B$39,"") | C40: =IF(AND(C$39>='Parameters'!$B$9,C$39<='Parameters'!$B$10,MOD(C$39-'Parameters'!$B$9,2)=0),"k = "&C$39,"") | D40: =IF(AND(D$39>='Parameters'!$B$9,D$39<='Parameters'!$B$10,MOD(D$39-'Parameters'!$B$9,2)=0),"k = "&D$39,"") -> k = 3 | E40: =IF(AND(E$39>='Parameters'!$B$9,E$39<='Parameters'!$B$10,MOD(E$39-'Parameters'!$B$9,2)=0),"k = "&E$39,"") | F40: =IF(AND(F$39>='Parameters'!$B$9,F$39<='Parameters'!$B$10,MOD(F$39-'Parameters'!$B$9,2)=0),"k = "&F$39,"") -> k = 5 | G40: =IF(AND(G$39>='Parameters'!$B$9,G$39<='Parameters'!$B$10,MOD(G$39-'Parameters'!$B$9,2)=0),"k = "&G$39,"") | H40: =IF(AND(H$39>='Parameters'!$B$9,H$39<='Parameters'!$B$10,MOD(H$39-'Parameters'!$B$9,2)=0),"k = "&H$39,"") | I40: =IF(AND(I$39>='Parameters'!$B$9,I$39<='Parameters'!$B$10,MOD(I$39-'Parameters'!$B$9,2)=0),"k = "&I$39,"") | J40: =IF(AND(J$39>='Parameters'!$B$9,J$39<='Parameters'!$B$10,MOD(J$39-'Parameters'!$B$9,2)=0),"k = "&J$39,"")
A41: Neighbour | B41: =INDEX('Zhuravlev Distances'!$B$4:$K$4,B42) -> S₆ | C41: =INDEX('Zhuravlev Distances'!$B$4:$K$4,C42) -> S₄ | D41: =INDEX('Zhuravlev Distances'!$B$4:$K$4,D42) -> S₉ | E41: =INDEX('Zhuravlev Distances'!$B$4:$K$4,E42) -> S₈ | F41: =INDEX('Zhuravlev Distances'!$B$4:$K$4,F42) -> S₅ | G41: =INDEX('Zhuravlev Distances'!$B$4:$K$4,G42) -> S₂ | H41: =INDEX('Zhuravlev Distances'!$B$4:$K$4,H42) -> S₇ | I41: =INDEX('Zhuravlev Distances'!$B$4:$K$4,I42) -> S₁ | J41: =INDEX('Zhuravlev Distances'!$B$4:$K$4,J42) -> S₁₀
A42: Original index | B42: =MATCH(B$39,$B$7:$K$7,0) -> 6 | C42: =MATCH(C$39,$B$7:$K$7,0) -> 4 | D42: =MATCH(D$39,$B$7:$K$7,0) -> 9 | E42: =MATCH(E$39,$B$7:$K$7,0) -> 8 | F42: =MATCH(F$39,$B$7:$K$7,0) -> 5 | G42: =MATCH(G$39,$B$7:$K$7,0) -> 2 | H42: =MATCH(H$39,$B$7:$K$7,0) -> 7 | I42: =MATCH(I$39,$B$7:$K$7,0) -> 1 | J42: =MATCH(J$39,$B$7:$K$7,0) -> 10
A43: ρ(S₃, neighbour) | B43: =INDEX('Zhuravlev Distances'!$B$7:$K$7,B42) -> 1.8031991 | C43: =INDEX('Zhuravlev Distances'!$B$7:$K$7,C42) -> 4.4075521 | D43: =INDEX('Zhuravlev Distances'!$B$7:$K$7,D42) -> 4.9990166 | E43: =INDEX('Zhuravlev Distances'!$B$7:$K$7,E42) -> 5.1035187 | F43: =INDEX('Zhuravlev Distances'!$B$7:$K$7,F42) -> 5.7324577 | G43: =INDEX('Zhuravlev Distances'!$B$7:$K$7,G42) -> 6.1979142 | H43: =INDEX('Zhuravlev Distances'!$B$7:$K$7,H42) -> 6.6461408 | I43: =INDEX('Zhuravlev Distances'!$B$7:$K$7,I42) -> 7.0747842 | J43: =INDEX('Zhuravlev Distances'!$B$7:$K$7,J42) -> 7.5342785
A44: Class | B44: =INDEX(Dataset!$O$3:$O$12,B42) -> 1 | C44: =INDEX(Dataset!$O$3:$O$12,C42) -> 1 | D44: =INDEX(Dataset!$O$3:$O$12,D42) -> 2 | E44: =INDEX(Dataset!$O$3:$O$12,E42) -> 2 | F44: =INDEX(Dataset!$O$3:$O$12,F42) -> 1 | G44: =INDEX(Dataset!$O$3:$O$12,G42) -> 1 | H44: =INDEX(Dataset!$O$3:$O$12,H42) -> 2 | I44: =INDEX(Dataset!$O$3:$O$12,I42) -> 2 | J44: =INDEX(Dataset!$O$3:$O$12,J42) -> 2
A45: Same class as S₃ | B45: =IF(B44=Dataset!$O$5,1,0) -> 0 | C45: =IF(C44=Dataset!$O$5,1,0) -> 0 | D45: =IF(D44=Dataset!$O$5,1,0) -> 1 | E45: =IF(E44=Dataset!$O$5,1,0) -> 1 | F45: =IF(F44=Dataset!$O$5,1,0) -> 0 | G45: =IF(G44=Dataset!$O$5,1,0) -> 0 | H45: =IF(H44=Dataset!$O$5,1,0) -> 1 | I45: =IF(I44=Dataset!$O$5,1,0) -> 1 | J45: =IF(J44=Dataset!$O$5,1,0) -> 1
A46: Same-class count μ (1 … rank) | B46: =SUM($B45:B45) -> 0 | C46: =SUM($B45:C45) -> 0 | D46: =SUM($B45:D45) -> 1 | E46: =SUM($B45:E45) -> 2 | F46: =SUM($B45:F45) -> 2 | G46: =SUM($B45:G45) -> 2 | H46: =SUM($B45:H45) -> 3 | I46: =SUM($B45:I45) -> 4 | J46: =SUM($B45:J45) -> 5
A47: K1 count χ₁ (1 … rank) | B47: =COUNTIF($B44:B44,1) -> 1 | C47: =COUNTIF($B44:C44,1) -> 2 | D47: =COUNTIF($B44:D44,1) -> 2 | E47: =COUNTIF($B44:E44,1) -> 2 | F47: =COUNTIF($B44:F44,1) -> 3 | G47: =COUNTIF($B44:G44,1) -> 4 | H47: =COUNTIF($B44:H44,1) -> 4 | I47: =COUNTIF($B44:I44,1) -> 4 | J47: =COUNTIF($B44:J44,1) -> 4
A49: ="S₄ · class "&Dataset!$O$6&" — neighbours in ascending ρ (target row 8 of the rank matrix)" -> S₄ · class 1 — neighbours in ascending ρ (target row 8 of the rank matrix)
A50: Rank | B50: 1 | C50: 2 | D50: 3 | E50: 4 | F50: 5 | G50: 6 | H50: 7 | I50: 8 | J50: 9
A51: k-neighbourhood | B51: =IF(AND(B$50>='Parameters'!$B$9,B$50<='Parameters'!$B$10,MOD(B$50-'Parameters'!$B$9,2)=0),"k = "&B$50,"") | C51: =IF(AND(C$50>='Parameters'!$B$9,C$50<='Parameters'!$B$10,MOD(C$50-'Parameters'!$B$9,2)=0),"k = "&C$50,"") | D51: =IF(AND(D$50>='Parameters'!$B$9,D$50<='Parameters'!$B$10,MOD(D$50-'Parameters'!$B$9,2)=0),"k = "&D$50,"") -> k = 3 | E51: =IF(AND(E$50>='Parameters'!$B$9,E$50<='Parameters'!$B$10,MOD(E$50-'Parameters'!$B$9,2)=0),"k = "&E$50,"") | F51: =IF(AND(F$50>='Parameters'!$B$9,F$50<='Parameters'!$B$10,MOD(F$50-'Parameters'!$B$9,2)=0),"k = "&F$50,"") -> k = 5 | G51: =IF(AND(G$50>='Parameters'!$B$9,G$50<='Parameters'!$B$10,MOD(G$50-'Parameters'!$B$9,2)=0),"k = "&G$50,"") | H51: =IF(AND(H$50>='Parameters'!$B$9,H$50<='Parameters'!$B$10,MOD(H$50-'Parameters'!$B$9,2)=0),"k = "&H$50,"") | I51: =IF(AND(I$50>='Parameters'!$B$9,I$50<='Parameters'!$B$10,MOD(I$50-'Parameters'!$B$9,2)=0),"k = "&I$50,"") | J51: =IF(AND(J$50>='Parameters'!$B$9,J$50<='Parameters'!$B$10,MOD(J$50-'Parameters'!$B$9,2)=0),"k = "&J$50,"")
A52: Neighbour | B52: =INDEX('Zhuravlev Distances'!$B$4:$K$4,B53) -> S₈ | C52: =INDEX('Zhuravlev Distances'!$B$4:$K$4,C53) -> S₆ | D52: =INDEX('Zhuravlev Distances'!$B$4:$K$4,D53) -> S₉ | E52: =INDEX('Zhuravlev Distances'!$B$4:$K$4,E53) -> S₃ | F52: =INDEX('Zhuravlev Distances'!$B$4:$K$4,F53) -> S₁ | G52: =INDEX('Zhuravlev Distances'!$B$4:$K$4,G53) -> S₇ | H52: =INDEX('Zhuravlev Distances'!$B$4:$K$4,H53) -> S₅ | I52: =INDEX('Zhuravlev Distances'!$B$4:$K$4,I53) -> S₁₀ | J52: =INDEX('Zhuravlev Distances'!$B$4:$K$4,J53) -> S₂
A53: Original index | B53: =MATCH(B$50,$B$8:$K$8,0) -> 8 | C53: =MATCH(C$50,$B$8:$K$8,0) -> 6 | D53: =MATCH(D$50,$B$8:$K$8,0) -> 9 | E53: =MATCH(E$50,$B$8:$K$8,0) -> 3 | F53: =MATCH(F$50,$B$8:$K$8,0) -> 1 | G53: =MATCH(G$50,$B$8:$K$8,0) -> 7 | H53: =MATCH(H$50,$B$8:$K$8,0) -> 5 | I53: =MATCH(I$50,$B$8:$K$8,0) -> 10 | J53: =MATCH(J$50,$B$8:$K$8,0) -> 2
A54: ρ(S₄, neighbour) | B54: =INDEX('Zhuravlev Distances'!$B$8:$K$8,B53) -> 2.6221819 | C54: =INDEX('Zhuravlev Distances'!$B$8:$K$8,C53) -> 3.4022042 | D54: =INDEX('Zhuravlev Distances'!$B$8:$K$8,D53) -> 4.1962328 | E54: =INDEX('Zhuravlev Distances'!$B$8:$K$8,E53) -> 4.4075521 | F54: =INDEX('Zhuravlev Distances'!$B$8:$K$8,F53) -> 4.8429406 | G54: =INDEX('Zhuravlev Distances'!$B$8:$K$8,G53) -> 5.1870262 | H54: =INDEX('Zhuravlev Distances'!$B$8:$K$8,H53) -> 6.0172133 | I54: =INDEX('Zhuravlev Distances'!$B$8:$K$8,I53) -> 6.3981614 | J54: =INDEX('Zhuravlev Distances'!$B$8:$K$8,J53) -> 6.8173527
A55: Class | B55: =INDEX(Dataset!$O$3:$O$12,B53) -> 2 | C55: =INDEX(Dataset!$O$3:$O$12,C53) -> 1 | D55: =INDEX(Dataset!$O$3:$O$12,D53) -> 2 | E55: =INDEX(Dataset!$O$3:$O$12,E53) -> 2 | F55: =INDEX(Dataset!$O$3:$O$12,F53) -> 2 | G55: =INDEX(Dataset!$O$3:$O$12,G53) -> 2 | H55: =INDEX(Dataset!$O$3:$O$12,H53) -> 1 | I55: =INDEX(Dataset!$O$3:$O$12,I53) -> 2 | J55: =INDEX(Dataset!$O$3:$O$12,J53) -> 1
A56: Same class as S₄ | B56: =IF(B55=Dataset!$O$6,1,0) -> 0 | C56: =IF(C55=Dataset!$O$6,1,0) -> 1 | D56: =IF(D55=Dataset!$O$6,1,0) -> 0 | E56: =IF(E55=Dataset!$O$6,1,0) -> 0 | F56: =IF(F55=Dataset!$O$6,1,0) -> 0 | G56: =IF(G55=Dataset!$O$6,1,0) -> 0 | H56: =IF(H55=Dataset!$O$6,1,0) -> 1 | I56: =IF(I55=Dataset!$O$6,1,0) -> 0 | J56: =IF(J55=Dataset!$O$6,1,0) -> 1
A57: Same-class count μ (1 … rank) | B57: =SUM($B56:B56) -> 0 | C57: =SUM($B56:C56) -> 1 | D57: =SUM($B56:D56) -> 1 | E57: =SUM($B56:E56) -> 1 | F57: =SUM($B56:F56) -> 1 | G57: =SUM($B56:G56) -> 1 | H57: =SUM($B56:H56) -> 2 | I57: =SUM($B56:I56) -> 2 | J57: =SUM($B56:J56) -> 3
A58: K1 count χ₁ (1 … rank) | B58: =COUNTIF($B55:B55,1) -> 0 | C58: =COUNTIF($B55:C55,1) -> 1 | D58: =COUNTIF($B55:D55,1) -> 1 | E58: =COUNTIF($B55:E55,1) -> 1 | F58: =COUNTIF($B55:F55,1) -> 1 | G58: =COUNTIF($B55:G55,1) -> 1 | H58: =COUNTIF($B55:H55,1) -> 2 | I58: =COUNTIF($B55:I55,1) -> 2 | J58: =COUNTIF($B55:J55,1) -> 3
A60: ="S₅ · class "&Dataset!$O$7&" — neighbours in ascending ρ (target row 9 of the rank matrix)" -> S₅ · class 1 — neighbours in ascending ρ (target row 9 of the rank matrix)
A61: Rank | B61: 1 | C61: 2 | D61: 3 | E61: 4 | F61: 5 | G61: 6 | H61: 7 | I61: 8 | J61: 9
A62: k-neighbourhood | B62: =IF(AND(B$61>='Parameters'!$B$9,B$61<='Parameters'!$B$10,MOD(B$61-'Parameters'!$B$9,2)=0),"k = "&B$61,"") | C62: =IF(AND(C$61>='Parameters'!$B$9,C$61<='Parameters'!$B$10,MOD(C$61-'Parameters'!$B$9,2)=0),"k = "&C$61,"") | D62: =IF(AND(D$61>='Parameters'!$B$9,D$61<='Parameters'!$B$10,MOD(D$61-'Parameters'!$B$9,2)=0),"k = "&D$61,"") -> k = 3 | E62: =IF(AND(E$61>='Parameters'!$B$9,E$61<='Parameters'!$B$10,MOD(E$61-'Parameters'!$B$9,2)=0),"k = "&E$61,"") | F62: =IF(AND(F$61>='Parameters'!$B$9,F$61<='Parameters'!$B$10,MOD(F$61-'Parameters'!$B$9,2)=0),"k = "&F$61,"") -> k = 5 | G62: =IF(AND(G$61>='Parameters'!$B$9,G$61<='Parameters'!$B$10,MOD(G$61-'Parameters'!$B$9,2)=0),"k = "&G$61,"") | H62: =IF(AND(H$61>='Parameters'!$B$9,H$61<='Parameters'!$B$10,MOD(H$61-'Parameters'!$B$9,2)=0),"k = "&H$61,"") | I62: =IF(AND(I$61>='Parameters'!$B$9,I$61<='Parameters'!$B$10,MOD(I$61-'Parameters'!$B$9,2)=0),"k = "&I$61,"") | J62: =IF(AND(J$61>='Parameters'!$B$9,J$61<='Parameters'!$B$10,MOD(J$61-'Parameters'!$B$9,2)=0),"k = "&J$61,"")
A63: Neighbour | B63: =INDEX('Zhuravlev Distances'!$B$4:$K$4,B64) -> S₃ | C63: =INDEX('Zhuravlev Distances'!$B$4:$K$4,C64) -> S₈ | D63: =INDEX('Zhuravlev Distances'!$B$4:$K$4,D64) -> S₄ | E63: =INDEX('Zhuravlev Distances'!$B$4:$K$4,E64) -> S₁ | F63: =INDEX('Zhuravlev Distances'!$B$4:$K$4,F64) -> S₆ | G63: =INDEX('Zhuravlev Distances'!$B$4:$K$4,G64) -> S₂ | H63: =INDEX('Zhuravlev Distances'!$B$4:$K$4,H64) -> S₇ | I63: =INDEX('Zhuravlev Distances'!$B$4:$K$4,I64) -> S₉ | J63: =INDEX('Zhuravlev Distances'!$B$4:$K$4,J64) -> S₁₀
A64: Original index | B64: =MATCH(B$61,$B$9:$K$9,0) -> 3 | C64: =MATCH(C$61,$B$9:$K$9,0) -> 8 | D64: =MATCH(D$61,$B$9:$K$9,0) -> 4 | E64: =MATCH(E$61,$B$9:$K$9,0) -> 1 | F64: =MATCH(F$61,$B$9:$K$9,0) -> 6 | G64: =MATCH(G$61,$B$9:$K$9,0) -> 2 | H64: =MATCH(H$61,$B$9:$K$9,0) -> 7 | I64: =MATCH(I$61,$B$9:$K$9,0) -> 9 | J64: =MATCH(J$61,$B$9:$K$9,0) -> 10
A65: ρ(S₅, neighbour) | B65: =INDEX('Zhuravlev Distances'!$B$9:$K$9,B64) -> 5.7324577 | C65: =INDEX('Zhuravlev Distances'!$B$9:$K$9,C64) -> 5.7470875 | D65: =INDEX('Zhuravlev Distances'!$B$9:$K$9,D64) -> 6.0172133 | E65: =INDEX('Zhuravlev Distances'!$B$9:$K$9,E64) -> 6.0394025 | F65: =INDEX('Zhuravlev Distances'!$B$9:$K$9,F64) -> 6.4159987 | G65: =INDEX('Zhuravlev Distances'!$B$9:$K$9,G64) -> 6.5779172 | H65: =INDEX('Zhuravlev Distances'!$B$9:$K$9,H64) -> 6.7119318 | I65: =INDEX('Zhuravlev Distances'!$B$9:$K$9,I64) -> 7.6901307 | J65: =INDEX('Zhuravlev Distances'!$B$9:$K$9,J64) -> 7.8920592
A66: Class | B66: =INDEX(Dataset!$O$3:$O$12,B64) -> 2 | C66: =INDEX(Dataset!$O$3:$O$12,C64) -> 2 | D66: =INDEX(Dataset!$O$3:$O$12,D64) -> 1 | E66: =INDEX(Dataset!$O$3:$O$12,E64) -> 2 | F66: =INDEX(Dataset!$O$3:$O$12,F64) -> 1 | G66: =INDEX(Dataset!$O$3:$O$12,G64) -> 1 | H66: =INDEX(Dataset!$O$3:$O$12,H64) -> 2 | I66: =INDEX(Dataset!$O$3:$O$12,I64) -> 2 | J66: =INDEX(Dataset!$O$3:$O$12,J64) -> 2
A67: Same class as S₅ | B67: =IF(B66=Dataset!$O$7,1,0) -> 0 | C67: =IF(C66=Dataset!$O$7,1,0) -> 0 | D67: =IF(D66=Dataset!$O$7,1,0) -> 1 | E67: =IF(E66=Dataset!$O$7,1,0) -> 0 | F67: =IF(F66=Dataset!$O$7,1,0) -> 1 | G67: =IF(G66=Dataset!$O$7,1,0) -> 1 | H67: =IF(H66=Dataset!$O$7,1,0) -> 0 | I67: =IF(I66=Dataset!$O$7,1,0) -> 0 | J67: =IF(J66=Dataset!$O$7,1,0) -> 0
A68: Same-class count μ (1 … rank) | B68: =SUM($B67:B67) -> 0 | C68: =SUM($B67:C67) -> 0 | D68: =SUM($B67:D67) -> 1 | E68: =SUM($B67:E67) -> 1 | F68: =SUM($B67:F67) -> 2 | G68: =SUM($B67:G67) -> 3 | H68: =SUM($B67:H67) -> 3 | I68: =SUM($B67:I67) -> 3 | J68: =SUM($B67:J67) -> 3
A69: K1 count χ₁ (1 … rank) | B69: =COUNTIF($B66:B66,1) -> 0 | C69: =COUNTIF($B66:C66,1) -> 0 | D69: =COUNTIF($B66:D66,1) -> 1 | E69: =COUNTIF($B66:E66,1) -> 1 | F69: =COUNTIF($B66:F66,1) -> 2 | G69: =COUNTIF($B66:G66,1) -> 3 | H69: =COUNTIF($B66:H66,1) -> 3 | I69: =COUNTIF($B66:I66,1) -> 3 | J69: =COUNTIF($B66:J66,1) -> 3
A71: ="S₆ · class "&Dataset!$O$8&" — neighbours in ascending ρ (target row 10 of the rank matrix)" -> S₆ · class 1 — neighbours in ascending ρ (target row 10 of the rank matrix)
A72: Rank | B72: 1 | C72: 2 | D72: 3 | E72: 4 | F72: 5 | G72: 6 | H72: 7 | I72: 8 | J72: 9
A73: k-neighbourhood | B73: =IF(AND(B$72>='Parameters'!$B$9,B$72<='Parameters'!$B$10,MOD(B$72-'Parameters'!$B$9,2)=0),"k = "&B$72,"") | C73: =IF(AND(C$72>='Parameters'!$B$9,C$72<='Parameters'!$B$10,MOD(C$72-'Parameters'!$B$9,2)=0),"k = "&C$72,"") | D73: =IF(AND(D$72>='Parameters'!$B$9,D$72<='Parameters'!$B$10,MOD(D$72-'Parameters'!$B$9,2)=0),"k = "&D$72,"") -> k = 3 | E73: =IF(AND(E$72>='Parameters'!$B$9,E$72<='Parameters'!$B$10,MOD(E$72-'Parameters'!$B$9,2)=0),"k = "&E$72,"") | F73: =IF(AND(F$72>='Parameters'!$B$9,F$72<='Parameters'!$B$10,MOD(F$72-'Parameters'!$B$9,2)=0),"k = "&F$72,"") -> k = 5 | G73: =IF(AND(G$72>='Parameters'!$B$9,G$72<='Parameters'!$B$10,MOD(G$72-'Parameters'!$B$9,2)=0),"k = "&G$72,"") | H73: =IF(AND(H$72>='Parameters'!$B$9,H$72<='Parameters'!$B$10,MOD(H$72-'Parameters'!$B$9,2)=0),"k = "&H$72,"") | I73: =IF(AND(I$72>='Parameters'!$B$9,I$72<='Parameters'!$B$10,MOD(I$72-'Parameters'!$B$9,2)=0),"k = "&I$72,"") | J73: =IF(AND(J$72>='Parameters'!$B$9,J$72<='Parameters'!$B$10,MOD(J$72-'Parameters'!$B$9,2)=0),"k = "&J$72,"")
A74: Neighbour | B74: =INDEX('Zhuravlev Distances'!$B$4:$K$4,B75) -> S₃ | C74: =INDEX('Zhuravlev Distances'!$B$4:$K$4,C75) -> S₄ | D74: =INDEX('Zhuravlev Distances'!$B$4:$K$4,D75) -> S₈ | E74: =INDEX('Zhuravlev Distances'!$B$4:$K$4,E75) -> S₉ | F74: =INDEX('Zhuravlev Distances'!$B$4:$K$4,F75) -> S₂ | G74: =INDEX('Zhuravlev Distances'!$B$4:$K$4,G75) -> S₁ | H74: =INDEX('Zhuravlev Distances'!$B$4:$K$4,H75) -> S₅ | I74: =INDEX('Zhuravlev Distances'!$B$4:$K$4,I75) -> S₁₀ | J74: =INDEX('Zhuravlev Distances'!$B$4:$K$4,J75) -> S₇
A75: Original index | B75: =MATCH(B$72,$B$10:$K$10,0) -> 3 | C75: =MATCH(C$72,$B$10:$K$10,0) -> 4 | D75: =MATCH(D$72,$B$10:$K$10,0) -> 8 | E75: =MATCH(E$72,$B$10:$K$10,0) -> 9 | F75: =MATCH(F$72,$B$10:$K$10,0) -> 2 | G75: =MATCH(G$72,$B$10:$K$10,0) -> 1 | H75: =MATCH(H$72,$B$10:$K$10,0) -> 5 | I75: =MATCH(I$72,$B$10:$K$10,0) -> 10 | J75: =MATCH(J$72,$B$10:$K$10,0) -> 7
A76: ρ(S₆, neighbour) | B76: =INDEX('Zhuravlev Distances'!$B$10:$K$10,B75) -> 1.8031991 | C76: =INDEX('Zhuravlev Distances'!$B$10:$K$10,C75) -> 3.4022042 | D76: =INDEX('Zhuravlev Distances'!$B$10:$K$10,D75) -> 4.3181689 | E76: =INDEX('Zhuravlev Distances'!$B$10:$K$10,E75) -> 4.4162508 | F76: =INDEX('Zhuravlev Distances'!$B$10:$K$10,F75) -> 5.8595929 | G76: =INDEX('Zhuravlev Distances'!$B$10:$K$10,G75) -> 5.9056936 | H76: =INDEX('Zhuravlev Distances'!$B$10:$K$10,H75) -> 6.4159987 | I76: =INDEX('Zhuravlev Distances'!$B$10:$K$10,I75) -> 6.6181794 | J76: =INDEX('Zhuravlev Distances'!$B$10:$K$10,J75) -> 7.3708685
A77: Class | B77: =INDEX(Dataset!$O$3:$O$12,B75) -> 2 | C77: =INDEX(Dataset!$O$3:$O$12,C75) -> 1 | D77: =INDEX(Dataset!$O$3:$O$12,D75) -> 2 | E77: =INDEX(Dataset!$O$3:$O$12,E75) -> 2 | F77: =INDEX(Dataset!$O$3:$O$12,F75) -> 1 | G77: =INDEX(Dataset!$O$3:$O$12,G75) -> 2 | H77: =INDEX(Dataset!$O$3:$O$12,H75) -> 1 | I77: =INDEX(Dataset!$O$3:$O$12,I75) -> 2 | J77: =INDEX(Dataset!$O$3:$O$12,J75) -> 2
A78: Same class as S₆ | B78: =IF(B77=Dataset!$O$8,1,0) -> 0 | C78: =IF(C77=Dataset!$O$8,1,0) -> 1 | D78: =IF(D77=Dataset!$O$8,1,0) -> 0 | E78: =IF(E77=Dataset!$O$8,1,0) -> 0 | F78: =IF(F77=Dataset!$O$8,1,0) -> 1 | G78: =IF(G77=Dataset!$O$8,1,0) -> 0 | H78: =IF(H77=Dataset!$O$8,1,0) -> 1 | I78: =IF(I77=Dataset!$O$8,1,0) -> 0 | J78: =IF(J77=Dataset!$O$8,1,0) -> 0
A79: Same-class count μ (1 … rank) | B79: =SUM($B78:B78) -> 0 | C79: =SUM($B78:C78) -> 1 | D79: =SUM($B78:D78) -> 1 | E79: =SUM($B78:E78) -> 1 | F79: =SUM($B78:F78) -> 2 | G79: =SUM($B78:G78) -> 2 | H79: =SUM($B78:H78) -> 3 | I79: =SUM($B78:I78) -> 3 | J79: =SUM($B78:J78) -> 3
A80: K1 count χ₁ (1 … rank) | B80: =COUNTIF($B77:B77,1) -> 0 | C80: =COUNTIF($B77:C77,1) -> 1 | D80: =COUNTIF($B77:D77,1) -> 1 | E80: =COUNTIF($B77:E77,1) -> 1 | F80: =COUNTIF($B77:F77,1) -> 2 | G80: =COUNTIF($B77:G77,1) -> 2 | H80: =COUNTIF($B77:H77,1) -> 3 | I80: =COUNTIF($B77:I77,1) -> 3 | J80: =COUNTIF($B77:J77,1) -> 3
A82: ="S₇ · class "&Dataset!$O$9&" — neighbours in ascending ρ (target row 11 of the rank matrix)" -> S₇ · class 2 — neighbours in ascending ρ (target row 11 of the rank matrix)
A83: Rank | B83: 1 | C83: 2 | D83: 3 | E83: 4 | F83: 5 | G83: 6 | H83: 7 | I83: 8 | J83: 9
A84: k-neighbourhood | B84: =IF(AND(B$83>='Parameters'!$B$9,B$83<='Parameters'!$B$10,MOD(B$83-'Parameters'!$B$9,2)=0),"k = "&B$83,"") | C84: =IF(AND(C$83>='Parameters'!$B$9,C$83<='Parameters'!$B$10,MOD(C$83-'Parameters'!$B$9,2)=0),"k = "&C$83,"") | D84: =IF(AND(D$83>='Parameters'!$B$9,D$83<='Parameters'!$B$10,MOD(D$83-'Parameters'!$B$9,2)=0),"k = "&D$83,"") -> k = 3 | E84: =IF(AND(E$83>='Parameters'!$B$9,E$83<='Parameters'!$B$10,MOD(E$83-'Parameters'!$B$9,2)=0),"k = "&E$83,"") | F84: =IF(AND(F$83>='Parameters'!$B$9,F$83<='Parameters'!$B$10,MOD(F$83-'Parameters'!$B$9,2)=0),"k = "&F$83,"") -> k = 5 | G84: =IF(AND(G$83>='Parameters'!$B$9,G$83<='Parameters'!$B$10,MOD(G$83-'Parameters'!$B$9,2)=0),"k = "&G$83,"") | H84: =IF(AND(H$83>='Parameters'!$B$9,H$83<='Parameters'!$B$10,MOD(H$83-'Parameters'!$B$9,2)=0),"k = "&H$83,"") | I84: =IF(AND(I$83>='Parameters'!$B$9,I$83<='Parameters'!$B$10,MOD(I$83-'Parameters'!$B$9,2)=0),"k = "&I$83,"") | J84: =IF(AND(J$83>='Parameters'!$B$9,J$83<='Parameters'!$B$10,MOD(J$83-'Parameters'!$B$9,2)=0),"k = "&J$83,"")
A85: Neighbour | B85: =INDEX('Zhuravlev Distances'!$B$4:$K$4,B86) -> S₈ | C85: =INDEX('Zhuravlev Distances'!$B$4:$K$4,C86) -> S₄ | D85: =INDEX('Zhuravlev Distances'!$B$4:$K$4,D86) -> S₉ | E85: =INDEX('Zhuravlev Distances'!$B$4:$K$4,E86) -> S₁ | F85: =INDEX('Zhuravlev Distances'!$B$4:$K$4,F86) -> S₃ | G85: =INDEX('Zhuravlev Distances'!$B$4:$K$4,G86) -> S₂ | H85: =INDEX('Zhuravlev Distances'!$B$4:$K$4,H86) -> S₅ | I85: =INDEX('Zhuravlev Distances'!$B$4:$K$4,I86) -> S₆ | J85: =INDEX('Zhuravlev Distances'!$B$4:$K$4,J86) -> S₁₀
A86: Original index | B86: =MATCH(B$83,$B$11:$K$11,0) -> 8 | C86: =MATCH(C$83,$B$11:$K$11,0) -> 4 | D86: =MATCH(D$83,$B$11:$K$11,0) -> 9 | E86: =MATCH(E$83,$B$11:$K$11,0) -> 1 | F86: =MATCH(F$83,$B$11:$K$11,0) -> 3 | G86: =MATCH(G$83,$B$11:$K$11,0) -> 2 | H86: =MATCH(H$83,$B$11:$K$11,0) -> 5 | I86: =MATCH(I$83,$B$11:$K$11,0) -> 6 | J86: =MATCH(J$83,$B$11:$K$11,0) -> 10
A87: ρ(S₇, neighbour) | B87: =INDEX('Zhuravlev Distances'!$B$11:$K$11,B86) -> 3.8684891 | C87: =INDEX('Zhuravlev Distances'!$B$11:$K$11,C86) -> 5.1870262 | D87: =INDEX('Zhuravlev Distances'!$B$11:$K$11,D86) -> 5.4898268 | E87: =INDEX('Zhuravlev Distances'!$B$11:$K$11,E86) -> 6.5963636 | F87: =INDEX('Zhuravlev Distances'!$B$11:$K$11,F86) -> 6.6461408 | G87: =INDEX('Zhuravlev Distances'!$B$11:$K$11,G86) -> 6.655391 | H87: =INDEX('Zhuravlev Distances'!$B$11:$K$11,H86) -> 6.7119318 | I87: =INDEX('Zhuravlev Distances'!$B$11:$K$11,I86) -> 7.3708685 | J87: =INDEX('Zhuravlev Distances'!$B$11:$K$11,J86) -> 8.0250887
A88: Class | B88: =INDEX(Dataset!$O$3:$O$12,B86) -> 2 | C88: =INDEX(Dataset!$O$3:$O$12,C86) -> 1 | D88: =INDEX(Dataset!$O$3:$O$12,D86) -> 2 | E88: =INDEX(Dataset!$O$3:$O$12,E86) -> 2 | F88: =INDEX(Dataset!$O$3:$O$12,F86) -> 2 | G88: =INDEX(Dataset!$O$3:$O$12,G86) -> 1 | H88: =INDEX(Dataset!$O$3:$O$12,H86) -> 1 | I88: =INDEX(Dataset!$O$3:$O$12,I86) -> 1 | J88: =INDEX(Dataset!$O$3:$O$12,J86) -> 2
A89: Same class as S₇ | B89: =IF(B88=Dataset!$O$9,1,0) -> 1 | C89: =IF(C88=Dataset!$O$9,1,0) -> 0 | D89: =IF(D88=Dataset!$O$9,1,0) -> 1 | E89: =IF(E88=Dataset!$O$9,1,0) -> 1 | F89: =IF(F88=Dataset!$O$9,1,0) -> 1 | G89: =IF(G88=Dataset!$O$9,1,0) -> 0 | H89: =IF(H88=Dataset!$O$9,1,0) -> 0 | I89: =IF(I88=Dataset!$O$9,1,0) -> 0 | J89: =IF(J88=Dataset!$O$9,1,0) -> 1
A90: Same-class count μ (1 … rank) | B90: =SUM($B89:B89) -> 1 | C90: =SUM($B89:C89) -> 1 | D90: =SUM($B89:D89) -> 2 | E90: =SUM($B89:E89) -> 3 | F90: =SUM($B89:F89) -> 4 | G90: =SUM($B89:G89) -> 4 | H90: =SUM($B89:H89) -> 4 | I90: =SUM($B89:I89) -> 4 | J90: =SUM($B89:J89) -> 5
A91: K1 count χ₁ (1 … rank) | B91: =COUNTIF($B88:B88,1) -> 0 | C91: =COUNTIF($B88:C88,1) -> 1 | D91: =COUNTIF($B88:D88,1) -> 1 | E91: =COUNTIF($B88:E88,1) -> 1 | F91: =COUNTIF($B88:F88,1) -> 1 | G91: =COUNTIF($B88:G88,1) -> 2 | H91: =COUNTIF($B88:H88,1) -> 3 | I91: =COUNTIF($B88:I88,1) -> 4 | J91: =COUNTIF($B88:J88,1) -> 4
A93: ="S₈ · class "&Dataset!$O$10&" — neighbours in ascending ρ (target row 12 of the rank matrix)" -> S₈ · class 2 — neighbours in ascending ρ (target row 12 of the rank matrix)
A94: Rank | B94: 1 | C94: 2 | D94: 3 | E94: 4 | F94: 5 | G94: 6 | H94: 7 | I94: 8 | J94: 9
A95: k-neighbourhood | B95: =IF(AND(B$94>='Parameters'!$B$9,B$94<='Parameters'!$B$10,MOD(B$94-'Parameters'!$B$9,2)=0),"k = "&B$94,"") | C95: =IF(AND(C$94>='Parameters'!$B$9,C$94<='Parameters'!$B$10,MOD(C$94-'Parameters'!$B$9,2)=0),"k = "&C$94,"") | D95: =IF(AND(D$94>='Parameters'!$B$9,D$94<='Parameters'!$B$10,MOD(D$94-'Parameters'!$B$9,2)=0),"k = "&D$94,"") -> k = 3 | E95: =IF(AND(E$94>='Parameters'!$B$9,E$94<='Parameters'!$B$10,MOD(E$94-'Parameters'!$B$9,2)=0),"k = "&E$94,"") | F95: =IF(AND(F$94>='Parameters'!$B$9,F$94<='Parameters'!$B$10,MOD(F$94-'Parameters'!$B$9,2)=0),"k = "&F$94,"") -> k = 5 | G95: =IF(AND(G$94>='Parameters'!$B$9,G$94<='Parameters'!$B$10,MOD(G$94-'Parameters'!$B$9,2)=0),"k = "&G$94,"") | H95: =IF(AND(H$94>='Parameters'!$B$9,H$94<='Parameters'!$B$10,MOD(H$94-'Parameters'!$B$9,2)=0),"k = "&H$94,"") | I95: =IF(AND(I$94>='Parameters'!$B$9,I$94<='Parameters'!$B$10,MOD(I$94-'Parameters'!$B$9,2)=0),"k = "&I$94,"") | J95: =IF(AND(J$94>='Parameters'!$B$9,J$94<='Parameters'!$B$10,MOD(J$94-'Parameters'!$B$9,2)=0),"k = "&J$94,"")
A96: Neighbour | B96: =INDEX('Zhuravlev Distances'!$B$4:$K$4,B97) -> S₄ | C96: =INDEX('Zhuravlev Distances'!$B$4:$K$4,C97) -> S₉ | D96: =INDEX('Zhuravlev Distances'!$B$4:$K$4,D97) -> S₇ | E96: =INDEX('Zhuravlev Distances'!$B$4:$K$4,E97) -> S₆ | F96: =INDEX('Zhuravlev Distances'!$B$4:$K$4,F97) -> S₁ | G96: =INDEX('Zhuravlev Distances'!$B$4:$K$4,G97) -> S₃ | H96: =INDEX('Zhuravlev Distances'!$B$4:$K$4,H97) -> S₂ | I96: =INDEX('Zhuravlev Distances'!$B$4:$K$4,I97) -> S₁₀ | J96: =INDEX('Zhuravlev Distances'!$B$4:$K$4,J97) -> S₅
A97: Original index | B97: =MATCH(B$94,$B$12:$K$12,0) -> 4 | C97: =MATCH(C$94,$B$12:$K$12,0) -> 9 | D97: =MATCH(D$94,$B$12:$K$12,0) -> 7 | E97: =MATCH(E$94,$B$12:$K$12,0) -> 6 | F97: =MATCH(F$94,$B$12:$K$12,0) -> 1 | G97: =MATCH(G$94,$B$12:$K$12,0) -> 3 | H97: =MATCH(H$94,$B$12:$K$12,0) -> 2 | I97: =MATCH(I$94,$B$12:$K$12,0) -> 10 | J97: =MATCH(J$94,$B$12:$K$12,0) -> 5
A98: ρ(S₈, neighbour) | B98: =INDEX('Zhuravlev Distances'!$B$12:$K$12,B97) -> 2.6221819 | C98: =INDEX('Zhuravlev Distances'!$B$12:$K$12,C97) -> 2.709193 | D98: =INDEX('Zhuravlev Distances'!$B$12:$K$12,D97) -> 3.8684891 | E98: =INDEX('Zhuravlev Distances'!$B$12:$K$12,E97) -> 4.3181689 | F98: =INDEX('Zhuravlev Distances'!$B$12:$K$12,F97) -> 4.8157298 | G98: =INDEX('Zhuravlev Distances'!$B$12:$K$12,G97) -> 5.1035187 | H98: =INDEX('Zhuravlev Distances'!$B$12:$K$12,H97) -> 5.1247573 | I98: =INDEX('Zhuravlev Distances'!$B$12:$K$12,I97) -> 5.2444549 | J98: =INDEX('Zhuravlev Distances'!$B$12:$K$12,J97) -> 5.7470875
A99: Class | B99: =INDEX(Dataset!$O$3:$O$12,B97) -> 1 | C99: =INDEX(Dataset!$O$3:$O$12,C97) -> 2 | D99: =INDEX(Dataset!$O$3:$O$12,D97) -> 2 | E99: =INDEX(Dataset!$O$3:$O$12,E97) -> 1 | F99: =INDEX(Dataset!$O$3:$O$12,F97) -> 2 | G99: =INDEX(Dataset!$O$3:$O$12,G97) -> 2 | H99: =INDEX(Dataset!$O$3:$O$12,H97) -> 1 | I99: =INDEX(Dataset!$O$3:$O$12,I97) -> 2 | J99: =INDEX(Dataset!$O$3:$O$12,J97) -> 1
A100: Same class as S₈ | B100: =IF(B99=Dataset!$O$10,1,0) -> 0 | C100: =IF(C99=Dataset!$O$10,1,0) -> 1 | D100: =IF(D99=Dataset!$O$10,1,0) -> 1 | E100: =IF(E99=Dataset!$O$10,1,0) -> 0 | F100: =IF(F99=Dataset!$O$10,1,0) -> 1 | G100: =IF(G99=Dataset!$O$10,1,0) -> 1 | H100: =IF(H99=Dataset!$O$10,1,0) -> 0 | I100: =IF(I99=Dataset!$O$10,1,0) -> 1 | J100: =IF(J99=Dataset!$O$10,1,0) -> 0
A101: Same-class count μ (1 … rank) | B101: =SUM($B100:B100) -> 0 | C101: =SUM($B100:C100) -> 1 | D101: =SUM($B100:D100) -> 2 | E101: =SUM($B100:E100) -> 2 | F101: =SUM($B100:F100) -> 3 | G101: =SUM($B100:G100) -> 4 | H101: =SUM($B100:H100) -> 4 | I101: =SUM($B100:I100) -> 5 | J101: =SUM($B100:J100) -> 5
A102: K1 count χ₁ (1 … rank) | B102: =COUNTIF($B99:B99,1) -> 1 | C102: =COUNTIF($B99:C99,1) -> 1 | D102: =COUNTIF($B99:D99,1) -> 1 | E102: =COUNTIF($B99:E99,1) -> 2 | F102: =COUNTIF($B99:F99,1) -> 2 | G102: =COUNTIF($B99:G99,1) -> 2 | H102: =COUNTIF($B99:H99,1) -> 3 | I102: =COUNTIF($B99:I99,1) -> 3 | J102: =COUNTIF($B99:J99,1) -> 4
A104: ="S₉ · class "&Dataset!$O$11&" — neighbours in ascending ρ (target row 13 of the rank matrix)" -> S₉ · class 2 — neighbours in ascending ρ (target row 13 of the rank matrix)
A105: Rank | B105: 1 | C105: 2 | D105: 3 | E105: 4 | F105: 5 | G105: 6 | H105: 7 | I105: 8 | J105: 9
A106: k-neighbourhood | B106: =IF(AND(B$105>='Parameters'!$B$9,B$105<='Parameters'!$B$10,MOD(B$105-'Parameters'!$B$9,2)=0),"k = "&B$105,"") | C106: =IF(AND(C$105>='Parameters'!$B$9,C$105<='Parameters'!$B$10,MOD(C$105-'Parameters'!$B$9,2)=0),"k = "&C$105,"") | D106: =IF(AND(D$105>='Parameters'!$B$9,D$105<='Parameters'!$B$10,MOD(D$105-'Parameters'!$B$9,2)=0),"k = "&D$105,"") -> k = 3 | E106: =IF(AND(E$105>='Parameters'!$B$9,E$105<='Parameters'!$B$10,MOD(E$105-'Parameters'!$B$9,2)=0),"k = "&E$105,"") | F106: =IF(AND(F$105>='Parameters'!$B$9,F$105<='Parameters'!$B$10,MOD(F$105-'Parameters'!$B$9,2)=0),"k = "&F$105,"") -> k = 5 | G106: =IF(AND(G$105>='Parameters'!$B$9,G$105<='Parameters'!$B$10,MOD(G$105-'Parameters'!$B$9,2)=0),"k = "&G$105,"") | H106: =IF(AND(H$105>='Parameters'!$B$9,H$105<='Parameters'!$B$10,MOD(H$105-'Parameters'!$B$9,2)=0),"k = "&H$105,"") | I106: =IF(AND(I$105>='Parameters'!$B$9,I$105<='Parameters'!$B$10,MOD(I$105-'Parameters'!$B$9,2)=0),"k = "&I$105,"") | J106: =IF(AND(J$105>='Parameters'!$B$9,J$105<='Parameters'!$B$10,MOD(J$105-'Parameters'!$B$9,2)=0),"k = "&J$105,"")
A107: Neighbour | B107: =INDEX('Zhuravlev Distances'!$B$4:$K$4,B108) -> S₈ | C107: =INDEX('Zhuravlev Distances'!$B$4:$K$4,C108) -> S₁₀ | D107: =INDEX('Zhuravlev Distances'!$B$4:$K$4,D108) -> S₁ | E107: =INDEX('Zhuravlev Distances'!$B$4:$K$4,E108) -> S₄ | F107: =INDEX('Zhuravlev Distances'!$B$4:$K$4,F108) -> S₆ | G107: =INDEX('Zhuravlev Distances'!$B$4:$K$4,G108) -> S₂ | H107: =INDEX('Zhuravlev Distances'!$B$4:$K$4,H108) -> S₃ | I107: =INDEX('Zhuravlev Distances'!$B$4:$K$4,I108) -> S₇ | J107: =INDEX('Zhuravlev Distances'!$B$4:$K$4,J108) -> S₅
A108: Original index | B108: =MATCH(B$105,$B$13:$K$13,0) -> 8 | C108: =MATCH(C$105,$B$13:$K$13,0) -> 10 | D108: =MATCH(D$105,$B$13:$K$13,0) -> 1 | E108: =MATCH(E$105,$B$13:$K$13,0) -> 4 | F108: =MATCH(F$105,$B$13:$K$13,0) -> 6 | G108: =MATCH(G$105,$B$13:$K$13,0) -> 2 | H108: =MATCH(H$105,$B$13:$K$13,0) -> 3 | I108: =MATCH(I$105,$B$13:$K$13,0) -> 7 | J108: =MATCH(J$105,$B$13:$K$13,0) -> 5
A109: ρ(S₉, neighbour) | B109: =INDEX('Zhuravlev Distances'!$B$13:$K$13,B108) -> 2.709193 | C109: =INDEX('Zhuravlev Distances'!$B$13:$K$13,C108) -> 3.0275696 | D109: =INDEX('Zhuravlev Distances'!$B$13:$K$13,D108) -> 3.4680753 | E109: =INDEX('Zhuravlev Distances'!$B$13:$K$13,E108) -> 4.1962328 | F109: =INDEX('Zhuravlev Distances'!$B$13:$K$13,F108) -> 4.4162508 | G109: =INDEX('Zhuravlev Distances'!$B$13:$K$13,G108) -> 4.6399233 | H109: =INDEX('Zhuravlev Distances'!$B$13:$K$13,H108) -> 4.9990166 | I109: =INDEX('Zhuravlev Distances'!$B$13:$K$13,I108) -> 5.4898268 | J109: =INDEX('Zhuravlev Distances'!$B$13:$K$13,J108) -> 7.6901307
A110: Class | B110: =INDEX(Dataset!$O$3:$O$12,B108) -> 2 | C110: =INDEX(Dataset!$O$3:$O$12,C108) -> 2 | D110: =INDEX(Dataset!$O$3:$O$12,D108) -> 2 | E110: =INDEX(Dataset!$O$3:$O$12,E108) -> 1 | F110: =INDEX(Dataset!$O$3:$O$12,F108) -> 1 | G110: =INDEX(Dataset!$O$3:$O$12,G108) -> 1 | H110: =INDEX(Dataset!$O$3:$O$12,H108) -> 2 | I110: =INDEX(Dataset!$O$3:$O$12,I108) -> 2 | J110: =INDEX(Dataset!$O$3:$O$12,J108) -> 1
...

Sheet Sorted Neighbors (ρ_I)
A1: Step 3 · Operator ρ_I — neighbours of every object sorted by ascending ρ_I, original index and class kept
A3: Rank of Sⱼ in the neighbour list of Sᵢ under ρ_I (self excluded; equal distances → smaller original index first)
A4: Sᵢ \ Sⱼ | B4: S₁ | C4: S₂ | D4: S₃ | E4: S₄ | F4: S₅ | G4: S₆ | H4: S₇ | I4: S₈ | J4: S₉ | K4: S₁₀
A5: S₁ | B5: — | C5: =1+SUMPRODUCT(('Zhuravlev Distances'!$B$18:$K$18<'Zhuravlev Distances'!C$18)*(COLUMN('Zhuravlev Distances'!$B$18:$K$18)<>COLUMN('Zhuravlev Distances'!B$18)))+SUMPRODUCT(('Zhuravlev Distances'!$B$18:$K$18='Zhuravlev Distances'!C$18)*(COLUMN('Zhuravlev Distances'!$B$18:$K$18)<COLUMN('Zhuravlev Distances'!C$18))*(COLUMN('Zhuravlev Distances'!$B$18:$K$18)<>COLUMN('Zhuravlev Distances'!B$18))) -> 9 | D5: =1+SUMPRODUCT(('Zhuravlev Distances'!$B$18:$K$18<'Zhuravlev Distances'!D$18)*(COLUMN('Zhuravlev Distances'!$B$18:$K$18)<>COLUMN('Zhuravlev Distances'!B$18)))+SUMPRODUCT(('Zhuravlev Distances'!$B$18:$K$18='Zhuravlev Distances'!D$18)*(COLUMN('Zhuravlev Distances'!$B$18:$K$18)<COLUMN('Zhuravlev Distances'!D$18))*(COLUMN('Zhuravlev Distances'!$B$18:$K$18)<>COLUMN('Zhuravlev Distances'!B$18))) -> 8 | E5: =1+SUMPRODUCT(('Zhuravlev Distances'!$B$18:$K$18<'Zhuravlev Distances'!E$18)*(COLUMN('Zhuravlev Distances'!$B$18:$K$18)<>COLUMN('Zhuravlev Distances'!B$18)))+SUMPRODUCT(('Zhuravlev Distances'!$B$18:$K$18='Zhuravlev Distances'!E$18)*(COLUMN('Zhuravlev Distances'!$B$18:$K$18)<COLUMN('Zhuravlev Distances'!E$18))*(COLUMN('Zhuravlev Distances'!$B$18:$K$18)<>COLUMN('Zhuravlev Distances'!B$18))) -> 1 | F5: =1+SUMPRODUCT(('Zhuravlev Distances'!$B$18:$K$18<'Zhuravlev Distances'!F$18)*(COLUMN('Zhuravlev Distances'!$B$18:$K$18)<>COLUMN('Zhuravlev Distances'!B$18)))+SUMPRODUCT(('Zhuravlev Distances'!$B$18:$K$18='Zhuravlev Distances'!F$18)*(COLUMN('Zhuravlev Distances'!$B$18:$K$18)<COLUMN('Zhuravlev Distances'!F$18))*(COLUMN('Zhuravlev Distances'!$B$18:$K$18)<>COLUMN('Zhuravlev Distances'!B$18))) -> 2 | G5: =1+SUMPRODUCT(('Zhuravlev Distances'!$B$18:$K$18<'Zhuravlev Distances'!G$18)*(COLUMN('Zhuravlev Distances'!$B$18:$K$18)<>COLUMN('Zhuravlev Distances'!B$18)))+SUMPRODUCT(('Zhuravlev Distances'!$B$18:$K$18='Zhuravlev Distances'!G$18)*(COLUMN('Zhuravlev Distances'!$B$18:$K$18)<COLUMN('Zhuravlev Distances'!G$18))*(COLUMN('Zhuravlev Distances'!$B$18:$K$18)<>COLUMN('Zhuravlev Distances'!B$18))) -> 7 | H5: =1+SUMPRODUCT(('Zhuravlev Distances'!$B$18:$K$18<'Zhuravlev Distances'!H$18)*(COLUMN('Zhuravlev Distances'!$B$18:$K$18)<>COLUMN('Zhuravlev Distances'!B$18)))+SUMPRODUCT(('Zhuravlev Distances'!$B$18:$K$18='Zhuravlev Distances'!H$18)*(COLUMN('Zhuravlev Distances'!$B$18:$K$18)<COLUMN('Zhuravlev Distances'!H$18))*(COLUMN('Zhuravlev Distances'!$B$18:$K$18)<>COLUMN('Zhuravlev Distances'!B$18))) -> 5 | I5: =1+SUMPRODUCT(('Zhuravlev Distances'!$B$18:$K$18<'Zhuravlev Distances'!I$18)*(COLUMN('Zhuravlev Distances'!$B$18:$K$18)<>COLUMN('Zhuravlev Distances'!B$18)))+SUMPRODUCT(('Zhuravlev Distances'!$B$18:$K$18='Zhuravlev Distances'!I$18)*(COLUMN('Zhuravlev Distances'!$B$18:$K$18)<COLUMN('Zhuravlev Distances'!I$18))*(COLUMN('Zhuravlev Distances'!$B$18:$K$18)<>COLUMN('Zhuravlev Distances'!B$18))) -> 6 | J5: =1+SUMPRODUCT(('Zhuravlev Distances'!$B$18:$K$18<'Zhuravlev Distances'!J$18)*(COLUMN('Zhuravlev Distances'!$B$18:$K$18)<>COLUMN('Zhuravlev Distances'!B$18)))+SUMPRODUCT(('Zhuravlev Distances'!$B$18:$K$18='Zhuravlev Distances'!J$18)*(COLUMN('Zhuravlev Distances'!$B$18:$K$18)<COLUMN('Zhuravlev Distances'!J$18))*(COLUMN('Zhuravlev Distances'!$B$18:$K$18)<>COLUMN('Zhuravlev Distances'!B$18))) -> 4 | K5: =1+SUMPRODUCT(('Zhuravlev Distances'!$B$18:$K$18<'Zhuravlev Distances'!K$18)*(COLUMN('Zhuravlev Distances'!$B$18:$K$18)<>COLUMN('Zhuravlev Distances'!B$18)))+SUMPRODUCT(('Zhuravlev Distances'!$B$18:$K$18='Zhuravlev Distances'!K$18)*(COLUMN('Zhuravlev Distances'!$B$18:$K$18)<COLUMN('Zhuravlev Distances'!K$18))*(COLUMN('Zhuravlev Distances'!$B$18:$K$18)<>COLUMN('Zhuravlev Distances'!B$18))) -> 3
A6: S₂ | B6: =1+SUMPRODUCT(('Zhuravlev Distances'!$B$19:$K$19<'Zhuravlev Distances'!B$19)*(COLUMN('Zhuravlev Distances'!$B$19:$K$19)<>COLUMN('Zhuravlev Distances'!C$19)))+SUMPRODUCT(('Zhuravlev Distances'!$B$19:$K$19='Zhuravlev Distances'!B$19)*(COLUMN('Zhuravlev Distances'!$B$19:$K$19)<COLUMN('Zhuravlev Distances'!B$19))*(COLUMN('Zhuravlev Distances'!$B$19:$K$19)<>COLUMN('Zhuravlev Distances'!C$19))) -> 8 | C6: — | D6: =1+SUMPRODUCT(('Zhuravlev Distances'!$B$19:$K$19<'Zhuravlev Distances'!D$19)*(COLUMN('Zhuravlev Distances'!$B$19:$K$19)<>COLUMN('Zhuravlev Distances'!C$19)))+SUMPRODUCT(('Zhuravlev Distances'!$B$19:$K$19='Zhuravlev Distances'!D$19)*(COLUMN('Zhuravlev Distances'!$B$19:$K$19)<COLUMN('Zhuravlev Distances'!D$19))*(COLUMN('Zhuravlev Distances'!$B$19:$K$19)<>COLUMN('Zhuravlev Distances'!C$19))) -> 3 | E6: =1+SUMPRODUCT(('Zhuravlev Distances'!$B$19:$K$19<'Zhuravlev Distances'!E$19)*(COLUMN('Zhuravlev Distances'!$B$19:$K$19)<>COLUMN('Zhuravlev Distances'!C$19)))+SUMPRODUCT(('Zhuravlev Distances'!$B$19:$K$19='Zhuravlev Distances'!E$19)*(COLUMN('Zhuravlev Distances'!$B$19:$K$19)<COLUMN('Zhuravlev Distances'!E$19))*(COLUMN('Zhuravlev Distances'!$B$19:$K$19)<>COLUMN('Zhuravlev Distances'!C$19))) -> 7 | F6: =1+SUMPRODUCT(('Zhuravlev Distances'!$B$19:$K$19<'Zhuravlev Distances'!F$19)*(COLUMN('Zhuravlev Distances'!$B$19:$K$19)<>COLUMN('Zhuravlev Distances'!C$19)))+SUMPRODUCT(('Zhuravlev Distances'!$B$19:$K$19='Zhuravlev Distances'!F$19)*(COLUMN('Zhuravlev Distances'!$B$19:$K$19)<COLUMN('Zhuravlev Distances'!F$19))*(COLUMN('Zhuravlev Distances'!$B$19:$K$19)<>COLUMN('Zhuravlev Distances'!C$19))) -> 4 | G6: =1+SUMPRODUCT(('Zhuravlev Distances'!$B$19:$K$19<'Zhuravlev Distances'!G$19)*(COLUMN('Zhuravlev Distances'!$B$19:$K$19)<>COLUMN('Zhuravlev Distances'!C$19)))+SUMPRODUCT(('Zhuravlev Distances'!$B$19:$K$19='Zhuravlev Distances'!G$19)*(COLUMN('Zhuravlev Distances'!$B$19:$K$19)<COLUMN('Zhuravlev Distances'!G$19))*(COLUMN('Zhuravlev Distances'!$B$19:$K$19)<>COLUMN('Zhuravlev Distances'!C$19))) -> 1 | H6: =1+SUMPRODUCT(('Zhuravlev Distances'!$B$19:$K$19<'Zhuravlev Distances'!H$19)*(COLUMN('Zhuravlev Distances'!$B$19:$K$19)<>COLUMN('Zhuravlev Distances'!C$19)))+SUMPRODUCT(('Zhuravlev Distances'!$B$19:$K$19='Zhuravlev Distances'!H$19)*(COLUMN('Zhuravlev Distances'!$B$19:$K$19)<COLUMN('Zhuravlev Distances'!H$19))*(COLUMN('Zhuravlev Distances'!$B$19:$K$19)<>COLUMN('Zhuravlev Distances'!C$19))) -> 6 | I6: =1+SUMPRODUCT(('Zhuravlev Distances'!$B$19:$K$19<'Zhuravlev Distances'!I$19)*(COLUMN('Zhuravlev Distances'!$B$19:$K$19)<>COLUMN('Zhuravlev Distances'!C$19)))+SUMPRODUCT(('Zhuravlev Distances'!$B$19:$K$19='Zhuravlev Distances'!I$19)*(COLUMN('Zhuravlev Distances'!$B$19:$K$19)<COLUMN('Zhuravlev Distances'!I$19))*(COLUMN('Zhuravlev Distances'!$B$19:$K$19)<>COLUMN('Zhuravlev Distances'!C$19))) -> 2 | J6: =1+SUMPRODUCT(('Zhuravlev Distances'!$B$19:$K$19<'Zhuravlev Distances'!J$19)*(COLUMN('Zhuravlev Distances'!$B$19:$K$19)<>COLUMN('Zhuravlev Distances'!C$19)))+SUMPRODUCT(('Zhuravlev Distances'!$B$19:$K$19='Zhuravlev Distances'!J$19)*(COLUMN('Zhuravlev Distances'!$B$19:$K$19)<COLUMN('Zhuravlev Distances'!J$19))*(COLUMN('Zhuravlev Distances'!$B$19:$K$19)<>COLUMN('Zhuravlev Distances'!C$19))) -> 5 | K6: =1+SUMPRODUCT(('Zhuravlev Distances'!$B$19:$K$19<'Zhuravlev Distances'!K$19)*(COLUMN('Zhuravlev Distances'!$B$19:$K$19)<>COLUMN('Zhuravlev Distances'!C$19)))+SUMPRODUCT(('Zhuravlev Distances'!$B$19:$K$19='Zhuravlev Distances'!K$19)*(COLUMN('Zhuravlev Distances'!$B$19:$K$19)<COLUMN('Zhuravlev Distances'!K$19))*(COLUMN('Zhuravlev Distances'!$B$19:$K$19)<>COLUMN('Zhuravlev Distances'!C$19))) -> 9
A7: S₃ | B7: =1+SUMPRODUCT(('Zhuravlev Distances'!$B$20:$K$20<'Zhuravlev Distances'!B$20)*(COLUMN('Zhuravlev Distances'!$B$20:$K$20)<>COLUMN('Zhuravlev Distances'!D$20)))+SUMPRODUCT(('Zhuravlev Distances'!$B$20:$K$20='Zhuravlev Distances'!B$20)*(COLUMN('Zhuravlev Distances'!$B$20:$K$20)<COLUMN('Zhuravlev Distances'!B$20))*(COLUMN('Zhuravlev Distances'!$B$20:$K$20)<>COLUMN('Zhuravlev Distances'!D$20))) -> 8 | C7: =1+SUMPRODUCT(('Zhuravlev Distances'!$B$20:$K$20<'Zhuravlev Distances'!C$20)*(COLUMN('Zhuravlev Distances'!$B$20:$K$20)<>COLUMN('Zhuravlev Distances'!D$20)))+SUMPRODUCT(('Zhuravlev Distances'!$B$20:$K$20='Zhuravlev Distances'!C$20)*(COLUMN('Zhuravlev Distances'!$B$20:$K$20)<COLUMN('Zhuravlev Distances'!C$20))*(COLUMN('Zhuravlev Distances'!$B$20:$K$20)<>COLUMN('Zhuravlev Distances'!D$20))) -> 7 | D7: — | E7: =1+SUMPRODUCT(('Zhuravlev Distances'!$B$20:$K$20<'Zhuravlev Distances'!E$20)*(COLUMN('Zhuravlev Distances'!$B$20:$K$20)<>COLUMN('Zhuravlev Distances'!D$20)))+SUMPRODUCT(('Zhuravlev Distances'!$B$20:$K$20='Zhuravlev Distances'!E$20)*(COLUMN('Zhuravlev Distances'!$B$20:$K$20)<COLUMN('Zhuravlev Distances'!E$20))*(COLUMN('Zhuravlev Distances'!$B$20:$K$20)<>COLUMN('Zhuravlev Distances'!D$20))) -> 4 | F7: =1+SUMPRODUCT(('Zhuravlev Distances'!$B$20:$K$20<'Zhuravlev Distances'!F$20)*(COLUMN('Zhuravlev Distances'!$B$20:$K$20)<>COLUMN('Zhuravlev Distances'!D$20)))+SUMPRODUCT(('Zhuravlev Distances'!$B$20:$K$20='Zhuravlev Distances'!F$20)*(COLUMN('Zhuravlev Distances'!$B$20:$K$20)<COLUMN('Zhuravlev Distances'!F$20))*(COLUMN('Zhuravlev Distances'!$B$20:$K$20)<>COLUMN('Zhuravlev Distances'!D$20))) -> 5 | G7: =1+SUMPRODUCT(('Zhuravlev Distances'!$B$20:$K$20<'Zhuravlev Distances'!G$20)*(COLUMN('Zhuravlev Distances'!$B$20:$K$20)<>COLUMN('Zhuravlev Distances'!D$20)))+SUMPRODUCT(('Zhuravlev Distances'!$B$20:$K$20='Zhuravlev Distances'!G$20)*(COLUMN('Zhuravlev Distances'!$B$20:$K$20)<COLUMN('Zhuravlev Distances'!G$20))*(COLUMN('Zhuravlev Distances'!$B$20:$K$20)<>COLUMN('Zhuravlev Distances'!D$20))) -> 2 | H7: =1+SUMPRODUCT(('Zhuravlev Distances'!$B$20:$K$20<'Zhuravlev Distances'!H$20)*(COLUMN('Zhuravlev Distances'!$B$20:$K$20)<>COLUMN('Zhuravlev Distances'!D$20)))+SUMPRODUCT(('Zhuravlev Distances'!$B$20:$K$20='Zhuravlev Distances'!H$20)*(COLUMN('Zhuravlev Distances'!$B$20:$K$20)<COLUMN('Zhuravlev Distances'!H$20))*(COLUMN('Zhuravlev Distances'!$B$20:$K$20)<>COLUMN('Zhuravlev Distances'!D$20))) -> 1 | I7: =1+SUMPRODUCT(('Zhuravlev Distances'!$B$20:$K$20<'Zhuravlev Distances'!I$20)*(COLUMN('Zhuravlev Distances'!$B$20:$K$20)<>COLUMN('Zhuravlev Distances'!D$20)))+SUMPRODUCT(('Zhuravlev Distances'!$B$20:$K$20='Zhuravlev Distances'!I$20)*(COLUMN('Zhuravlev Distances'!$B$20:$K$20)<COLUMN('Zhuravlev Distances'!I$20))*(COLUMN('Zhuravlev Distances'!$B$20:$K$20)<>COLUMN('Zhuravlev Distances'!D$20))) -> 3 | J7: =1+SUMPRODUCT(('Zhuravlev Distances'!$B$20:$K$20<'Zhuravlev Distances'!J$20)*(COLUMN('Zhuravlev Distances'!$B$20:$K$20)<>COLUMN('Zhuravlev Distances'!D$20)))+SUMPRODUCT(('Zhuravlev Distances'!$B$20:$K$20='Zhuravlev Distances'!J$20)*(COLUMN('Zhuravlev Distances'!$B$20:$K$20)<COLUMN('Zhuravlev Distances'!J$20))*(COLUMN('Zhuravlev Distances'!$B$20:$K$20)<>COLUMN('Zhuravlev Distances'!D$20))) -> 6 | K7: =1+SUMPRODUCT(('Zhuravlev Distances'!$B$20:$K$20<'Zhuravlev Distances'!K$20)*(COLUMN('Zhuravlev Distances'!$B$20:$K$20)<>COLUMN('Zhuravlev Distances'!D$20)))+SUMPRODUCT(('Zhuravlev Distances'!$B$20:$K$20='Zhuravlev Distances'!K$20)*(COLUMN('Zhuravlev Distances'!$B$20:$K$20)<COLUMN('Zhuravlev Distances'!K$20))*(COLUMN('Zhuravlev Distances'!$B$20:$K$20)<>COLUMN('Zhuravlev Distances'!D$20))) -> 9
A8: S₄ | B8: =1+SUMPRODUCT(('Zhuravlev Distances'!$B$21:$K$21<'Zhuravlev Distances'!B$21)*(COLUMN('Zhuravlev Distances'!$B$21:$K$21)<>COLUMN('Zhuravlev Distances'!E$21)))+SUMPRODUCT(('Zhuravlev Distances'!$B$21:$K$21='Zhuravlev Distances'!B$21)*(COLUMN('Zhuravlev Distances'!$B$21:$K$21)<COLUMN('Zhuravlev Distances'!B$21))*(COLUMN('Zhuravlev Distances'!$B$21:$K$21)<>COLUMN('Zhuravlev Distances'!E$21))) -> 6 | C8: =1+SUMPRODUCT(('Zhuravlev Distances'!$B$21:$K$21<'Zhuravlev Distances'!C$21)*(COLUMN('Zhuravlev Distances'!$B$21:$K$21)<>COLUMN('Zhuravlev Distances'!E$21)))+SUMPRODUCT(('Zhuravlev Distances'!$B$21:$K$21='Zhuravlev Distances'!C$21)*(COLUMN('Zhuravlev Distances'!$B$21:$K$21)<COLUMN('Zhuravlev Distances'!C$21))*(COLUMN('Zhuravlev Distances'!$B$21:$K$21)<>COLUMN('Zhuravlev Distances'!E$21))) -> 8 | D8: =1+SUMPRODUCT(('Zhuravlev Distances'!$B$21:$K$21<'Zhuravlev Distances'!D$21)*(COLUMN('Zhuravlev Distances'!$B$21:$K$21)<>COLUMN('Zhuravlev Distances'!E$21)))+SUMPRODUCT(('Zhuravlev Distances'!$B$21:$K$21='Zhuravlev Distances'!D$21)*(COLUMN('Zhuravlev Distances'!$B$21:$K$21)<COLUMN('Zhuravlev Distances'!D$21))*(COLUMN('Zhuravlev Distances'!$B$21:$K$21)<>COLUMN('Zhuravlev Distances'!E$21))) -> 4 | E8: — | F8: =1+SUMPRODUCT(('Zhuravlev Distances'!$B$21:$K$21<'Zhuravlev Distances'!F$21)*(COLUMN('Zhuravlev Distances'!$B$21:$K$21)<>COLUMN('Zhuravlev Distances'!E$21)))+SUMPRODUCT(('Zhuravlev Distances'!$B$21:$K$21='Zhuravlev Distances'!F$21)*(COLUMN('Zhuravlev Distances'!$B$21:$K$21)<COLUMN('Zhuravlev Distances'!F$21))*(COLUMN('Zhuravlev Distances'!$B$21:$K$21)<>COLUMN('Zhuravlev Distances'!E$21))) -> 1 | G8: =1+SUMPRODUCT(('Zhuravlev Distances'!$B$21:$K$21<'Zhuravlev Distances'!G$21)*(COLUMN('Zhuravlev Distances'!$B$21:$K$21)<>COLUMN('Zhuravlev Distances'!E$21)))+SUMPRODUCT(('Zhuravlev Distances'!$B$21:$K$21='Zhuravlev Distances'!G$21)*(COLUMN('Zhuravlev Distances'!$B$21:$K$21)<COLUMN('Zhuravlev Distances'!G$21))*(COLUMN('Zhuravlev Distances'!$B$21:$K$21)<>COLUMN('Zhuravlev Distances'!E$21))) -> 3 | H8: =1+SUMPRODUCT(('Zhuravlev Distances'!$B$21:$K$21<'Zhuravlev Distances'!H$21)*(COLUMN('Zhuravlev Distances'!$B$21:$K$21)<>COLUMN('Zhuravlev Distances'!E$21)))+SUMPRODUCT(('Zhuravlev Distances'!$B$21:$K$21='Zhuravlev Distances'!H$21)*(COLUMN('Zhuravlev Distances'!$B$21:$K$21)<COLUMN('Zhuravlev Distances'!H$21))*(COLUMN('Zhuravlev Distances'!$B$21:$K$21)<>COLUMN('Zhuravlev Distances'!E$21))) -> 2 | I8: =1+SUMPRODUCT(('Zhuravlev Distances'!$B$21:$K$21<'Zhuravlev Distances'!I$21)*(COLUMN('Zhuravlev Distances'!$B$21:$K$21)<>COLUMN('Zhuravlev Distances'!E$21)))+SUMPRODUCT(('Zhuravlev Distances'!$B$21:$K$21='Zhuravlev Distances'!I$21)*(COLUMN('Zhuravlev Distances'!$B$21:$K$21)<COLUMN('Zhuravlev Distances'!I$21))*(COLUMN('Zhuravlev Distances'!$B$21:$K$21)<>COLUMN('Zhuravlev Distances'!E$21))) -> 5 | J8: =1+SUMPRODUCT(('Zhuravlev Distances'!$B$21:$K$21<'Zhuravlev Distances'!J$21)*(COLUMN('Zhuravlev Distances'!$B$21:$K$21)<>COLUMN('Zhuravlev Distances'!E$21)))+SUMPRODUCT(('Zhuravlev Distances'!$B$21:$K$21='Zhuravlev Distances'!J$21)*(COLUMN('Zhuravlev Distances'!$B$21:$K$21)<COLUMN('Zhuravlev Distances'!J$21))*(COLUMN('Zhuravlev Distances'!$B$21:$K$21)<>COLUMN('Zhuravlev Distances'!E$21))) -> 7 | K8: =1+SUMPRODUCT(('Zhuravlev Distances'!$B$21:$K$21<'Zhuravlev Distances'!K$21)*(COLUMN('Zhuravlev Distances'!$B$21:$K$21)<>COLUMN('Zhuravlev Distances'!E$21)))+SUMPRODUCT(('Zhuravlev Distances'!$B$21:$K$21='Zhuravlev Distances'!K$21)*(COLUMN('Zhuravlev Distances'!$B$21:$K$21)<COLUMN('Zhuravlev Distances'!K$21))*(COLUMN('Zhuravlev Distances'!$B$21:$K$21)<>COLUMN('Zhuravlev Distances'!E$21))) -> 9
A9: S₅ | B9: =1+SUMPRODUCT(('Zhuravlev Distances'!$B$22:$K$22<'Zhuravlev Distances'!B$22)*(COLUMN('Zhuravlev Distances'!$B$22:$K$22)<>COLUMN('Zhuravlev Distances'!F$22)))+SUMPRODUCT(('Zhuravlev Distances'!$B$22:$K$22='Zhuravlev Distances'!B$22)*(COLUMN('Zhuravlev Distances'!$B$22:$K$22)<COLUMN('Zhuravlev Distances'!B$22))*(COLUMN('Zhuravlev Distances'!$B$22:$K$22)<>COLUMN('Zhuravlev Distances'!F$22))) -> 6 | C9: =1+SUMPRODUCT(('Zhuravlev Distances'!$B$22:$K$22<'Zhuravlev Distances'!C$22)*(COLUMN('Zhuravlev Distances'!$B$22:$K$22)<>COLUMN('Zhuravlev Distances'!F$22)))+SUMPRODUCT(('Zhuravlev Distances'!$B$22:$K$22='Zhuravlev Distances'!C$22)*(COLUMN('Zhuravlev Distances'!$B$22:$K$22)<COLUMN('Zhuravlev Distances'!C$22))*(COLUMN('Zhuravlev Distances'!$B$22:$K$22)<>COLUMN('Zhuravlev Distances'!F$22))) -> 7 | D9: =1+SUMPRODUCT(('Zhuravlev Distances'!$B$22:$K$22<'Zhuravlev Distances'!D$22)*(COLUMN('Zhuravlev Distances'!$B$22:$K$22)<>COLUMN('Zhuravlev Distances'!F$22)))+SUMPRODUCT(('Zhuravlev Distances'!$B$22:$K$22='Zhuravlev Distances'!D$22)*(COLUMN('Zhuravlev Distances'!$B$22:$K$22)<COLUMN('Zhuravlev Distances'!D$22))*(COLUMN('Zhuravlev Distances'!$B$22:$K$22)<>COLUMN('Zhuravlev Distances'!F$22))) -> 4 | E9: =1+SUMPRODUCT(('Zhuravlev Distances'!$B$22:$K$22<'Zhuravlev Distances'!E$22)*(COLUMN('Zhuravlev Distances'!$B$22:$K$22)<>COLUMN('Zhuravlev Distances'!F$22)))+SUMPRODUCT(('Zhuravlev Distances'!$B$22:$K$22='Zhuravlev Distances'!E$22)*(COLUMN('Zhuravlev Distances'!$B$22:$K$22)<COLUMN('Zhuravlev Distances'!E$22))*(COLUMN('Zhuravlev Distances'!$B$22:$K$22)<>COLUMN('Zhuravlev Distances'!F$22))) -> 1 | F9: — | G9: =1+SUMPRODUCT(('Zhuravlev Distances'!$B$22:$K$22<'Zhuravlev Distances'!G$22)*(COLUMN('Zhuravlev Distances'!$B$22:$K$22)<>COLUMN('Zhuravlev Distances'!F$22)))+SUMPRODUCT(('Zhuravlev Distances'!$B$22:$K$22='Zhuravlev Distances'!G$22)*(COLUMN('Zhuravlev Distances'!$B$22:$K$22)<COLUMN('Zhuravlev Distances'!G$22))*(COLUMN('Zhuravlev Distances'!$B$22:$K$22)<>COLUMN('Zhuravlev Distances'!F$22))) -> 2 | H9: =1+SUMPRODUCT(('Zhuravlev Distances'!$B$22:$K$22<'Zhuravlev Distances'!H$22)*(COLUMN('Zhuravlev Distances'!$B$22:$K$22)<>COLUMN('Zhuravlev Distances'!F$22)))+SUMPRODUCT(('Zhuravlev Distances'!$B$22:$K$22='Zhuravlev Distances'!H$22)*(COLUMN('Zhuravlev Distances'!$B$22:$K$22)<COLUMN('Zhuravlev Distances'!H$22))*(COLUMN('Zhuravlev Distances'!$B$22:$K$22)<>COLUMN('Zhuravlev Distances'!F$22))) -> 3 | I9: =1+SUMPRODUCT(('Zhuravlev Distances'!$B$22:$K$22<'Zhuravlev Distances'!I$22)*(COLUMN('Zhuravlev Distances'!$B$22:$K$22)<>COLUMN('Zhuravlev Distances'!F$22)))+SUMPRODUCT(('Zhuravlev Distances'!$B$22:$K$22='Zhuravlev Distances'!I$22)*(COLUMN('Zhuravlev Distances'!$B$22:$K$22)<COLUMN('Zhuravlev Distances'!I$22))*(COLUMN('Zhuravlev Distances'!$B$22:$K$22)<>COLUMN('Zhuravlev Distances'!F$22))) -> 5 | J9: =1+SUMPRODUCT(('Zhuravlev Distances'!$B$22:$K$22<'Zhuravlev Distances'!J$22)*(COLUMN('Zhuravlev Distances'!$B$22:$K$22)<>COLUMN('Zhuravlev Distances'!F$22)))+SUMPRODUCT(('Zhuravlev Distances'!$B$22:$K$22='Zhuravlev Distances'!J$22)*(COLUMN('Zhuravlev Distances'!$B$22:$K$22)<COLUMN('Zhuravlev Distances'!J$22))*(COLUMN('Zhuravlev Distances'!$B$22:$K$22)<>COLUMN('Zhuravlev Distances'!F$22))) -> 8 | K9: =1+SUMPRODUCT(('Zhuravlev Distances'!$B$22:$K$22<'Zhuravlev Distances'!K$22)*(COLUMN('Zhuravlev Distances'!$B$22:$K$22)<>COLUMN('Zhuravlev Distances'!F$22)))+SUMPRODUCT(('Zhuravlev Distances'!$B$22:$K$22='Zhuravlev Distances'!K$22)*(COLUMN('Zhuravlev Distances'!$B$22:$K$22)<COLUMN('Zhuravlev Distances'!K$22))*(COLUMN('Zhuravlev Distances'!$B$22:$K$22)<>COLUMN('Zhuravlev Distances'!F$22))) -> 9
A10: S₆ | B10: =1+SUMPRODUCT(('Zhuravlev Distances'!$B$23:$K$23<'Zhuravlev Distances'!B$23)*(COLUMN('Zhuravlev Distances'!$B$23:$K$23)<>COLUMN('Zhuravlev Distances'!G$23)))+SUMPRODUCT(('Zhuravlev Distances'!$B$23:$K$23='Zhuravlev Distances'!B$23)*(COLUMN('Zhuravlev Distances'!$B$23:$K$23)<COLUMN('Zhuravlev Distances'!B$23))*(COLUMN('Zhuravlev Distances'!$B$23:$K$23)<>COLUMN('Zhuravlev Distances'!G$23))) -> 8 | C10: =1+SUMPRODUCT(('Zhuravlev Distances'!$B$23:$K$23<'Zhuravlev Distances'!C$23)*(COLUMN('Zhuravlev Distances'!$B$23:$K$23)<>COLUMN('Zhuravlev Distances'!G$23)))+SUMPRODUCT(('Zhuravlev Distances'!$B$23:$K$23='Zhuravlev Distances'!C$23)*(COLUMN('Zhuravlev Distances'!$B$23:$K$23)<COLUMN('Zhuravlev Distances'!C$23))*(COLUMN('Zhuravlev Distances'!$B$23:$K$23)<>COLUMN('Zhuravlev Distances'!G$23))) -> 6 | D10: =1+SUMPRODUCT(('Zhuravlev Distances'!$B$23:$K$23<'Zhuravlev Distances'!D$23)*(COLUMN('Zhuravlev Distances'!$B$23:$K$23)<>COLUMN('Zhuravlev Distances'!G$23)))+SUMPRODUCT(('Zhuravlev Distances'!$B$23:$K$23='Zhuravlev Distances'!D$23)*(COLUMN('Zhuravlev Distances'!$B$23:$K$23)<COLUMN('Zhuravlev Distances'!D$23))*(COLUMN('Zhuravlev Distances'!$B$23:$K$23)<>COLUMN('Zhuravlev Distances'!G$23))) -> 1 | E10: =1+SUMPRODUCT(('Zhuravlev Distances'!$B$23:$K$23<'Zhuravlev Distances'!E$23)*(COLUMN('Zhuravlev Distances'!$B$23:$K$23)<>COLUMN('Zhuravlev Distances'!G$23)))+SUMPRODUCT(('Zhuravlev Distances'!$B$23:$K$23='Zhuravlev Distances'!E$23)*(COLUMN('Zhuravlev Distances'!$B$23:$K$23)<COLUMN('Zhuravlev Distances'!E$23))*(COLUMN('Zhuravlev Distances'!$B$23:$K$23)<>COLUMN('Zhuravlev Distances'!G$23))) -> 4 | F10: =1+SUMPRODUCT(('Zhuravlev Distances'!$B$23:$K$23<'Zhuravlev Distances'!F$23)*(COLUMN('Zhuravlev Distances'!$B$23:$K$23)<>COLUMN('Zhuravlev Distances'!G$23)))+SUMPRODUCT(('Zhuravlev Distances'!$B$23:$K$23='Zhuravlev Distances'!F$23)*(COLUMN('Zhuravlev Distances'!$B$23:$K$23)<COLUMN('Zhuravlev Distances'!F$23))*(COLUMN('Zhuravlev Distances'!$B$23:$K$23)<>COLUMN('Zhuravlev Distances'!G$23))) -> 5 | G10: — | H10: =1+SUMPRODUCT(('Zhuravlev Distances'!$B$23:$K$23<'Zhuravlev Distances'!H$23)*(COLUMN('Zhuravlev Distances'!$B$23:$K$23)<>COLUMN('Zhuravlev Distances'!G$23)))+SUMPRODUCT(('Zhuravlev Distances'!$B$23:$K$23='Zhuravlev Distances'!H$23)*(COLUMN('Zhuravlev Distances'!$B$23:$K$23)<COLUMN('Zhuravlev Distances'!H$23))*(COLUMN('Zhuravlev Distances'!$B$23:$K$23)<>COLUMN('Zhuravlev Distances'!G$23))) -> 3 | I10: =1+SUMPRODUCT(('Zhuravlev Distances'!$B$23:$K$23<'Zhuravlev Distances'!I$23)*(COLUMN('Zhuravlev Distances'!$B$23:$K$23)<>COLUMN('Zhuravlev Distances'!G$23)))+SUMPRODUCT(('Zhuravlev Distances'!$B$23:$K$23='Zhuravlev Distances'!I$23)*(COLUMN('Zhuravlev Distances'!$B$23:$K$23)<COLUMN('Zhuravlev Distances'!I$23))*(COLUMN('Zhuravlev Distances'!$B$23:$K$23)<>COLUMN('Zhuravlev Distances'!G$23))) -> 2 | J10: =1+SUMPRODUCT(('Zhuravlev Distances'!$B$23:$K$23<'Zhuravlev Distances'!J$23)*(COLUMN('Zhuravlev Distances'!$B$23:$K$23)<>COLUMN('Zhuravlev Distances'!G$23)))+SUMPRODUCT(('Zhuravlev Distances'!$B$23:$K$23='Zhuravlev Distances'!J$23)*(COLUMN('Zhuravlev Distances'!$B$23:$K$23)<COLUMN('Zhuravlev Distances'!J$23))*(COLUMN('Zhuravlev Distances'!$B$23:$K$23)<>COLUMN('Zhuravlev Distances'!G$23))) -> 7 | K10: =1+SUMPRODUCT(('Zhuravlev Distances'!$B$23:$K$23<'Zhuravlev Distances'!K$23)*(COLUMN('Zhuravlev Distances'!$B$23:$K$23)<>COLUMN('Zhuravlev Distances'!G$23)))+SUMPRODUCT(('Zhuravlev Distances'!$B$23:$K$23='Zhuravlev Distances'!K$23)*(COLUMN('Zhuravlev Distances'!$B$23:$K$23)<COLUMN('Zhuravlev Distances'!K$23))*(COLUMN('Zhuravlev Distances'!$B$23:$K$23)<>COLUMN('Zhuravlev Distances'!G$23))) -> 9
A11: S₇ | B11: =1+SUMPRODUCT(('Zhuravlev Distances'!$B$24:$K$24<'Zhuravlev Distances'!B$24)*(COLUMN('Zhuravlev Distances'!$B$24:$K$24)<>COLUMN('Zhuravlev Distances'!H$24)))+SUMPRODUCT(('Zhuravlev Distances'!$B$24:$K$24='Zhuravlev Distances'!B$24)*(COLUMN('Zhuravlev Distances'!$B$24:$K$24)<COLUMN('Zhuravlev Distances'!B$24))*(COLUMN('Zhuravlev Distances'!$B$24:$K$24)<>COLUMN('Zhuravlev Distances'!H$24))) -> 7 | C11: =1+SUMPRODUCT(('Zhuravlev Distances'!$B$24:$K$24<'Zhuravlev Distances'!C$24)*(COLUMN('Zhuravlev Distances'!$B$24:$K$24)<>COLUMN('Zhuravlev Distances'!H$24)))+SUMPRODUCT(('Zhuravlev Distances'!$B$24:$K$24='Zhuravlev Distances'!C$24)*(COLUMN('Zhuravlev Distances'!$B$24:$K$24)<COLUMN('Zhuravlev Distances'!C$24))*(COLUMN('Zhuravlev Distances'!$B$24:$K$24)<>COLUMN('Zhuravlev Distances'!H$24))) -> 8 | D11: =1+SUMPRODUCT(('Zhuravlev Distances'!$B$24:$K$24<'Zhuravlev Distances'!D$24)*(COLUMN('Zhuravlev Distances'!$B$24:$K$24)<>COLUMN('Zhuravlev Distances'!H$24)))+SUMPRODUCT(('Zhuravlev Distances'!$B$24:$K$24='Zhuravlev Distances'!D$24)*(COLUMN('Zhuravlev Distances'!$B$24:$K$24)<COLUMN('Zhuravlev Distances'!D$24))*(COLUMN('Zhuravlev Distances'!$B$24:$K$24)<>COLUMN('Zhuravlev Distances'!H$24))) -> 1 | E11: =1+SUMPRODUCT(('Zhuravlev Distances'!$B$24:$K$24<'Zhuravlev Distances'!E$24)*(COLUMN('Zhuravlev Distances'!$B$24:$K$24)<>COLUMN('Zhuravlev Distances'!H$24)))+SUMPRODUCT(('Zhuravlev Distances'!$B$24:$K$24='Zhuravlev Distances'!E$24)*(COLUMN('Zhuravlev Distances'!$B$24:$K$24)<COLUMN('Zhuravlev Distances'!E$24))*(COLUMN('Zhuravlev Distances'!$B$24:$K$24)<>COLUMN('Zhuravlev Distances'!H$24))) -> 3 | F11: =1+SUMPRODUCT(('Zhuravlev Distances'!$B$24:$K$24<'Zhuravlev Distances'!F$24)*(COLUMN('Zhuravlev Distances'!$B$24:$K$24)<>COLUMN('Zhuravlev Distances'!H$24)))+SUMPRODUCT(('Zhuravlev Distances'!$B$24:$K$24='Zhuravlev Distances'!F$24)*(COLUMN('Zhuravlev Distances'!$B$24:$K$24)<COLUMN('Zhuravlev Distances'!F$24))*(COLUMN('Zhuravlev Distances'!$B$24:$K$24)<>COLUMN('Zhuravlev Distances'!H$24))) -> 6 | G11: =1+SUMPRODUCT(('Zhuravlev Distances'!$B$24:$K$24<'Zhuravlev Distances'!G$24)*(COLUMN('Zhuravlev Distances'!$B$24:$K$24)<>COLUMN('Zhuravlev Distances'!H$24)))+SUMPRODUCT(('Zhuravlev Distances'!$B$24:$K$24='Zhuravlev Distances'!G$24)*(COLUMN('Zhuravlev Distances'!$B$24:$K$24)<COLUMN('Zhuravlev Distances'!G$24))*(COLUMN('Zhuravlev Distances'!$B$24:$K$24)<>COLUMN('Zhuravlev Distances'!H$24))) -> 4 | H11: — | I11: =1+SUMPRODUCT(('Zhuravlev Distances'!$B$24:$K$24<'Zhuravlev Distances'!I$24)*(COLUMN('Zhuravlev Distances'!$B$24:$K$24)<>COLUMN('Zhuravlev Distances'!H$24)))+SUMPRODUCT(('Zhuravlev Distances'!$B$24:$K$24='Zhuravlev Distances'!I$24)*(COLUMN('Zhuravlev Distances'!$B$24:$K$24)<COLUMN('Zhuravlev Distances'!I$24))*(COLUMN('Zhuravlev Distances'!$B$24:$K$24)<>COLUMN('Zhuravlev Distances'!H$24))) -> 2 | J11: =1+SUMPRODUCT(('Zhuravlev Distances'!$B$24:$K$24<'Zhuravlev Distances'!J$24)*(COLUMN('Zhuravlev Distances'!$B$24:$K$24)<>COLUMN('Zhuravlev Distances'!H$24)))+SUMPRODUCT(('Zhuravlev Distances'!$B$24:$K$24='Zhuravlev Distances'!J$24)*(COLUMN('Zhuravlev Distances'!$B$24:$K$24)<COLUMN('Zhuravlev Distances'!J$24))*(COLUMN('Zhuravlev Distances'!$B$24:$K$24)<>COLUMN('Zhuravlev Distances'!H$24))) -> 5 | K11: =1+SUMPRODUCT(('Zhuravlev Distances'!$B$24:$K$24<'Zhuravlev Distances'!K$24)*(COLUMN('Zhuravlev Distances'!$B$24:$K$24)<>COLUMN('Zhuravlev Distances'!H$24)))+SUMPRODUCT(('Zhuravlev Distances'!$B$24:$K$24='Zhuravlev Distances'!K$24)*(COLUMN('Zhuravlev Distances'!$B$24:$K$24)<COLUMN('Zhuravlev Distances'!K$24))*(COLUMN('Zhuravlev Distances'!$B$24:$K$24)<>COLUMN('Zhuravlev Distances'!H$24))) -> 9
A12: S₈ | B12: =1+SUMPRODUCT(('Zhuravlev Distances'!$B$25:$K$25<'Zhuravlev Distances'!B$25)*(COLUMN('Zhuravlev Distances'!$B$25:$K$25)<>COLUMN('Zhuravlev Distances'!I$25)))+SUMPRODUCT(('Zhuravlev Distances'!$B$25:$K$25='Zhuravlev Distances'!B$25)*(COLUMN('Zhuravlev Distances'!$B$25:$K$25)<COLUMN('Zhuravlev Distances'!B$25))*(COLUMN('Zhuravlev Distances'!$B$25:$K$25)<>COLUMN('Zhuravlev Distances'!I$25))) -> 8 | C12: =1+SUMPRODUCT(('Zhuravlev Distances'!$B$25:$K$25<'Zhuravlev Distances'!C$25)*(COLUMN('Zhuravlev Distances'!$B$25:$K$25)<>COLUMN('Zhuravlev Distances'!I$25)))+SUMPRODUCT(('Zhuravlev Distances'!$B$25:$K$25='Zhuravlev Distances'!C$25)*(COLUMN('Zhuravlev Distances'!$B$25:$K$25)<COLUMN('Zhuravlev Distances'!C$25))*(COLUMN('Zhuravlev Distances'!$B$25:$K$25)<>COLUMN('Zhuravlev Distances'!I$25))) -> 7 | D12: =1+SUMPRODUCT(('Zhuravlev Distances'!$B$25:$K$25<'Zhuravlev Distances'!D$25)*(COLUMN('Zhuravlev Distances'!$B$25:$K$25)<>COLUMN('Zhuravlev Distances'!I$25)))+SUMPRODUCT(('Zhuravlev Distances'!$B$25:$K$25='Zhuravlev Distances'!D$25)*(COLUMN('Zhuravlev Distances'!$B$25:$K$25)<COLUMN('Zhuravlev Distances'!D$25))*(COLUMN('Zhuravlev Distances'!$B$25:$K$25)<>COLUMN('Zhuravlev Distances'!I$25))) -> 2 | E12: =1+SUMPRODUCT(('Zhuravlev Distances'!$B$25:$K$25<'Zhuravlev Distances'!E$25)*(COLUMN('Zhuravlev Distances'!$B$25:$K$25)<>COLUMN('Zhuravlev Distances'!I$25)))+SUMPRODUCT(('Zhuravlev Distances'!$B$25:$K$25='Zhuravlev Distances'!E$25)*(COLUMN('Zhuravlev Distances'!$B$25:$K$25)<COLUMN('Zhuravlev Distances'!E$25))*(COLUMN('Zhuravlev Distances'!$B$25:$K$25)<>COLUMN('Zhuravlev Distances'!I$25))) -> 4 | F12: =1+SUMPRODUCT(('Zhuravlev Distances'!$B$25:$K$25<'Zhuravlev Distances'!F$25)*(COLUMN('Zhuravlev Distances'!$B$25:$K$25)<>COLUMN('Zhuravlev Distances'!I$25)))+SUMPRODUCT(('Zhuravlev Distances'!$B$25:$K$25='Zhuravlev Distances'!F$25)*(COLUMN('Zhuravlev Distances'!$B$25:$K$25)<COLUMN('Zhuravlev Distances'!F$25))*(COLUMN('Zhuravlev Distances'!$B$25:$K$25)<>COLUMN('Zhuravlev Distances'!I$25))) -> 6 | G12: =1+SUMPRODUCT(('Zhuravlev Distances'!$B$25:$K$25<'Zhuravlev Distances'!G$25)*(COLUMN('Zhuravlev Distances'!$B$25:$K$25)<>COLUMN('Zhuravlev Distances'!I$25)))+SUMPRODUCT(('Zhuravlev Distances'!$B$25:$K$25='Zhuravlev Distances'!G$25)*(COLUMN('Zhuravlev Distances'!$B$25:$K$25)<COLUMN('Zhuravlev Distances'!G$25))*(COLUMN('Zhuravlev Distances'!$B$25:$K$25)<>COLUMN('Zhuravlev Distances'!I$25))) -> 3 | H12: =1+SUMPRODUCT(('Zhuravlev Distances'!$B$25:$K$25<'Zhuravlev Distances'!H$25)*(COLUMN('Zhuravlev Distances'!$B$25:$K$25)<>COLUMN('Zhuravlev Distances'!I$25)))+SUMPRODUCT(('Zhuravlev Distances'!$B$25:$K$25='Zhuravlev Distances'!H$25)*(COLUMN('Zhuravlev Distances'!$B$25:$K$25)<COLUMN('Zhuravlev Distances'!H$25))*(COLUMN('Zhuravlev Distances'!$B$25:$K$25)<>COLUMN('Zhuravlev Distances'!I$25))) -> 1 | I12: — | J12: =1+SUMPRODUCT(('Zhuravlev Distances'!$B$25:$K$25<'Zhuravlev Distances'!J$25)*(COLUMN('Zhuravlev Distances'!$B$25:$K$25)<>COLUMN('Zhuravlev Distances'!I$25)))+SUMPRODUCT(('Zhuravlev Distances'!$B$25:$K$25='Zhuravlev Distances'!J$25)*(COLUMN('Zhuravlev Distances'!$B$25:$K$25)<COLUMN('Zhuravlev Distances'!J$25))*(COLUMN('Zhuravlev Distances'!$B$25:$K$25)<>COLUMN('Zhuravlev Distances'!I$25))) -> 5 | K12: =1+SUMPRODUCT(('Zhuravlev Distances'!$B$25:$K$25<'Zhuravlev Distances'!K$25)*(COLUMN('Zhuravlev Distances'!$B$25:$K$25)<>COLUMN('Zhuravlev Distances'!I$25)))+SUMPRODUCT(('Zhuravlev Distances'!$B$25:$K$25='Zhuravlev Distances'!K$25)*(COLUMN('Zhuravlev Distances'!$B$25:$K$25)<COLUMN('Zhuravlev Distances'!K$25))*(COLUMN('Zhuravlev Distances'!$B$25:$K$25)<>COLUMN('Zhuravlev Distances'!I$25))) -> 9
A13: S₉ | B13: =1+SUMPRODUCT(('Zhuravlev Distances'!$B$26:$K$26<'Zhuravlev Distances'!B$26)*(COLUMN('Zhuravlev Distances'!$B$26:$K$26)<>COLUMN('Zhuravlev Distances'!J$26)))+SUMPRODUCT(('Zhuravlev Distances'!$B$26:$K$26='Zhuravlev Distances'!B$26)*(COLUMN('Zhuravlev Distances'!$B$26:$K$26)<COLUMN('Zhuravlev Distances'!B$26))*(COLUMN('Zhuravlev Distances'!$B$26:$K$26)<>COLUMN('Zhuravlev Distances'!J$26))) -> 7 | C13: =1+SUMPRODUCT(('Zhuravlev Distances'!$B$26:$K$26<'Zhuravlev Distances'!C$26)*(COLUMN('Zhuravlev Distances'!$B$26:$K$26)<>COLUMN('Zhuravlev Distances'!J$26)))+SUMPRODUCT(('Zhuravlev Distances'!$B$26:$K$26='Zhuravlev Distances'!C$26)*(COLUMN('Zhuravlev Distances'!$B$26:$K$26)<COLUMN('Zhuravlev Distances'!C$26))*(COLUMN('Zhuravlev Distances'!$B$26:$K$26)<>COLUMN('Zhuravlev Distances'!J$26))) -> 8 | D13: =1+SUMPRODUCT(('Zhuravlev Distances'!$B$26:$K$26<'Zhuravlev Distances'!D$26)*(COLUMN('Zhuravlev Distances'!$B$26:$K$26)<>COLUMN('Zhuravlev Distances'!J$26)))+SUMPRODUCT(('Zhuravlev Distances'!$B$26:$K$26='Zhuravlev Distances'!D$26)*(COLUMN('Zhuravlev Distances'!$B$26:$K$26)<COLUMN('Zhuravlev Distances'!D$26))*(COLUMN('Zhuravlev Distances'!$B$26:$K$26)<>COLUMN('Zhuravlev Distances'!J$26))) -> 3 | E13: =1+SUMPRODUCT(('Zhuravlev Distances'!$B$26:$K$26<'Zhuravlev Distances'!E$26)*(COLUMN('Zhuravlev Distances'!$B$26:$K$26)<>COLUMN('Zhuravlev Distances'!J$26)))+SUMPRODUCT(('Zhuravlev Distances'!$B$26:$K$26='Zhuravlev Distances'!E$26)*(COLUMN('Zhuravlev Distances'!$B$26:$K$26)<COLUMN('Zhuravlev Distances'!E$26))*(COLUMN('Zhuravlev Distances'!$B$26:$K$26)<>COLUMN('Zhuravlev Distances'!J$26))) -> 5 | F13: =1+SUMPRODUCT(('Zhuravlev Distances'!$B$26:$K$26<'Zhuravlev Distances'!F$26)*(COLUMN('Zhuravlev Distances'!$B$26:$K$26)<>COLUMN('Zhuravlev Distances'!J$26)))+SUMPRODUCT(('Zhuravlev Distances'!$B$26:$K$26='Zhuravlev Distances'!F$26)*(COLUMN('Zhuravlev Distances'!$B$26:$K$26)<COLUMN('Zhuravlev Distances'!F$26))*(COLUMN('Zhuravlev Distances'!$B$26:$K$26)<>COLUMN('Zhuravlev Distances'!J$26))) -> 9 | G13: =1+SUMPRODUCT(('Zhuravlev Distances'!$B$26:$K$26<'Zhuravlev Distances'!G$26)*(COLUMN('Zhuravlev Distances'!$B$26:$K$26)<>COLUMN('Zhuravlev Distances'!J$26)))+SUMPRODUCT(('Zhuravlev Distances'!$B$26:$K$26='Zhuravlev Distances'!G$26)*(COLUMN('Zhuravlev Distances'!$B$26:$K$26)<COLUMN('Zhuravlev Distances'!G$26))*(COLUMN('Zhuravlev Distances'!$B$26:$K$26)<>COLUMN('Zhuravlev Distances'!J$26))) -> 6 | H13: =1+SUMPRODUCT(('Zhuravlev Distances'!$B$26:$K$26<'Zhuravlev Distances'!H$26)*(COLUMN('Zhuravlev Distances'!$B$26:$K$26)<>COLUMN('Zhuravlev Distances'!J$26)))+SUMPRODUCT(('Zhuravlev Distances'!$B$26:$K$26='Zhuravlev Distances'!H$26)*(COLUMN('Zhuravlev Distances'!$B$26:$K$26)<COLUMN('Zhuravlev Distances'!H$26))*(COLUMN('Zhuravlev Distances'!$B$26:$K$26)<>COLUMN('Zhuravlev Distances'!J$26))) -> 1 | I13: =1+SUMPRODUCT(('Zhuravlev Distances'!$B$26:$K$26<'Zhuravlev Distances'!I$26)*(COLUMN('Zhuravlev Distances'!$B$26:$K$26)<>COLUMN('Zhuravlev Distances'!J$26)))+SUMPRODUCT(('Zhuravlev Distances'!$B$26:$K$26='Zhuravlev Distances'!I$26)*(COLUMN('Zhuravlev Distances'!$B$26:$K$26)<COLUMN('Zhuravlev Distances'!I$26))*(COLUMN('Zhuravlev Distances'!$B$26:$K$26)<>COLUMN('Zhuravlev Distances'!J$26))) -> 2 | J13: — | K13: =1+SUMPRODUCT(('Zhuravlev Distances'!$B$26:$K$26<'Zhuravlev Distances'!K$26)*(COLUMN('Zhuravlev Distances'!$B$26:$K$26)<>COLUMN('Zhuravlev Distances'!J$26)))+SUMPRODUCT(('Zhuravlev Distances'!$B$26:$K$26='Zhuravlev Distances'!K$26)*(COLUMN('Zhuravlev Distances'!$B$26:$K$26)<COLUMN('Zhuravlev Distances'!K$26))*(COLUMN('Zhuravlev Distances'!$B$26:$K$26)<>COLUMN('Zhuravlev Distances'!J$26))) -> 4
A14: S₁₀ | B14: =1+SUMPRODUCT(('Zhuravlev Distances'!$B$27:$K$27<'Zhuravlev Distances'!B$27)*(COLUMN('Zhuravlev Distances'!$B$27:$K$27)<>COLUMN('Zhuravlev Distances'!K$27)))+SUMPRODUCT(('Zhuravlev Distances'!$B$27:$K$27='Zhuravlev Distances'!B$27)*(COLUMN('Zhuravlev Distances'!$B$27:$K$27)<COLUMN('Zhuravlev Distances'!B$27))*(COLUMN('Zhuravlev Distances'!$B$27:$K$27)<>COLUMN('Zhuravlev Distances'!K$27))) -> 2 | C14: =1+SUMPRODUCT(('Zhuravlev Distances'!$B$27:$K$27<'Zhuravlev Distances'!C$27)*(COLUMN('Zhuravlev Distances'!$B$27:$K$27)<>COLUMN('Zhuravlev Distances'!K$27)))+SUMPRODUCT(('Zhuravlev Distances'!$B$27:$K$27='Zhuravlev Distances'!C$27)*(COLUMN('Zhuravlev Distances'!$B$27:$K$27)<COLUMN('Zhuravlev Distances'!C$27))*(COLUMN('Zhuravlev Distances'!$B$27:$K$27)<>COLUMN('Zhuravlev Distances'!K$27))) -> 4 | D14: =1+SUMPRODUCT(('Zhuravlev Distances'!$B$27:$K$27<'Zhuravlev Distances'!D$27)*(COLUMN('Zhuravlev Distances'!$B$27:$K$27)<>COLUMN('Zhuravlev Distances'!K$27)))+SUMPRODUCT(('Zhuravlev Distances'!$B$27:$K$27='Zhuravlev Distances'!D$27)*(COLUMN('Zhuravlev Distances'!$B$27:$K$27)<COLUMN('Zhuravlev Distances'!D$27))*(COLUMN('Zhuravlev Distances'!$B$27:$K$27)<>COLUMN('Zhuravlev Distances'!K$27))) -> 7 | E14: =1+SUMPRODUCT(('Zhuravlev Distances'!$B$27:$K$27<'Zhuravlev Distances'!E$27)*(COLUMN('Zhuravlev Distances'!$B$27:$K$27)<>COLUMN('Zhuravlev Distances'!K$27)))+SUMPRODUCT(('Zhuravlev Distances'!$B$27:$K$27='Zhuravlev Distances'!E$27)*(COLUMN('Zhuravlev Distances'!$B$27:$K$27)<COLUMN('Zhuravlev Distances'!E$27))*(COLUMN('Zhuravlev Distances'!$B$27:$K$27)<>COLUMN('Zhuravlev Distances'!K$27))) -> 6 | F14: =1+SUMPRODUCT(('Zhuravlev Distances'!$B$27:$K$27<'Zhuravlev Distances'!F$27)*(COLUMN('Zhuravlev Distances'!$B$27:$K$27)<>COLUMN('Zhuravlev Distances'!K$27)))+SUMPRODUCT(('Zhuravlev Distances'!$B$27:$K$27='Zhuravlev Distances'!F$27)*(COLUMN('Zhuravlev Distances'!$B$27:$K$27)<COLUMN('Zhuravlev Distances'!F$27))*(COLUMN('Zhuravlev Distances'!$B$27:$K$27)<>COLUMN('Zhuravlev Distances'!K$27))) -> 9 | G14: =1+SUMPRODUCT(('Zhuravlev Distances'!$B$27:$K$27<'Zhuravlev Distances'!G$27)*(COLUMN('Zhuravlev Distances'!$B$27:$K$27)<>COLUMN('Zhuravlev Distances'!K$27)))+SUMPRODUCT(('Zhuravlev Distances'!$B$27:$K$27='Zhuravlev Distances'!G$27)*(COLUMN('Zhuravlev Distances'!$B$27:$K$27)<COLUMN('Zhuravlev Distances'!G$27))*(COLUMN('Zhuravlev Distances'!$B$27:$K$27)<>COLUMN('Zhuravlev Distances'!K$27))) -> 8 | H14: =1+SUMPRODUCT(('Zhuravlev Distances'!$B$27:$K$27<'Zhuravlev Distances'!H$27)*(COLUMN('Zhuravlev Distances'!$B$27:$K$27)<>COLUMN('Zhuravlev Distances'!K$27)))+SUMPRODUCT(('Zhuravlev Distances'!$B$27:$K$27='Zhuravlev Distances'!H$27)*(COLUMN('Zhuravlev Distances'!$B$27:$K$27)<COLUMN('Zhuravlev Distances'!H$27))*(COLUMN('Zhuravlev Distances'!$B$27:$K$27)<>COLUMN('Zhuravlev Distances'!K$27))) -> 3 | I14: =1+SUMPRODUCT(('Zhuravlev Distances'!$B$27:$K$27<'Zhuravlev Distances'!I$27)*(COLUMN('Zhuravlev Distances'!$B$27:$K$27)<>COLUMN('Zhuravlev Distances'!K$27)))+SUMPRODUCT(('Zhuravlev Distances'!$B$27:$K$27='Zhuravlev Distances'!I$27)*(COLUMN('Zhuravlev Distances'!$B$27:$K$27)<COLUMN('Zhuravlev Distances'!I$27))*(COLUMN('Zhuravlev Distances'!$B$27:$K$27)<>COLUMN('Zhuravlev Distances'!K$27))) -> 5 | J14: =1+SUMPRODUCT(('Zhuravlev Distances'!$B$27:$K$27<'Zhuravlev Distances'!J$27)*(COLUMN('Zhuravlev Distances'!$B$27:$K$27)<>COLUMN('Zhuravlev Distances'!K$27)))+SUMPRODUCT(('Zhuravlev Distances'!$B$27:$K$27='Zhuravlev Distances'!J$27)*(COLUMN('Zhuravlev Distances'!$B$27:$K$27)<COLUMN('Zhuravlev Distances'!J$27))*(COLUMN('Zhuravlev Distances'!$B$27:$K$27)<>COLUMN('Zhuravlev Distances'!K$27))) -> 1 | K14: —
A16: ="S₁ · class "&Dataset!$O$3&" — neighbours in ascending ρ_I (target row 5 of the rank matrix)" -> S₁ · class 2 — neighbours in ascending ρ_I (target row 5 of the rank matrix)
A17: Rank | B17: 1 | C17: 2 | D17: 3 | E17: 4 | F17: 5 | G17: 6 | H17: 7 | I17: 8 | J17: 9
A18: k-neighbourhood | B18: =IF(AND(B$17>='Parameters'!$B$9,B$17<='Parameters'!$B$10,MOD(B$17-'Parameters'!$B$9,2)=0),"k = "&B$17,"") | C18: =IF(AND(C$17>='Parameters'!$B$9,C$17<='Parameters'!$B$10,MOD(C$17-'Parameters'!$B$9,2)=0),"k = "&C$17,"") | D18: =IF(AND(D$17>='Parameters'!$B$9,D$17<='Parameters'!$B$10,MOD(D$17-'Parameters'!$B$9,2)=0),"k = "&D$17,"") -> k = 3 | E18: =IF(AND(E$17>='Parameters'!$B$9,E$17<='Parameters'!$B$10,MOD(E$17-'Parameters'!$B$9,2)=0),"k = "&E$17,"") | F18: =IF(AND(F$17>='Parameters'!$B$9,F$17<='Parameters'!$B$10,MOD(F$17-'Parameters'!$B$9,2)=0),"k = "&F$17,"") -> k = 5 | G18: =IF(AND(G$17>='Parameters'!$B$9,G$17<='Parameters'!$B$10,MOD(G$17-'Parameters'!$B$9,2)=0),"k = "&G$17,"") | H18: =IF(AND(H$17>='Parameters'!$B$9,H$17<='Parameters'!$B$10,MOD(H$17-'Parameters'!$B$9,2)=0),"k = "&H$17,"") | I18: =IF(AND(I$17>='Parameters'!$B$9,I$17<='Parameters'!$B$10,MOD(I$17-'Parameters'!$B$9,2)=0),"k = "&I$17,"") | J18: =IF(AND(J$17>='Parameters'!$B$9,J$17<='Parameters'!$B$10,MOD(J$17-'Parameters'!$B$9,2)=0),"k = "&J$17,"")
A19: Neighbour | B19: =INDEX('Zhuravlev Distances'!$B$17:$K$17,B20) -> S₄ | C19: =INDEX('Zhuravlev Distances'!$B$17:$K$17,C20) -> S₅ | D19: =INDEX('Zhuravlev Distances'!$B$17:$K$17,D20) -> S₁₀ | E19: =INDEX('Zhuravlev Distances'!$B$17:$K$17,E20) -> S₉ | F19: =INDEX('Zhuravlev Distances'!$B$17:$K$17,F20) -> S₇ | G19: =INDEX('Zhuravlev Distances'!$B$17:$K$17,G20) -> S₈ | H19: =INDEX('Zhuravlev Distances'!$B$17:$K$17,H20) -> S₆ | I19: =INDEX('Zhuravlev Distances'!$B$17:$K$17,I20) -> S₃ | J19: =INDEX('Zhuravlev Distances'!$B$17:$K$17,J20) -> S₂
A20: Original index | B20: =MATCH(B$17,$B$5:$K$5,0) -> 4 | C20: =MATCH(C$17,$B$5:$K$5,0) -> 5 | D20: =MATCH(D$17,$B$5:$K$5,0) -> 10 | E20: =MATCH(E$17,$B$5:$K$5,0) -> 9 | F20: =MATCH(F$17,$B$5:$K$5,0) -> 7 | G20: =MATCH(G$17,$B$5:$K$5,0) -> 8 | H20: =MATCH(H$17,$B$5:$K$5,0) -> 6 | I20: =MATCH(I$17,$B$5:$K$5,0) -> 3 | J20: =MATCH(J$17,$B$5:$K$5,0) -> 2
A21: ρ_I(S₁, neighbour) | B21: =INDEX('Zhuravlev Distances'!$B$18:$K$18,B20) -> 1.8429406 | C21: =INDEX('Zhuravlev Distances'!$B$18:$K$18,C20) -> 2.0394025 | D21: =INDEX('Zhuravlev Distances'!$B$18:$K$18,D20) -> 2.2218875 | E21: =INDEX('Zhuravlev Distances'!$B$18:$K$18,E20) -> 2.4680753 | F21: =INDEX('Zhuravlev Distances'!$B$18:$K$18,F20) -> 2.5963636 | G21: =INDEX('Zhuravlev Distances'!$B$18:$K$18,G20) -> 2.8157298 | H21: =INDEX('Zhuravlev Distances'!$B$18:$K$18,H20) -> 2.9056936 | I21: =INDEX('Zhuravlev Distances'!$B$18:$K$18,I20) -> 3.0747842 | J21: =INDEX('Zhuravlev Distances'!$B$18:$K$18,J20) -> 3.1621314
A22: Class | B22: =INDEX(Dataset!$O$3:$O$12,B20) -> 1 | C22: =INDEX(Dataset!$O$3:$O$12,C20) -> 1 | D22: =INDEX(Dataset!$O$3:$O$12,D20) -> 2 | E22: =INDEX(Dataset!$O$3:$O$12,E20) -> 2 | F22: =INDEX(Dataset!$O$3:$O$12,F20) -> 2 | G22: =INDEX(Dataset!$O$3:$O$12,G20) -> 2 | H22: =INDEX(Dataset!$O$3:$O$12,H20) -> 1 | I22: =INDEX(Dataset!$O$3:$O$12,I20) -> 2 | J22: =INDEX(Dataset!$O$3:$O$12,J20) -> 1
A23: Same class as S₁ | B23: =IF(B22=Dataset!$O$3,1,0) -> 0 | C23: =IF(C22=Dataset!$O$3,1,0) -> 0 | D23: =IF(D22=Dataset!$O$3,1,0) -> 1 | E23: =IF(E22=Dataset!$O$3,1,0) -> 1 | F23: =IF(F22=Dataset!$O$3,1,0) -> 1 | G23: =IF(G22=Dataset!$O$3,1,0) -> 1 | H23: =IF(H22=Dataset!$O$3,1,0) -> 0 | I23: =IF(I22=Dataset!$O$3,1,0) -> 1 | J23: =IF(J22=Dataset!$O$3,1,0) -> 0
A24: Same-class count μ (1 … rank) | B24: =SUM($B23:B23) -> 0 | C24: =SUM($B23:C23) -> 0 | D24: =SUM($B23:D23) -> 1 | E24: =SUM($B23:E23) -> 2 | F24: =SUM($B23:F23) -> 3 | G24: =SUM($B23:G23) -> 4 | H24: =SUM($B23:H23) -> 4 | I24: =SUM($B23:I23) -> 5 | J24: =SUM($B23:J23) -> 5
A25: K1 count χ₁ (1 … rank) | B25: =COUNTIF($B22:B22,1) -> 1 | C25: =COUNTIF($B22:C22,1) -> 2 | D25: =COUNTIF($B22:D22,1) -> 2 | E25: =COUNTIF($B22:E22,1) -> 2 | F25: =COUNTIF($B22:F22,1) -> 2 | G25: =COUNTIF($B22:G22,1) -> 2 | H25: =COUNTIF($B22:H22,1) -> 3 | I25: =COUNTIF($B22:I22,1) -> 3 | J25: =COUNTIF($B22:J22,1) -> 4
A27: ="S₂ · class "&Dataset!$O$4&" — neighbours in ascending ρ_I (target row 6 of the rank matrix)" -> S₂ · class 1 — neighbours in ascending ρ_I (target row 6 of the rank matrix)
A28: Rank | B28: 1 | C28: 2 | D28: 3 | E28: 4 | F28: 5 | G28: 6 | H28: 7 | I28: 8 | J28: 9
A29: k-neighbourhood | B29: =IF(AND(B$28>='Parameters'!$B$9,B$28<='Parameters'!$B$10,MOD(B$28-'Parameters'!$B$9,2)=0),"k = "&B$28,"") | C29: =IF(AND(C$28>='Parameters'!$B$9,C$28<='Parameters'!$B$10,MOD(C$28-'Parameters'!$B$9,2)=0),"k = "&C$28,"") | D29: =IF(AND(D$28>='Parameters'!$B$9,D$28<='Parameters'!$B$10,MOD(D$28-'Parameters'!$B$9,2)=0),"k = "&D$28,"") -> k = 3 | E29: =IF(AND(E$28>='Parameters'!$B$9,E$28<='Parameters'!$B$10,MOD(E$28-'Parameters'!$B$9,2)=0),"k = "&E$28,"") | F29: =IF(AND(F$28>='Parameters'!$B$9,F$28<='Parameters'!$B$10,MOD(F$28-'Parameters'!$B$9,2)=0),"k = "&F$28,"") -> k = 5 | G29: =IF(AND(G$28>='Parameters'!$B$9,G$28<='Parameters'!$B$10,MOD(G$28-'Parameters'!$B$9,2)=0),"k = "&G$28,"") | H29: =IF(AND(H$28>='Parameters'!$B$9,H$28<='Parameters'!$B$10,MOD(H$28-'Parameters'!$B$9,2)=0),"k = "&H$28,"") | I29: =IF(AND(I$28>='Parameters'!$B$9,I$28<='Parameters'!$B$10,MOD(I$28-'Parameters'!$B$9,2)=0),"k = "&I$28,"") | J29: =IF(AND(J$28>='Parameters'!$B$9,J$28<='Parameters'!$B$10,MOD(J$28-'Parameters'!$B$9,2)=0),"k = "&J$28,"")
A30: Neighbour | B30: =INDEX('Zhuravlev Distances'!$B$17:$K$17,B31) -> S₆ | C30: =INDEX('Zhuravlev Distances'!$B$17:$K$17,C31) -> S₈ | D30: =INDEX('Zhuravlev Distances'!$B$17:$K$17,D31) -> S₃ | E30: =INDEX('Zhuravlev Distances'!$B$17:$K$17,E31) -> S₅ | F30: =INDEX('Zhuravlev Distances'!$B$17:$K$17,F31) -> S₉ | G30: =INDEX('Zhuravlev Distances'!$B$17:$K$17,G31) -> S₇ | H30: =INDEX('Zhuravlev Distances'!$B$17:$K$17,H31) -> S₄ | I30: =INDEX('Zhuravlev Distances'!$B$17:$K$17,I31) -> S₁ | J30: =INDEX('Zhuravlev Distances'!$B$17:$K$17,J31) -> S₁₀
A31: Original index | B31: =MATCH(B$28,$B$6:$K$6,0) -> 6 | C31: =MATCH(C$28,$B$6:$K$6,0) -> 8 | D31: =MATCH(D$28,$B$6:$K$6,0) -> 3 | E31: =MATCH(E$28,$B$6:$K$6,0) -> 5 | F31: =MATCH(F$28,$B$6:$K$6,0) -> 9 | G31: =MATCH(G$28,$B$6:$K$6,0) -> 7 | H31: =MATCH(H$28,$B$6:$K$6,0) -> 4 | I31: =MATCH(I$28,$B$6:$K$6,0) -> 1 | J31: =MATCH(J$28,$B$6:$K$6,0) -> 10
A32: ρ_I(S₂, neighbour) | B32: =INDEX('Zhuravlev Distances'!$B$19:$K$19,B31) -> 1.8595929 | C32: =INDEX('Zhuravlev Distances'!$B$19:$K$19,C31) -> 2.1247573 | D32: =INDEX('Zhuravlev Distances'!$B$19:$K$19,D31) -> 2.1979142 | E32: =INDEX('Zhuravlev Distances'!$B$19:$K$19,E31) -> 2.5779172 | F32: =INDEX('Zhuravlev Distances'!$B$19:$K$19,F31) -> 2.6399233 | G32: =INDEX('Zhuravlev Distances'!$B$19:$K$19,G31) -> 2.655391 | H32: =INDEX('Zhuravlev Distances'!$B$19:$K$19,H31) -> 2.8173527 | I32: =INDEX('Zhuravlev Distances'!$B$19:$K$19,I31) -> 3.1621314 | J32: =INDEX('Zhuravlev Distances'!$B$19:$K$19,J31) -> 3.2267936
A33: Class | B33: =INDEX(Dataset!$O$3:$O$12,B31) -> 1 | C33: =INDEX(Dataset!$O$3:$O$12,C31) -> 2 | D33: =INDEX(Dataset!$O$3:$O$12,D31) -> 2 | E33: =INDEX(Dataset!$O$3:$O$12,E31) -> 1 | F33: =INDEX(Dataset!$O$3:$O$12,F31) -> 2 | G33: =INDEX(Dataset!$O$3:$O$12,G31) -> 2 | H33: =INDEX(Dataset!$O$3:$O$12,H31) -> 1 | I33: =INDEX(Dataset!$O$3:$O$12,I31) -> 2 | J33: =INDEX(Dataset!$O$3:$O$12,J31) -> 2
A34: Same class as S₂ | B34: =IF(B33=Dataset!$O$4,1,0) -> 1 | C34: =IF(C33=Dataset!$O$4,1,0) -> 0 | D34: =IF(D33=Dataset!$O$4,1,0) -> 0 | E34: =IF(E33=Dataset!$O$4,1,0) -> 1 | F34: =IF(F33=Dataset!$O$4,1,0) -> 0 | G34: =IF(G33=Dataset!$O$4,1,0) -> 0 | H34: =IF(H33=Dataset!$O$4,1,0) -> 1 | I34: =IF(I33=Dataset!$O$4,1,0) -> 0 | J34: =IF(J33=Dataset!$O$4,1,0) -> 0
A35: Same-class count μ (1 … rank) | B35: =SUM($B34:B34) -> 1 | C35: =SUM($B34:C34) -> 1 | D35: =SUM($B34:D34) -> 1 | E35: =SUM($B34:E34) -> 2 | F35: =SUM($B34:F34) -> 2 | G35: =SUM($B34:G34) -> 2 | H35: =SUM($B34:H34) -> 3 | I35: =SUM($B34:I34) -> 3 | J35: =SUM($B34:J34) -> 3
A36: K1 count χ₁ (1 … rank) | B36: =COUNTIF($B33:B33,1) -> 1 | C36: =COUNTIF($B33:C33,1) -> 1 | D36: =COUNTIF($B33:D33,1) -> 1 | E36: =COUNTIF($B33:E33,1) -> 2 | F36: =COUNTIF($B33:F33,1) -> 2 | G36: =COUNTIF($B33:G33,1) -> 2 | H36: =COUNTIF($B33:H33,1) -> 3 | I36: =COUNTIF($B33:I33,1) -> 3 | J36: =COUNTIF($B33:J33,1) -> 3
A38: ="S₃ · class "&Dataset!$O$5&" — neighbours in ascending ρ_I (target row 7 of the rank matrix)" -> S₃ · class 2 — neighbours in ascending ρ_I (target row 7 of the rank matrix)
A39: Rank | B39: 1 | C39: 2 | D39: 3 | E39: 4 | F39: 5 | G39: 6 | H39: 7 | I39: 8 | J39: 9
A40: k-neighbourhood | B40: =IF(AND(B$39>='Parameters'!$B$9,B$39<='Parameters'!$B$10,MOD(B$39-'Parameters'!$B$9,2)=0),"k = "&B$39,"") | C40: =IF(AND(C$39>='Parameters'!$B$9,C$39<='Parameters'!$B$10,MOD(C$39-'Parameters'!$B$9,2)=0),"k = "&C$39,"") | D40: =IF(AND(D$39>='Parameters'!$B$9,D$39<='Parameters'!$B$10,MOD(D$39-'Parameters'!$B$9,2)=0),"k = "&D$39,"") -> k = 3 | E40: =IF(AND(E$39>='Parameters'!$B$9,E$39<='Parameters'!$B$10,MOD(E$39-'Parameters'!$B$9,2)=0),"k = "&E$39,"") | F40: =IF(AND(F$39>='Parameters'!$B$9,F$39<='Parameters'!$B$10,MOD(F$39-'Parameters'!$B$9,2)=0),"k = "&F$39,"") -> k = 5 | G40: =IF(AND(G$39>='Parameters'!$B$9,G$39<='Parameters'!$B$10,MOD(G$39-'Parameters'!$B$9,2)=0),"k = "&G$39,"") | H40: =IF(AND(H$39>='Parameters'!$B$9,H$39<='Parameters'!$B$10,MOD(H$39-'Parameters'!$B$9,2)=0),"k = "&H$39,"") | I40: =IF(AND(I$39>='Parameters'!$B$9,I$39<='Parameters'!$B$10,MOD(I$39-'Parameters'!$B$9,2)=0),"k = "&I$39,"") | J40: =IF(AND(J$39>='Parameters'!$B$9,J$39<='Parameters'!$B$10,MOD(J$39-'Parameters'!$B$9,2)=0),"k = "&J$39,"")
A41: Neighbour | B41: =INDEX('Zhuravlev Distances'!$B$17:$K$17,B42) -> S₇ | C41: =INDEX('Zhuravlev Distances'!$B$17:$K$17,C42) -> S₆ | D41: =INDEX('Zhuravlev Distances'!$B$17:$K$17,D42) -> S₈ | E41: =INDEX('Zhuravlev Distances'!$B$17:$K$17,E42) -> S₄ | F41: =INDEX('Zhuravlev Distances'!$B$17:$K$17,F42) -> S₅ | G41: =INDEX('Zhuravlev Distances'!$B$17:$K$17,G42) -> S₉ | H41: =INDEX('Zhuravlev Distances'!$B$17:$K$17,H42) -> S₂ | I41: =INDEX('Zhuravlev Distances'!$B$17:$K$17,I42) -> S₁ | J41: =INDEX('Zhuravlev Distances'!$B$17:$K$17,J42) -> S₁₀
A42: Original index | B42: =MATCH(B$39,$B$7:$K$7,0) -> 7 | C42: =MATCH(C$39,$B$7:$K$7,0) -> 6 | D42: =MATCH(D$39,$B$7:$K$7,0) -> 8 | E42: =MATCH(E$39,$B$7:$K$7,0) -> 4 | F42: =MATCH(F$39,$B$7:$K$7,0) -> 5 | G42: =MATCH(G$39,$B$7:$K$7,0) -> 9 | H42: =MATCH(H$39,$B$7:$K$7,0) -> 2 | I42: =MATCH(I$39,$B$7:$K$7,0) -> 1 | J42: =MATCH(J$39,$B$7:$K$7,0) -> 10
A43: ρ_I(S₃, neighbour) | B43: =INDEX('Zhuravlev Distances'!$B$20:$K$20,B42) -> 0.64614077 | C43: =INDEX('Zhuravlev Distances'!$B$20:$K$20,C42) -> 0.80319911 | D43: =INDEX('Zhuravlev Distances'!$B$20:$K$20,D42) -> 1.1035187 | E43: =INDEX('Zhuravlev Distances'!$B$20:$K$20,E42) -> 1.4075521 | F43: =INDEX('Zhuravlev Distances'!$B$20:$K$20,F42) -> 1.7324577 | G43: =INDEX('Zhuravlev Distances'!$B$20:$K$20,G42) -> 1.9990166 | H43: =INDEX('Zhuravlev Distances'!$B$20:$K$20,H42) -> 2.1979142 | I43: =INDEX('Zhuravlev Distances'!$B$20:$K$20,I42) -> 3.0747842 | J43: =INDEX('Zhuravlev Distances'!$B$20:$K$20,J42) -> 3.5342785
A44: Class | B44: =INDEX(Dataset!$O$3:$O$12,B42) -> 2 | C44: =INDEX(Dataset!$O$3:$O$12,C42) -> 1 | D44: =INDEX(Dataset!$O$3:$O$12,D42) -> 2 | E44: =INDEX(Dataset!$O$3:$O$12,E42) -> 1 | F44: =INDEX(Dataset!$O$3:$O$12,F42) -> 1 | G44: =INDEX(Dataset!$O$3:$O$12,G42) -> 2 | H44: =INDEX(Dataset!$O$3:$O$12,H42) -> 1 | I44: =INDEX(Dataset!$O$3:$O$12,I42) -> 2 | J44: =INDEX(Dataset!$O$3:$O$12,J42) -> 2
A45: Same class as S₃ | B45: =IF(B44=Dataset!$O$5,1,0) -> 1 | C45: =IF(C44=Dataset!$O$5,1,0) -> 0 | D45: =IF(D44=Dataset!$O$5,1,0) -> 1 | E45: =IF(E44=Dataset!$O$5,1,0) -> 0 | F45: =IF(F44=Dataset!$O$5,1,0) -> 0 | G45: =IF(G44=Dataset!$O$5,1,0) -> 1 | H45: =IF(H44=Dataset!$O$5,1,0) -> 0 | I45: =IF(I44=Dataset!$O$5,1,0) -> 1 | J45: =IF(J44=Dataset!$O$5,1,0) -> 1
A46: Same-class count μ (1 … rank) | B46: =SUM($B45:B45) -> 1 | C46: =SUM($B45:C45) -> 1 | D46: =SUM($B45:D45) -> 2 | E46: =SUM($B45:E45) -> 2 | F46: =SUM($B45:F45) -> 2 | G46: =SUM($B45:G45) -> 3 | H46: =SUM($B45:H45) -> 3 | I46: =SUM($B45:I45) -> 4 | J46: =SUM($B45:J45) -> 5
A47: K1 count χ₁ (1 … rank) | B47: =COUNTIF($B44:B44,1) -> 0 | C47: =COUNTIF($B44:C44,1) -> 1 | D47: =COUNTIF($B44:D44,1) -> 1 | E47: =COUNTIF($B44:E44,1) -> 2 | F47: =COUNTIF($B44:F44,1) -> 3 | G47: =COUNTIF($B44:G44,1) -> 3 | H47: =COUNTIF($B44:H44,1) -> 4 | I47: =COUNTIF($B44:I44,1) -> 4 | J47: =COUNTIF($B44:J44,1) -> 4
A49: ="S₄ · class "&Dataset!$O$6&" — neighbours in ascending ρ_I (target row 8 of the rank matrix)" -> S₄ · class 1 — neighbours in ascending ρ_I (target row 8 of the rank matrix)
A50: Rank | B50: 1 | C50: 2 | D50: 3 | E50: 4 | F50: 5 | G50: 6 | H50: 7 | I50: 8 | J50: 9
A51: k-neighbourhood | B51: =IF(AND(B$50>='Parameters'!$B$9,B$50<='Parameters'!$B$10,MOD(B$50-'Parameters'!$B$9,2)=0),"k = "&B$50,"") | C51: =IF(AND(C$50>='Parameters'!$B$9,C$50<='Parameters'!$B$10,MOD(C$50-'Parameters'!$B$9,2)=0),"k = "&C$50,"") | D51: =IF(AND(D$50>='Parameters'!$B$9,D$50<='Parameters'!$B$10,MOD(D$50-'Parameters'!$B$9,2)=0),"k = "&D$50,"") -> k = 3 | E51: =IF(AND(E$50>='Parameters'!$B$9,E$50<='Parameters'!$B$10,MOD(E$50-'Parameters'!$B$9,2)=0),"k = "&E$50,"") | F51: =IF(AND(F$50>='Parameters'!$B$9,F$50<='Parameters'!$B$10,MOD(F$50-'Parameters'!$B$9,2)=0),"k = "&F$50,"") -> k = 5 | G51: =IF(AND(G$50>='Parameters'!$B$9,G$50<='Parameters'!$B$10,MOD(G$50-'Parameters'!$B$9,2)=0),"k = "&G$50,"") | H51: =IF(AND(H$50>='Parameters'!$B$9,H$50<='Parameters'!$B$10,MOD(H$50-'Parameters'!$B$9,2)=0),"k = "&H$50,"") | I51: =IF(AND(I$50>='Parameters'!$B$9,I$50<='Parameters'!$B$10,MOD(I$50-'Parameters'!$B$9,2)=0),"k = "&I$50,"") | J51: =IF(AND(J$50>='Parameters'!$B$9,J$50<='Parameters'!$B$10,MOD(J$50-'Parameters'!$B$9,2)=0),"k = "&J$50,"")
A52: Neighbour | B52: =INDEX('Zhuravlev Distances'!$B$17:$K$17,B53) -> S₅ | C52: =INDEX('Zhuravlev Distances'!$B$17:$K$17,C53) -> S₇ | D52: =INDEX('Zhuravlev Distances'!$B$17:$K$17,D53) -> S₆ | E52: =INDEX('Zhuravlev Distances'!$B$17:$K$17,E53) -> S₃ | F52: =INDEX('Zhuravlev Distances'!$B$17:$K$17,F53) -> S₈ | G52: =INDEX('Zhuravlev Distances'!$B$17:$K$17,G53) -> S₁ | H52: =INDEX('Zhuravlev Distances'!$B$17:$K$17,H53) -> S₉ | I52: =INDEX('Zhuravlev Distances'!$B$17:$K$17,I53) -> S₂ | J52: =INDEX('Zhuravlev Distances'!$B$17:$K$17,J53) -> S₁₀
A53: Original index | B53: =MATCH(B$50,$B$8:$K$8,0) -> 5 | C53: =MATCH(C$50,$B$8:$K$8,0) -> 7 | D53: =MATCH(D$50,$B$8:$K$8,0) -> 6 | E53: =MATCH(E$50,$B$8:$K$8,0) -> 3 | F53: =MATCH(F$50,$B$8:$K$8,0) -> 8 | G53: =MATCH(G$50,$B$8:$K$8,0) -> 1 | H53: =MATCH(H$50,$B$8:$K$8,0) -> 9 | I53: =MATCH(I$50,$B$8:$K$8,0) -> 2 | J53: =MATCH(J$50,$B$8:$K$8,0) -> 10
A54: ρ_I(S₄, neighbour) | B54: =INDEX('Zhuravlev Distances'!$B$21:$K$21,B53) -> 1.0172133 | C54: =INDEX('Zhuravlev Distances'!$B$21:$K$21,C53) -> 1.1870262 | D54: =INDEX('Zhuravlev Distances'!$B$21:$K$21,D53) -> 1.4022042 | E54: =INDEX('Zhuravlev Distances'!$B$21:$K$21,E53) -> 1.4075521 | F54: =INDEX('Zhuravlev Distances'!$B$21:$K$21,F53) -> 1.6221819 | G54: =INDEX('Zhuravlev Distances'!$B$21:$K$21,G53) -> 1.8429406 | H54: =INDEX('Zhuravlev Distances'!$B$21:$K$21,H53) -> 2.1962328 | I54: =INDEX('Zhuravlev Distances'!$B$21:$K$21,I53) -> 2.8173527 | J54: =INDEX('Zhuravlev Distances'!$B$21:$K$21,J53) -> 3.3981614
A55: Class | B55: =INDEX(Dataset!$O$3:$O$12,B53) -> 1 | C55: =INDEX(Dataset!$O$3:$O$12,C53) -> 2 | D55: =INDEX(Dataset!$O$3:$O$12,D53) -> 1 | E55: =INDEX(Dataset!$O$3:$O$12,E53) -> 2 | F55: =INDEX(Dataset!$O$3:$O$12,F53) -> 2 | G55: =INDEX(Dataset!$O$3:$O$12,G53) -> 2 | H55: =INDEX(Dataset!$O$3:$O$12,H53) -> 2 | I55: =INDEX(Dataset!$O$3:$O$12,I53) -> 1 | J55: =INDEX(Dataset!$O$3:$O$12,J53) -> 2
A56: Same class as S₄ | B56: =IF(B55=Dataset!$O$6,1,0) -> 1 | C56: =IF(C55=Dataset!$O$6,1,0) -> 0 | D56: =IF(D55=Dataset!$O$6,1,0) -> 1 | E56: =IF(E55=Dataset!$O$6,1,0) -> 0 | F56: =IF(F55=Dataset!$O$6,1,0) -> 0 | G56: =IF(G55=Dataset!$O$6,1,0) -> 0 | H56: =IF(H55=Dataset!$O$6,1,0) -> 0 | I56: =IF(I55=Dataset!$O$6,1,0) -> 1 | J56: =IF(J55=Dataset!$O$6,1,0) -> 0
A57: Same-class count μ (1 … rank) | B57: =SUM($B56:B56) -> 1 | C57: =SUM($B56:C56) -> 1 | D57: =SUM($B56:D56) -> 2 | E57: =SUM($B56:E56) -> 2 | F57: =SUM($B56:F56) -> 2 | G57: =SUM($B56:G56) -> 2 | H57: =SUM($B56:H56) -> 2 | I57: =SUM($B56:I56) -> 3 | J57: =SUM($B56:J56) -> 3
A58: K1 count χ₁ (1 … rank) | B58: =COUNTIF($B55:B55,1) -> 1 | C58: =COUNTIF($B55:C55,1) -> 1 | D58: =COUNTIF($B55:D55,1) -> 2 | E58: =COUNTIF($B55:E55,1) -> 2 | F58: =COUNTIF($B55:F55,1) -> 2 | G58: =COUNTIF($B55:G55,1) -> 2 | H58: =COUNTIF($B55:H55,1) -> 2 | I58: =COUNTIF($B55:I55,1) -> 3 | J58: =COUNTIF($B55:J55,1) -> 3
A60: ="S₅ · class "&Dataset!$O$7&" — neighbours in ascending ρ_I (target row 9 of the rank matrix)" -> S₅ · class 1 — neighbours in ascending ρ_I (target row 9 of the rank matrix)
A61: Rank | B61: 1 | C61: 2 | D61: 3 | E61: 4 | F61: 5 | G61: 6 | H61: 7 | I61: 8 | J61: 9
A62: k-neighbourhood | B62: =IF(AND(B$61>='Parameters'!$B$9,B$61<='Parameters'!$B$10,MOD(B$61-'Parameters'!$B$9,2)=0),"k = "&B$61,"") | C62: =IF(AND(C$61>='Parameters'!$B$9,C$61<='Parameters'!$B$10,MOD(C$61-'Parameters'!$B$9,2)=0),"k = "&C$61,"") | D62: =IF(AND(D$61>='Parameters'!$B$9,D$61<='Parameters'!$B$10,MOD(D$61-'Parameters'!$B$9,2)=0),"k = "&D$61,"") -> k = 3 | E62: =IF(AND(E$61>='Parameters'!$B$9,E$61<='Parameters'!$B$10,MOD(E$61-'Parameters'!$B$9,2)=0),"k = "&E$61,"") | F62: =IF(AND(F$61>='Parameters'!$B$9,F$61<='Parameters'!$B$10,MOD(F$61-'Parameters'!$B$9,2)=0),"k = "&F$61,"") -> k = 5 | G62: =IF(AND(G$61>='Parameters'!$B$9,G$61<='Parameters'!$B$10,MOD(G$61-'Parameters'!$B$9,2)=0),"k = "&G$61,"") | H62: =IF(AND(H$61>='Parameters'!$B$9,H$61<='Parameters'!$B$10,MOD(H$61-'Parameters'!$B$9,2)=0),"k = "&H$61,"") | I62: =IF(AND(I$61>='Parameters'!$B$9,I$61<='Parameters'!$B$10,MOD(I$61-'Parameters'!$B$9,2)=0),"k = "&I$61,"") | J62: =IF(AND(J$61>='Parameters'!$B$9,J$61<='Parameters'!$B$10,MOD(J$61-'Parameters'!$B$9,2)=0),"k = "&J$61,"")
A63: Neighbour | B63: =INDEX('Zhuravlev Distances'!$B$17:$K$17,B64) -> S₄ | C63: =INDEX('Zhuravlev Distances'!$B$17:$K$17,C64) -> S₆ | D63: =INDEX('Zhuravlev Distances'!$B$17:$K$17,D64) -> S₇ | E63: =INDEX('Zhuravlev Distances'!$B$17:$K$17,E64) -> S₃ | F63: =INDEX('Zhuravlev Distances'!$B$17:$K$17,F64) -> S₈ | G63: =INDEX('Zhuravlev Distances'!$B$17:$K$17,G64) -> S₁ | H63: =INDEX('Zhuravlev Distances'!$B$17:$K$17,H64) -> S₂ | I63: =INDEX('Zhuravlev Distances'!$B$17:$K$17,I64) -> S₉ | J63: =INDEX('Zhuravlev Distances'!$B$17:$K$17,J64) -> S₁₀
A64: Original index | B64: =MATCH(B$61,$B$9:$K$9,0) -> 4 | C64: =MATCH(C$61,$B$9:$K$9,0) -> 6 | D64: =MATCH(D$61,$B$9:$K$9,0) -> 7 | E64: =MATCH(E$61,$B$9:$K$9,0) -> 3 | F64: =MATCH(F$61,$B$9:$K$9,0) -> 8 | G64: =MATCH(G$61,$B$9:$K$9,0) -> 1 | H64: =MATCH(H$61,$B$9:$K$9,0) -> 2 | I64: =MATCH(I$61,$B$9:$K$9,0) -> 9 | J64: =MATCH(J$61,$B$9:$K$9,0) -> 10
A65: ρ_I(S₅, neighbour) | B65: =INDEX('Zhuravlev Distances'!$B$22:$K$22,B64) -> 1.0172133 | C65: =INDEX('Zhuravlev Distances'!$B$22:$K$22,C64) -> 1.4159987 | D65: =INDEX('Zhuravlev Distances'!$B$22:$K$22,D64) -> 1.7119318 | E65: =INDEX('Zhuravlev Distances'!$B$22:$K$22,E64) -> 1.7324577 | F65: =INDEX('Zhuravlev Distances'!$B$22:$K$22,F64) -> 1.7470875 | G65: =INDEX('Zhuravlev Distances'!$B$22:$K$22,G64) -> 2.0394025 | H65: =INDEX('Zhuravlev Distances'!$B$22:$K$22,H64) -> 2.5779172 | I65: =INDEX('Zhuravlev Distances'!$B$22:$K$22,I64) -> 2.6901307 | J65: =INDEX('Zhuravlev Distances'!$B$22:$K$22,J64) -> 3.8920592
A66: Class | B66: =INDEX(Dataset!$O$3:$O$12,B64) -> 1 | C66: =INDEX(Dataset!$O$3:$O$12,C64) -> 1 | D66: =INDEX(Dataset!$O$3:$O$12,D64) -> 2 | E66: =INDEX(Dataset!$O$3:$O$12,E64) -> 2 | F66: =INDEX(Dataset!$O$3:$O$12,F64) -> 2 | G66: =INDEX(Dataset!$O$3:$O$12,G64) -> 2 | H66: =INDEX(Dataset!$O$3:$O$12,H64) -> 1 | I66: =INDEX(Dataset!$O$3:$O$12,I64) -> 2 | J66: =INDEX(Dataset!$O$3:$O$12,J64) -> 2
A67: Same class as S₅ | B67: =IF(B66=Dataset!$O$7,1,0) -> 1 | C67: =IF(C66=Dataset!$O$7,1,0) -> 1 | D67: =IF(D66=Dataset!$O$7,1,0) -> 0 | E67: =IF(E66=Dataset!$O$7,1,0) -> 0 | F67: =IF(F66=Dataset!$O$7,1,0) -> 0 | G67: =IF(G66=Dataset!$O$7,1,0) -> 0 | H67: =IF(H66=Dataset!$O$7,1,0) -> 1 | I67: =IF(I66=Dataset!$O$7,1,0) -> 0 | J67: =IF(J66=Dataset!$O$7,1,0) -> 0
A68: Same-class count μ (1 … rank) | B68: =SUM($B67:B67) -> 1 | C68: =SUM($B67:C67) -> 2 | D68: =SUM($B67:D67) -> 2 | E68: =SUM($B67:E67) -> 2 | F68: =SUM($B67:F67) -> 2 | G68: =SUM($B67:G67) -> 2 | H68: =SUM($B67:H67) -> 3 | I68: =SUM($B67:I67) -> 3 | J68: =SUM($B67:J67) -> 3
A69: K1 count χ₁ (1 … rank) | B69: =COUNTIF($B66:B66,1) -> 1 | C69: =COUNTIF($B66:C66,1) -> 2 | D69: =COUNTIF($B66:D66,1) -> 2 | E69: =COUNTIF($B66:E66,1) -> 2 | F69: =COUNTIF($B66:F66,1) -> 2 | G69: =COUNTIF($B66:G66,1) -> 2 | H69: =COUNTIF($B66:H66,1) -> 3 | I69: =COUNTIF($B66:I66,1) -> 3 | J69: =COUNTIF($B66:J66,1) -> 3
A71: ="S₆ · class "&Dataset!$O$8&" — neighbours in ascending ρ_I (target row 10 of the rank matrix)" -> S₆ · class 1 — neighbours in ascending ρ_I (target row 10 of the rank matrix)
A72: Rank | B72: 1 | C72: 2 | D72: 3 | E72: 4 | F72: 5 | G72: 6 | H72: 7 | I72: 8 | J72: 9
A73: k-neighbourhood | B73: =IF(AND(B$72>='Parameters'!$B$9,B$72<='Parameters'!$B$10,MOD(B$72-'Parameters'!$B$9,2)=0),"k = "&B$72,"") | C73: =IF(AND(C$72>='Parameters'!$B$9,C$72<='Parameters'!$B$10,MOD(C$72-'Parameters'!$B$9,2)=0),"k = "&C$72,"") | D73: =IF(AND(D$72>='Parameters'!$B$9,D$72<='Parameters'!$B$10,MOD(D$72-'Parameters'!$B$9,2)=0),"k = "&D$72,"") -> k = 3 | E73: =IF(AND(E$72>='Parameters'!$B$9,E$72<='Parameters'!$B$10,MOD(E$72-'Parameters'!$B$9,2)=0),"k = "&E$72,"") | F73: =IF(AND(F$72>='Parameters'!$B$9,F$72<='Parameters'!$B$10,MOD(F$72-'Parameters'!$B$9,2)=0),"k = "&F$72,"") -> k = 5 | G73: =IF(AND(G$72>='Parameters'!$B$9,G$72<='Parameters'!$B$10,MOD(G$72-'Parameters'!$B$9,2)=0),"k = "&G$72,"") | H73: =IF(AND(H$72>='Parameters'!$B$9,H$72<='Parameters'!$B$10,MOD(H$72-'Parameters'!$B$9,2)=0),"k = "&H$72,"") | I73: =IF(AND(I$72>='Parameters'!$B$9,I$72<='Parameters'!$B$10,MOD(I$72-'Parameters'!$B$9,2)=0),"k = "&I$72,"") | J73: =IF(AND(J$72>='Parameters'!$B$9,J$72<='Parameters'!$B$10,MOD(J$72-'Parameters'!$B$9,2)=0),"k = "&J$72,"")
A74: Neighbour | B74: =INDEX('Zhuravlev Distances'!$B$17:$K$17,B75) -> S₃ | C74: =INDEX('Zhuravlev Distances'!$B$17:$K$17,C75) -> S₈ | D74: =INDEX('Zhuravlev Distances'!$B$17:$K$17,D75) -> S₇ | E74: =INDEX('Zhuravlev Distances'!$B$17:$K$17,E75) -> S₄ | F74: =INDEX('Zhuravlev Distances'!$B$17:$K$17,F75) -> S₅ | G74: =INDEX('Zhuravlev Distances'!$B$17:$K$17,G75) -> S₂ | H74: =INDEX('Zhuravlev Distances'!$B$17:$K$17,H75) -> S₉ | I74: =INDEX('Zhuravlev Distances'!$B$17:$K$17,I75) -> S₁ | J74: =INDEX('Zhuravlev Distances'!$B$17:$K$17,J75) -> S₁₀
A75: Original index | B75: =MATCH(B$72,$B$10:$K$10,0) -> 3 | C75: =MATCH(C$72,$B$10:$K$10,0) -> 8 | D75: =MATCH(D$72,$B$10:$K$10,0) -> 7 | E75: =MATCH(E$72,$B$10:$K$10,0) -> 4 | F75: =MATCH(F$72,$B$10:$K$10,0) -> 5 | G75: =MATCH(G$72,$B$10:$K$10,0) -> 2 | H75: =MATCH(H$72,$B$10:$K$10,0) -> 9 | I75: =MATCH(I$72,$B$10:$K$10,0) -> 1 | J75: =MATCH(J$72,$B$10:$K$10,0) -> 10
A76: ρ_I(S₆, neighbour) | B76: =INDEX('Zhuravlev Distances'!$B$23:$K$23,B75) -> 0.80319911 | C76: =INDEX('Zhuravlev Distances'!$B$23:$K$23,C75) -> 1.3181689 | D76: =INDEX('Zhuravlev Distances'!$B$23:$K$23,D75) -> 1.3708685 | E76: =INDEX('Zhuravlev Distances'!$B$23:$K$23,E75) -> 1.4022042 | F76: =INDEX('Zhuravlev Distances'!$B$23:$K$23,F75) -> 1.4159987 | G76: =INDEX('Zhuravlev Distances'!$B$23:$K$23,G75) -> 1.8595929 | H76: =INDEX('Zhuravlev Distances'!$B$23:$K$23,H75) -> 2.4162508 | I76: =INDEX('Zhuravlev Distances'!$B$23:$K$23,I75) -> 2.9056936 | J76: =INDEX('Zhuravlev Distances'!$B$23:$K$23,J75) -> 3.6181794
A77: Class | B77: =INDEX(Dataset!$O$3:$O$12,B75) -> 2 | C77: =INDEX(Dataset!$O$3:$O$12,C75) -> 2 | D77: =INDEX(Dataset!$O$3:$O$12,D75) -> 2 | E77: =INDEX(Dataset!$O$3:$O$12,E75) -> 1 | F77: =INDEX(Dataset!$O$3:$O$12,F75) -> 1 | G77: =INDEX(Dataset!$O$3:$O$12,G75) -> 1 | H77: =INDEX(Dataset!$O$3:$O$12,H75) -> 2 | I77: =INDEX(Dataset!$O$3:$O$12,I75) -> 2 | J77: =INDEX(Dataset!$O$3:$O$12,J75) -> 2
A78: Same class as S₆ | B78: =IF(B77=Dataset!$O$8,1,0) -> 0 | C78: =IF(C77=Dataset!$O$8,1,0) -> 0 | D78: =IF(D77=Dataset!$O$8,1,0) -> 0 | E78: =IF(E77=Dataset!$O$8,1,0) -> 1 | F78: =IF(F77=Dataset!$O$8,1,0) -> 1 | G78: =IF(G77=Dataset!$O$8,1,0) -> 1 | H78: =IF(H77=Dataset!$O$8,1,0) -> 0 | I78: =IF(I77=Dataset!$O$8,1,0) -> 0 | J78: =IF(J77=Dataset!$O$8,1,0) -> 0
A79: Same-class count μ (1 … rank) | B79: =SUM($B78:B78) -> 0 | C79: =SUM($B78:C78) -> 0 | D79: =SUM($B78:D78) -> 0 | E79: =SUM($B78:E78) -> 1 | F79: =SUM($B78:F78) -> 2 | G79: =SUM($B78:G78) -> 3 | H79: =SUM($B78:H78) -> 3 | I79: =SUM($B78:I78) -> 3 | J79: =SUM($B78:J78) -> 3
A80: K1 count χ₁ (1 … rank) | B80: =COUNTIF($B77:B77,1) -> 0 | C80: =COUNTIF($B77:C77,1) -> 0 | D80: =COUNTIF($B77:D77,1) -> 0 | E80: =COUNTIF($B77:E77,1) -> 1 | F80: =COUNTIF($B77:F77,1) -> 2 | G80: =COUNTIF($B77:G77,1) -> 3 | H80: =COUNTIF($B77:H77,1) -> 3 | I80: =COUNTIF($B77:I77,1) -> 3 | J80: =COUNTIF($B77:J77,1) -> 3
A82: ="S₇ · class "&Dataset!$O$9&" — neighbours in ascending ρ_I (target row 11 of the rank matrix)" -> S₇ · class 2 — neighbours in ascending ρ_I (target row 11 of the rank matrix)
A83: Rank | B83: 1 | C83: 2 | D83: 3 | E83: 4 | F83: 5 | G83: 6 | H83: 7 | I83: 8 | J83: 9
