Workbook

Sheet Overview
B2: Forming Synthetic Features using k-NN
B3: Experiment on the Heart-Disease dataset · 10 objects · 13 features (6 quantitative, 7 nominal) · 2 classes · Zhuravlev metric
B5: Workbook map
B6: # | C6: Sheet | D6: Stage | E6: What it contains
B7: 1 | C7: Dataset | D7: Input data | E7: Original sample: 10 objects (S₁–S₁₀) × 13 features (x₁–x₁₃) with class labels (K1 = 4, K2 = 6); feature-type flags in row 13 (1 = quantitative, 0 = nominal) and the split into 6 quantitative and 7 nominal features.
B8: 2 | C8: Quantitative | D8: Input data | E8: The 6 quantitative features (x₁, x₄, x₅, x₈, x₁₀, x₁₂) with class labels.
B9: 3 | C9: Nominal | D9: Input data | E9: The 7 nominal features (x₂, x₃, x₆, x₇, x₉, x₁₁, x₁₃) with class labels.
B10: 4 | C10: Normalized Dataset | D10: Step 1 · Scale unification | E10: Quantitative features mapped to [0, 1] by (x − min) / (max − min); nominal codes unchanged; type, min and max rows.
B11: 5 | C11: Zhuravlev Distances | D11: Step 2 · Distances | E11: Zhuravlev distance ρ(Sᵢ, Sⱼ) for all pairs, with its quantitative part and its nominal (mismatch-count) part.
B12: 6 | C12: Sorted Neighbors | D12: Step 3 · Sorting | E12: Rank matrix, then one block per object: neighbours in ascending ρ with original index, distance, class, same-class flag and running count; the permitted k are marked.
B13: 7 | C13: Synthetic Features (k-NN) | D13: Step 4 · Synthetic features | E13: For each Sᵢ and each permitted k (odd, k_min … k_max, k_max = 2·min|Kᵢ| − 3): the number of its k nearest neighbours that share its class — the synthetic features based on k-NN — with the experiment parameters.
B15: Algorithm — pipeline specification (same steps and names as the planned Python project)
B16: # | C16: Step | D16: Output sheet | E16: Definition → planned Python function
B17: 1 | C17: Load the dataset | D17: Dataset | E17: Objects S₁…Sₘ, features x₁…xₙ, feature type tⱼ (1 = quantitative ∈ I, 0 = nominal ∈ J), class labels. → io.load_dataset(path) -> (names, X, y, types)
B18: 2 | C18: Unify measurement scales | D18: Normalized Dataset | E18: x′ = (x − min) / (max − min) for j ∈ I (0 if max = min); nominal values unchanged. → preprocessing.unify_scales(X, types)
B19: 3 | C19: Zhuravlev distances | D19: Zhuravlev Distances | E19: ρ(x, y) = Σ(j∈I) |x′ⱼ − y′ⱼ| + Σ(j∈J) [xⱼ ≠ yⱼ], rounded to 10 decimals. → metrics.zhuravlev(x, y, types), metrics.distance_matrix(...)
B20: 4 | C20: Sort neighbours | D20: Sorted Neighbors | E20: For each Sᵢ: all Sⱼ ≠ Sᵢ ordered by (ρ(Sᵢ, Sⱼ), j); each neighbour keeps its original index j and class. → neighbours.sorted_neighbours(D, y)
B21: 5 | C21: Synthetic Features based on k-NN | D21: Synthetic Features (k-NN) | E21: k = 3, 5, …, k_max with k_min = 3 fixed and k_max = 2·min|Kᵢ| − 3 (class sizes from the data): count of same-class objects among the first k neighbours. → features.permitted_k(y), features.same_class_counts(neigh, y, ks)
B23: Key figures
B24: # | C24: Figure | D24: Value | E24: Linked to
B25: 1 | C25: Objects (samples) | D25: =COUNT(Dataset!O3:O12) -> 10 | E25: Dataset · O3:O12
B26: 2 | C26: Features | D26: =COUNT(Dataset!B3:N3) -> 13 | E26: Dataset · B3:N3
B27: 3 | C27: Quantitative features (set I) | D27: =SUM(Dataset!B13:N13) -> 6 | E27: Dataset · B13:N13
B28: 4 | C28: Nominal features (set J) | D28: =COUNTIF(Dataset!B13:N13,0) -> 7 | E28: Dataset · B13:N13
B29: 5 | C29: Objects in class 1 (K1) | D29: =COUNTIF(Dataset!O3:O12,1) -> 4 | E29: Dataset · O3:O12
B30: 6 | C30: Objects in class 2 (K2) | D30: =COUNTIF(Dataset!O3:O12,2) -> 6 | E30: Dataset · O3:O12
B31: 7 | C31: Smallest class min |Kᵢ| | D31: ='Synthetic Features (k-NN)'!G8 -> 4 | E31: Synthetic Features (k-NN) · parameters
B32: 8 | C32: k_max = 2 · min |Kᵢ| − 3 | D32: ='Synthetic Features (k-NN)'!G10 -> 5 | E32: Synthetic Features (k-NN) · parameters
B33: 9 | C33: Permitted k values | D33: ='Synthetic Features (k-NN)'!G11 -> 3, 5 | E33: Synthetic Features (k-NN) · parameters
B34: 10 | C34: Nearest neighbour of S₁ | D34: ='Sorted Neighbors'!B19 -> S₉ | E34: Sorted Neighbors · S₁ block, rank 1
B36: Colour legend
B37: Aa | C37: Sheet title bar
B38: Aa | C38: Table / block title bar
B39: Aa | C39: Column header (x₁ … x₁₃, S₁ … S₁₀, rank, k)
B40: Aa | C40: Object label S₁ … S₁₀, neighbour names and row captions
B41: Aa | C41: Quantitative feature values (original or normalized)
B42: Aa | C42: Nominal feature values
B43: Aa | C43: Class label (1 / 2)
B44: Aa | C44: Feature-type flag (1 = quantitative, 0 = nominal)
B45: Aa | C45: Neighbour of the same class as the target (Step 3)
B46: Aa | C46: Nested neighbourhood of a permitted k (Step 3)
B47: Aa | C47: Synthetic feature value based on k-NN (Step 4)
B48: Aa | C48: Key label / parameter
B50: Notes
B51: • Symbols such as x₁ and S₁ on the Dataset, Quantitative and Nominal sheets are Office-Math equation objects placed over the cells; the new sheets use cell text with subscripts.
B52: • Every Step 1–4 cell is a live formula linked to the Dataset sheet: change a value, a class or a type flag there and all four steps recalculate.
B53: • Only the k permitted by k_max = 2·min|Kᵢ| − 3 are used (odd k from k_min = 3, fixed for every dataset); |K1| and |K2| are counted from the Dataset, so k_max follows the data.
B54: • Distances are rounded to 10 decimals so that equal distances tie exactly; ties are broken by the smaller original index — the same rule as the Python reference implementation.
B55: • Every sheet is set up to print landscape on A4, one page wide, with the workbook name, sheet name and page numbers in the header / footer.

Sheet Dataset
A1: Heart + Disease (10, 13, 2)
A2: № | O2: Class | Q2: K1 = 4
B3: 70 | C3: 1 | D3: 4 | E3: 130 | F3: 322 | G3: 0 | H3: 2 | I3: 109 | J3: 0 | K3: 2.4 | L3: 2 | M3: 3 | N3: 3 | O3: 2 | Q3: K2 = 6
B4: 67 | C4: 0 | D4: 3 | E4: 115 | F4: 564 | G4: 0 | H4: 2 | I4: 160 | J4: 0 | K4: 1.6 | L4: 2 | M4: 0 | N4: 7 | O4: 1
B5: 57 | C5: 1 | D5: 2 | E5: 124 | F5: 261 | G5: 0 | H5: 0 | I5: 141 | J5: 0 | K5: 0.3 | L5: 1 | M5: 0 | N5: 7 | O5: 2 | Q5: Sign of Quantitative Features - | T5: 1
B6: 64 | C6: 1 | D6: 4 | E6: 128 | F6: 263 | G6: 0 | H6: 0 | I6: 105 | J6: 1 | K6: 0.2 | L6: 2 | M6: 1 | N6: 7 | O6: 1 | Q6: Sign of Nominal Features - | T6: 0
B7: 74 | C7: 0 | D7: 2 | E7: 120 | F7: 269 | G7: 0 | H7: 2 | I7: 121 | J7: 1 | K7: 0.2 | L7: 1 | M7: 1 | N7: 3 | O7: 1
B8: 65 | C8: 1 | D8: 4 | E8: 120 | F8: 177 | G8: 0 | H8: 0 | I8: 140 | J8: 0 | K8: 0.4 | L8: 1 | M8: 0 | N8: 7 | O8: 1
B9: 56 | C9: 1 | D9: 3 | E9: 130 | F9: 256 | G9: 1 | H9: 2 | I9: 142 | J9: 1 | K9: 0.6 | L9: 2 | M9: 1 | N9: 6 | O9: 2
B10: 59 | C10: 1 | D10: 4 | E10: 110 | F10: 239 | G10: 0 | H10: 2 | I10: 142 | J10: 1 | K10: 1.2 | L10: 2 | M10: 1 | N10: 7 | O10: 2
B11: 60 | C11: 1 | D11: 4 | E11: 140 | F11: 293 | G11: 0 | H11: 2 | I11: 170 | J11: 0 | K11: 1.2 | L11: 2 | M11: 2 | N11: 7 | O11: 2
B12: 63 | C12: 0 | D12: 4 | E12: 150 | F12: 407 | G12: 0 | H12: 2 | I12: 154 | J12: 0 | K12: 4 | L12: 2 | M12: 3 | N12: 7 | O12: 2
B13: 1 | C13: 0 | D13: 0 | E13: 1 | F13: 1 | G13: 0 | H13: 0 | I13: 1 | J13: 0 | K13: 1 | L13: 0 | M13: 1 | N13: 0
B17: Total Number of Quantitative Features - | F17: 6 | L17: Total Number of Nominal Features - | P17: 7
A19: Quantitative Features | K19: Nominal Features
A20: № | H20: Class | K20: № | S20: Class
B21: 70 | C21: 130 | D21: 322 | E21: 109 | F21: 2.4 | G21: 3 | H21: 2 | L21: 1 | M21: 4 | N21: 0 | O21: 2 | P21: 0 | Q21: 2 | R21: 3 | S21: 2
B22: 67 | C22: 115 | D22: 564 | E22: 160 | F22: 1.6 | G22: 0 | H22: 1 | L22: 0 | M22: 3 | N22: 0 | O22: 2 | P22: 0 | Q22: 2 | R22: 7 | S22: 1
B23: 57 | C23: 124 | D23: 261 | E23: 141 | F23: 0.3 | G23: 0 | H23: 2 | L23: 1 | M23: 2 | N23: 0 | O23: 0 | P23: 0 | Q23: 1 | R23: 7 | S23: 2
B24: 64 | C24: 128 | D24: 263 | E24: 105 | F24: 0.2 | G24: 1 | H24: 1 | L24: 1 | M24: 4 | N24: 0 | O24: 0 | P24: 1 | Q24: 2 | R24: 7 | S24: 1
B25: 74 | C25: 120 | D25: 269 | E25: 121 | F25: 0.2 | G25: 1 | H25: 1 | L25: 0 | M25: 2 | N25: 0 | O25: 2 | P25: 1 | Q25: 1 | R25: 3 | S25: 1
B26: 65 | C26: 120 | D26: 177 | E26: 140 | F26: 0.4 | G26: 0 | H26: 1 | L26: 1 | M26: 4 | N26: 0 | O26: 0 | P26: 0 | Q26: 1 | R26: 7 | S26: 1
B27: 56 | C27: 130 | D27: 256 | E27: 142 | F27: 0.6 | G27: 1 | H27: 2 | L27: 1 | M27: 3 | N27: 1 | O27: 2 | P27: 1 | Q27: 2 | R27: 6 | S27: 2
B28: 59 | C28: 110 | D28: 239 | E28: 142 | F28: 1.2 | G28: 1 | H28: 2 | L28: 1 | M28: 4 | N28: 0 | O28: 2 | P28: 1 | Q28: 2 | R28: 7 | S28: 2
B29: 60 | C29: 140 | D29: 293 | E29: 170 | F29: 1.2 | G29: 2 | H29: 2 | L29: 1 | M29: 4 | N29: 0 | O29: 2 | P29: 0 | Q29: 2 | R29: 7 | S29: 2
B30: 63 | C30: 150 | D30: 407 | E30: 154 | F30: 4 | G30: 3 | H30: 2 | L30: 0 | M30: 4 | N30: 0 | O30: 2 | P30: 0 | Q30: 2 | R30: 7 | S30: 2
B31: 1 | C31: 1 | D31: 1 | E31: 1 | F31: 1 | G31: 1 | L31: 0 | M31: 0 | N31: 0 | O31: 0 | P31: 0 | Q31: 0 | R31: 0

Sheet Quantitative
A1: Quantitative Features
A2: № | H2: Class | K2: K1 = 4
B3: 70 | C3: 130 | D3: 322 | E3: 109 | F3: 2.4 | G3: 3 | H3: 2 | K3: K2 = 6 | M3: Color and Sign of Quantitative Features - | Q3: 1
B4: 67 | C4: 115 | D4: 564 | E4: 160 | F4: 1.6 | G4: 0 | H4: 1
B5: 57 | C5: 124 | D5: 261 | E5: 141 | F5: 0.3 | G5: 0 | H5: 2
B6: 64 | C6: 128 | D6: 263 | E6: 105 | F6: 0.2 | G6: 1 | H6: 1
B7: 74 | C7: 120 | D7: 269 | E7: 121 | F7: 0.2 | G7: 1 | H7: 1
B8: 65 | C8: 120 | D8: 177 | E8: 140 | F8: 0.4 | G8: 0 | H8: 1
B9: 56 | C9: 130 | D9: 256 | E9: 142 | F9: 0.6 | G9: 1 | H9: 2
B10: 59 | C10: 110 | D10: 239 | E10: 142 | F10: 1.2 | G10: 1 | H10: 2
B11: 60 | C11: 140 | D11: 293 | E11: 170 | F11: 1.2 | G11: 2 | H11: 2
B12: 63 | C12: 150 | D12: 407 | E12: 154 | F12: 4 | G12: 3 | H12: 2
B13: 1 | C13: 1 | D13: 1 | E13: 1 | F13: 1 | G13: 1

Sheet Nominal
A1: Nominal Features
A2: № | I2: Class | L2: K1 = 4
B3: 1 | C3: 4 | D3: 0 | E3: 2 | F3: 0 | G3: 2 | H3: 3 | I3: 2 | L3: K2 = 6 | N3: Color and Sign of Nominal Features - | R3: 0
B4: 0 | C4: 3 | D4: 0 | E4: 2 | F4: 0 | G4: 2 | H4: 7 | I4: 1
B5: 1 | C5: 2 | D5: 0 | E5: 0 | F5: 0 | G5: 1 | H5: 7 | I5: 2
B6: 1 | C6: 4 | D6: 0 | E6: 0 | F6: 1 | G6: 2 | H6: 7 | I6: 1
B7: 0 | C7: 2 | D7: 0 | E7: 2 | F7: 1 | G7: 1 | H7: 3 | I7: 1
B8: 1 | C8: 4 | D8: 0 | E8: 0 | F8: 0 | G8: 1 | H8: 7 | I8: 1
B9: 1 | C9: 3 | D9: 1 | E9: 2 | F9: 1 | G9: 2 | H9: 6 | I9: 2
B10: 1 | C10: 4 | D10: 0 | E10: 2 | F10: 1 | G10: 2 | H10: 7 | I10: 2
B11: 1 | C11: 4 | D11: 0 | E11: 2 | F11: 0 | G11: 2 | H11: 7 | I11: 2
B12: 0 | C12: 4 | D12: 0 | E12: 2 | F12: 0 | G12: 2 | H12: 7 | I12: 2
B13: 0 | C13: 0 | D13: 0 | E13: 0 | F13: 0 | G13: 0 | H13: 0

Sheet Normalized Dataset
A1: Step 1 · Normalized dataset — quantitative features mapped to [0, 1], nominal features unchanged
A3: Heart + Disease (10, 13, 2) after scale unification: x′ = (x − min) / (max − min) for j ∈ I
A4: № | B4: x₁ | C4: x₂ | D4: x₃ | E4: x₄ | F4: x₅ | G4: x₆ | H4: x₇ | I4: x₈ | J4: x₉ | K4: x₁₀ | L4: x₁₁ | M4: x₁₂ | N4: x₁₃ | O4: Class
A5: S₁ | B5: =IF(MAX(Dataset!B$3:B$12)=MIN(Dataset!B$3:B$12),0,(Dataset!B3-MIN(Dataset!B$3:B$12))/(MAX(Dataset!B$3:B$12)-MIN(Dataset!B$3:B$12))) -> 0.77777778 | C5: =Dataset!C3 -> 1 | D5: =Dataset!D3 -> 4 | E5: =IF(MAX(Dataset!E$3:E$12)=MIN(Dataset!E$3:E$12),0,(Dataset!E3-MIN(Dataset!E$3:E$12))/(MAX(Dataset!E$3:E$12)-MIN(Dataset!E$3:E$12))) -> 0.5 | F5: =IF(MAX(Dataset!F$3:F$12)=MIN(Dataset!F$3:F$12),0,(Dataset!F3-MIN(Dataset!F$3:F$12))/(MAX(Dataset!F$3:F$12)-MIN(Dataset!F$3:F$12))) -> 0.374677 | G5: =Dataset!G3 -> 0 | H5: =Dataset!H3 -> 2 | I5: =IF(MAX(Dataset!I$3:I$12)=MIN(Dataset!I$3:I$12),0,(Dataset!I3-MIN(Dataset!I$3:I$12))/(MAX(Dataset!I$3:I$12)-MIN(Dataset!I$3:I$12))) -> 0.061538462 | J5: =Dataset!J3 -> 0 | K5: =IF(MAX(Dataset!K$3:K$12)=MIN(Dataset!K$3:K$12),0,(Dataset!K3-MIN(Dataset!K$3:K$12))/(MAX(Dataset!K$3:K$12)-MIN(Dataset!K$3:K$12))) -> 0.57894737 | L5: =Dataset!L3 -> 2 | M5: =IF(MAX(Dataset!M$3:M$12)=MIN(Dataset!M$3:M$12),0,(Dataset!M3-MIN(Dataset!M$3:M$12))/(MAX(Dataset!M$3:M$12)-MIN(Dataset!M$3:M$12))) -> 1 | N5: =Dataset!N3 -> 3 | O5: =Dataset!O3 -> 2
A6: S₂ | B6: =IF(MAX(Dataset!B$3:B$12)=MIN(Dataset!B$3:B$12),0,(Dataset!B4-MIN(Dataset!B$3:B$12))/(MAX(Dataset!B$3:B$12)-MIN(Dataset!B$3:B$12))) -> 0.61111111 | C6: =Dataset!C4 -> 0 | D6: =Dataset!D4 -> 3 | E6: =IF(MAX(Dataset!E$3:E$12)=MIN(Dataset!E$3:E$12),0,(Dataset!E4-MIN(Dataset!E$3:E$12))/(MAX(Dataset!E$3:E$12)-MIN(Dataset!E$3:E$12))) -> 0.125 | F6: =IF(MAX(Dataset!F$3:F$12)=MIN(Dataset!F$3:F$12),0,(Dataset!F4-MIN(Dataset!F$3:F$12))/(MAX(Dataset!F$3:F$12)-MIN(Dataset!F$3:F$12))) -> 1 | G6: =Dataset!G4 -> 0 | H6: =Dataset!H4 -> 2 | I6: =IF(MAX(Dataset!I$3:I$12)=MIN(Dataset!I$3:I$12),0,(Dataset!I4-MIN(Dataset!I$3:I$12))/(MAX(Dataset!I$3:I$12)-MIN(Dataset!I$3:I$12))) -> 0.84615385 | J6: =Dataset!J4 -> 0 | K6: =IF(MAX(Dataset!K$3:K$12)=MIN(Dataset!K$3:K$12),0,(Dataset!K4-MIN(Dataset!K$3:K$12))/(MAX(Dataset!K$3:K$12)-MIN(Dataset!K$3:K$12))) -> 0.36842105 | L6: =Dataset!L4 -> 2 | M6: =IF(MAX(Dataset!M$3:M$12)=MIN(Dataset!M$3:M$12),0,(Dataset!M4-MIN(Dataset!M$3:M$12))/(MAX(Dataset!M$3:M$12)-MIN(Dataset!M$3:M$12))) -> 0 | N6: =Dataset!N4 -> 7 | O6: =Dataset!O4 -> 1
A7: S₃ | B7: =IF(MAX(Dataset!B$3:B$12)=MIN(Dataset!B$3:B$12),0,(Dataset!B5-MIN(Dataset!B$3:B$12))/(MAX(Dataset!B$3:B$12)-MIN(Dataset!B$3:B$12))) -> 0.055555556 | C7: =Dataset!C5 -> 1 | D7: =Dataset!D5 -> 2 | E7: =IF(MAX(Dataset!E$3:E$12)=MIN(Dataset!E$3:E$12),0,(Dataset!E5-MIN(Dataset!E$3:E$12))/(MAX(Dataset!E$3:E$12)-MIN(Dataset!E$3:E$12))) -> 0.35 | F7: =IF(MAX(Dataset!F$3:F$12)=MIN(Dataset!F$3:F$12),0,(Dataset!F5-MIN(Dataset!F$3:F$12))/(MAX(Dataset!F$3:F$12)-MIN(Dataset!F$3:F$12))) -> 0.21705426 | G7: =Dataset!G5 -> 0 | H7: =Dataset!H5 -> 0 | I7: =IF(MAX(Dataset!I$3:I$12)=MIN(Dataset!I$3:I$12),0,(Dataset!I5-MIN(Dataset!I$3:I$12))/(MAX(Dataset!I$3:I$12)-MIN(Dataset!I$3:I$12))) -> 0.55384615 | J7: =Dataset!J5 -> 0 | K7: =IF(MAX(Dataset!K$3:K$12)=MIN(Dataset!K$3:K$12),0,(Dataset!K5-MIN(Dataset!K$3:K$12))/(MAX(Dataset!K$3:K$12)-MIN(Dataset!K$3:K$12))) -> 0.026315789 | L7: =Dataset!L5 -> 1 | M7: =IF(MAX(Dataset!M$3:M$12)=MIN(Dataset!M$3:M$12),0,(Dataset!M5-MIN(Dataset!M$3:M$12))/(MAX(Dataset!M$3:M$12)-MIN(Dataset!M$3:M$12))) -> 0 | N7: =Dataset!N5 -> 7 | O7: =Dataset!O5 -> 2
A8: S₄ | B8: =IF(MAX(Dataset!B$3:B$12)=MIN(Dataset!B$3:B$12),0,(Dataset!B6-MIN(Dataset!B$3:B$12))/(MAX(Dataset!B$3:B$12)-MIN(Dataset!B$3:B$12))) -> 0.44444444 | C8: =Dataset!C6 -> 1 | D8: =Dataset!D6 -> 4 | E8: =IF(MAX(Dataset!E$3:E$12)=MIN(Dataset!E$3:E$12),0,(Dataset!E6-MIN(Dataset!E$3:E$12))/(MAX(Dataset!E$3:E$12)-MIN(Dataset!E$3:E$12))) -> 0.45 | F8: =IF(MAX(Dataset!F$3:F$12)=MIN(Dataset!F$3:F$12),0,(Dataset!F6-MIN(Dataset!F$3:F$12))/(MAX(Dataset!F$3:F$12)-MIN(Dataset!F$3:F$12))) -> 0.22222222 | G8: =Dataset!G6 -> 0 | H8: =Dataset!H6 -> 0 | I8: =IF(MAX(Dataset!I$3:I$12)=MIN(Dataset!I$3:I$12),0,(Dataset!I6-MIN(Dataset!I$3:I$12))/(MAX(Dataset!I$3:I$12)-MIN(Dataset!I$3:I$12))) -> 0 | J8: =Dataset!J6 -> 1 | K8: =IF(MAX(Dataset!K$3:K$12)=MIN(Dataset!K$3:K$12),0,(Dataset!K6-MIN(Dataset!K$3:K$12))/(MAX(Dataset!K$3:K$12)-MIN(Dataset!K$3:K$12))) -> 0 | L8: =Dataset!L6 -> 2 | M8: =IF(MAX(Dataset!M$3:M$12)=MIN(Dataset!M$3:M$12),0,(Dataset!M6-MIN(Dataset!M$3:M$12))/(MAX(Dataset!M$3:M$12)-MIN(Dataset!M$3:M$12))) -> 0.33333333 | N8: =Dataset!N6 -> 7 | O8: =Dataset!O6 -> 1
A9: S₅ | B9: =IF(MAX(Dataset!B$3:B$12)=MIN(Dataset!B$3:B$12),0,(Dataset!B7-MIN(Dataset!B$3:B$12))/(MAX(Dataset!B$3:B$12)-MIN(Dataset!B$3:B$12))) -> 1 | C9: =Dataset!C7 -> 0 | D9: =Dataset!D7 -> 2 | E9: =IF(MAX(Dataset!E$3:E$12)=MIN(Dataset!E$3:E$12),0,(Dataset!E7-MIN(Dataset!E$3:E$12))/(MAX(Dataset!E$3:E$12)-MIN(Dataset!E$3:E$12))) -> 0.25 | F9: =IF(MAX(Dataset!F$3:F$12)=MIN(Dataset!F$3:F$12),0,(Dataset!F7-MIN(Dataset!F$3:F$12))/(MAX(Dataset!F$3:F$12)-MIN(Dataset!F$3:F$12))) -> 0.2377261 | G9: =Dataset!G7 -> 0 | H9: =Dataset!H7 -> 2 | I9: =IF(MAX(Dataset!I$3:I$12)=MIN(Dataset!I$3:I$12),0,(Dataset!I7-MIN(Dataset!I$3:I$12))/(MAX(Dataset!I$3:I$12)-MIN(Dataset!I$3:I$12))) -> 0.24615385 | J9: =Dataset!J7 -> 1 | K9: =IF(MAX(Dataset!K$3:K$12)=MIN(Dataset!K$3:K$12),0,(Dataset!K7-MIN(Dataset!K$3:K$12))/(MAX(Dataset!K$3:K$12)-MIN(Dataset!K$3:K$12))) -> 0 | L9: =Dataset!L7 -> 1 | M9: =IF(MAX(Dataset!M$3:M$12)=MIN(Dataset!M$3:M$12),0,(Dataset!M7-MIN(Dataset!M$3:M$12))/(MAX(Dataset!M$3:M$12)-MIN(Dataset!M$3:M$12))) -> 0.33333333 | N9: =Dataset!N7 -> 3 | O9: =Dataset!O7 -> 1
A10: S₆ | B10: =IF(MAX(Dataset!B$3:B$12)=MIN(Dataset!B$3:B$12),0,(Dataset!B8-MIN(Dataset!B$3:B$12))/(MAX(Dataset!B$3:B$12)-MIN(Dataset!B$3:B$12))) -> 0.5 | C10: =Dataset!C8 -> 1 | D10: =Dataset!D8 -> 4 | E10: =IF(MAX(Dataset!E$3:E$12)=MIN(Dataset!E$3:E$12),0,(Dataset!E8-MIN(Dataset!E$3:E$12))/(MAX(Dataset!E$3:E$12)-MIN(Dataset!E$3:E$12))) -> 0.25 | F10: =IF(MAX(Dataset!F$3:F$12)=MIN(Dataset!F$3:F$12),0,(Dataset!F8-MIN(Dataset!F$3:F$12))/(MAX(Dataset!F$3:F$12)-MIN(Dataset!F$3:F$12))) -> 0 | G10: =Dataset!G8 -> 0 | H10: =Dataset!H8 -> 0 | I10: =IF(MAX(Dataset!I$3:I$12)=MIN(Dataset!I$3:I$12),0,(Dataset!I8-MIN(Dataset!I$3:I$12))/(MAX(Dataset!I$3:I$12)-MIN(Dataset!I$3:I$12))) -> 0.53846154 | J10: =Dataset!J8 -> 0 | K10: =IF(MAX(Dataset!K$3:K$12)=MIN(Dataset!K$3:K$12),0,(Dataset!K8-MIN(Dataset!K$3:K$12))/(MAX(Dataset!K$3:K$12)-MIN(Dataset!K$3:K$12))) -> 0.052631579 | L10: =Dataset!L8 -> 1 | M10: =IF(MAX(Dataset!M$3:M$12)=MIN(Dataset!M$3:M$12),0,(Dataset!M8-MIN(Dataset!M$3:M$12))/(MAX(Dataset!M$3:M$12)-MIN(Dataset!M$3:M$12))) -> 0 | N10: =Dataset!N8 -> 7 | O10: =Dataset!O8 -> 1
A11: S₇ | B11: =IF(MAX(Dataset!B$3:B$12)=MIN(Dataset!B$3:B$12),0,(Dataset!B9-MIN(Dataset!B$3:B$12))/(MAX(Dataset!B$3:B$12)-MIN(Dataset!B$3:B$12))) -> 0 | C11: =Dataset!C9 -> 1 | D11: =Dataset!D9 -> 3 | E11: =IF(MAX(Dataset!E$3:E$12)=MIN(Dataset!E$3:E$12),0,(Dataset!E9-MIN(Dataset!E$3:E$12))/(MAX(Dataset!E$3:E$12)-MIN(Dataset!E$3:E$12))) -> 0.5 | F11: =IF(MAX(Dataset!F$3:F$12)=MIN(Dataset!F$3:F$12),0,(Dataset!F9-MIN(Dataset!F$3:F$12))/(MAX(Dataset!F$3:F$12)-MIN(Dataset!F$3:F$12))) -> 0.20413437 | G11: =Dataset!G9 -> 1 | H11: =Dataset!H9 -> 2 | I11: =IF(MAX(Dataset!I$3:I$12)=MIN(Dataset!I$3:I$12),0,(Dataset!I9-MIN(Dataset!I$3:I$12))/(MAX(Dataset!I$3:I$12)-MIN(Dataset!I$3:I$12))) -> 0.56923077 | J11: =Dataset!J9 -> 1 | K11: =IF(MAX(Dataset!K$3:K$12)=MIN(Dataset!K$3:K$12),0,(Dataset!K9-MIN(Dataset!K$3:K$12))/(MAX(Dataset!K$3:K$12)-MIN(Dataset!K$3:K$12))) -> 0.10526316 | L11: =Dataset!L9 -> 2 | M11: =IF(MAX(Dataset!M$3:M$12)=MIN(Dataset!M$3:M$12),0,(Dataset!M9-MIN(Dataset!M$3:M$12))/(MAX(Dataset!M$3:M$12)-MIN(Dataset!M$3:M$12))) -> 0.33333333 | N11: =Dataset!N9 -> 6 | O11: =Dataset!O9 -> 2
A12: S₈ | B12: =IF(MAX(Dataset!B$3:B$12)=MIN(Dataset!B$3:B$12),0,(Dataset!B10-MIN(Dataset!B$3:B$12))/(MAX(Dataset!B$3:B$12)-MIN(Dataset!B$3:B$12))) -> 0.16666667 | C12: =Dataset!C10 -> 1 | D12: =Dataset!D10 -> 4 | E12: =IF(MAX(Dataset!E$3:E$12)=MIN(Dataset!E$3:E$12),0,(Dataset!E10-MIN(Dataset!E$3:E$12))/(MAX(Dataset!E$3:E$12)-MIN(Dataset!E$3:E$12))) -> 0 | F12: =IF(MAX(Dataset!F$3:F$12)=MIN(Dataset!F$3:F$12),0,(Dataset!F10-MIN(Dataset!F$3:F$12))/(MAX(Dataset!F$3:F$12)-MIN(Dataset!F$3:F$12))) -> 0.16020672 | G12: =Dataset!G10 -> 0 | H12: =Dataset!H10 -> 2 | I12: =IF(MAX(Dataset!I$3:I$12)=MIN(Dataset!I$3:I$12),0,(Dataset!I10-MIN(Dataset!I$3:I$12))/(MAX(Dataset!I$3:I$12)-MIN(Dataset!I$3:I$12))) -> 0.56923077 | J12: =Dataset!J10 -> 1 | K12: =IF(MAX(Dataset!K$3:K$12)=MIN(Dataset!K$3:K$12),0,(Dataset!K10-MIN(Dataset!K$3:K$12))/(MAX(Dataset!K$3:K$12)-MIN(Dataset!K$3:K$12))) -> 0.26315789 | L12: =Dataset!L10 -> 2 | M12: =IF(MAX(Dataset!M$3:M$12)=MIN(Dataset!M$3:M$12),0,(Dataset!M10-MIN(Dataset!M$3:M$12))/(MAX(Dataset!M$3:M$12)-MIN(Dataset!M$3:M$12))) -> 0.33333333 | N12: =Dataset!N10 -> 7 | O12: =Dataset!O10 -> 2
A13: S₉ | B13: =IF(MAX(Dataset!B$3:B$12)=MIN(Dataset!B$3:B$12),0,(Dataset!B11-MIN(Dataset!B$3:B$12))/(MAX(Dataset!B$3:B$12)-MIN(Dataset!B$3:B$12))) -> 0.22222222 | C13: =Dataset!C11 -> 1 | D13: =Dataset!D11 -> 4 | E13: =IF(MAX(Dataset!E$3:E$12)=MIN(Dataset!E$3:E$12),0,(Dataset!E11-MIN(Dataset!E$3:E$12))/(MAX(Dataset!E$3:E$12)-MIN(Dataset!E$3:E$12))) -> 0.75 | F13: =IF(MAX(Dataset!F$3:F$12)=MIN(Dataset!F$3:F$12),0,(Dataset!F11-MIN(Dataset!F$3:F$12))/(MAX(Dataset!F$3:F$12)-MIN(Dataset!F$3:F$12))) -> 0.2997416 | G13: =Dataset!G11 -> 0 | H13: =Dataset!H11 -> 2 | I13: =IF(MAX(Dataset!I$3:I$12)=MIN(Dataset!I$3:I$12),0,(Dataset!I11-MIN(Dataset!I$3:I$12))/(MAX(Dataset!I$3:I$12)-MIN(Dataset!I$3:I$12))) -> 1 | J13: =Dataset!J11 -> 0 | K13: =IF(MAX(Dataset!K$3:K$12)=MIN(Dataset!K$3:K$12),0,(Dataset!K11-MIN(Dataset!K$3:K$12))/(MAX(Dataset!K$3:K$12)-MIN(Dataset!K$3:K$12))) -> 0.26315789 | L13: =Dataset!L11 -> 2 | M13: =IF(MAX(Dataset!M$3:M$12)=MIN(Dataset!M$3:M$12),0,(Dataset!M11-MIN(Dataset!M$3:M$12))/(MAX(Dataset!M$3:M$12)-MIN(Dataset!M$3:M$12))) -> 0.66666667 | N13: =Dataset!N11 -> 7 | O13: =Dataset!O11 -> 2
A14: S₁₀ | B14: =IF(MAX(Dataset!B$3:B$12)=MIN(Dataset!B$3:B$12),0,(Dataset!B12-MIN(Dataset!B$3:B$12))/(MAX(Dataset!B$3:B$12)-MIN(Dataset!B$3:B$12))) -> 0.38888889 | C14: =Dataset!C12 -> 0 | D14: =Dataset!D12 -> 4 | E14: =IF(MAX(Dataset!E$3:E$12)=MIN(Dataset!E$3:E$12),0,(Dataset!E12-MIN(Dataset!E$3:E$12))/(MAX(Dataset!E$3:E$12)-MIN(Dataset!E$3:E$12))) -> 1 | F14: =IF(MAX(Dataset!F$3:F$12)=MIN(Dataset!F$3:F$12),0,(Dataset!F12-MIN(Dataset!F$3:F$12))/(MAX(Dataset!F$3:F$12)-MIN(Dataset!F$3:F$12))) -> 0.59431525 | G14: =Dataset!G12 -> 0 | H14: =Dataset!H12 -> 2 | I14: =IF(MAX(Dataset!I$3:I$12)=MIN(Dataset!I$3:I$12),0,(Dataset!I12-MIN(Dataset!I$3:I$12))/(MAX(Dataset!I$3:I$12)-MIN(Dataset!I$3:I$12))) -> 0.75384615 | J14: =Dataset!J12 -> 0 | K14: =IF(MAX(Dataset!K$3:K$12)=MIN(Dataset!K$3:K$12),0,(Dataset!K12-MIN(Dataset!K$3:K$12))/(MAX(Dataset!K$3:K$12)-MIN(Dataset!K$3:K$12))) -> 1 | L14: =Dataset!L12 -> 2 | M14: =IF(MAX(Dataset!M$3:M$12)=MIN(Dataset!M$3:M$12),0,(Dataset!M12-MIN(Dataset!M$3:M$12))/(MAX(Dataset!M$3:M$12)-MIN(Dataset!M$3:M$12))) -> 1 | N14: =Dataset!N12 -> 7 | O14: =Dataset!O12 -> 2
A15: Type | B15: =Dataset!B13 -> 1 | C15: =Dataset!C13 -> 0 | D15: =Dataset!D13 -> 0 | E15: =Dataset!E13 -> 1 | F15: =Dataset!F13 -> 1 | G15: =Dataset!G13 -> 0 | H15: =Dataset!H13 -> 0 | I15: =Dataset!I13 -> 1 | ... N15: =Dataset!N13 -> 0 | O15: 1 = I
A16: min | B16: =MIN(Dataset!B$3:B$12) -> 56 | C16: — | D16: — | E16: =MIN(Dataset!E$3:E$12) -> 110 | F16: =MIN(Dataset!F$3:F$12) -> 177 | G16: — | H16: — | I16: =MIN(Dataset!I$3:I$12) -> 105 | J16: — | K16: =MIN(Dataset!K$3:K$12) -> 0.2 | L16: — | M16: =MIN(Dataset!M$3:M$12) -> 0 | N16: —
A17: max | B17: =MAX(Dataset!B$3:B$12) -> 74 | C17: — | D17: — | E17: =MAX(Dataset!E$3:E$12) -> 150 | F17: =MAX(Dataset!F$3:F$12) -> 564 | G17: — | H17: — | I17: =MAX(Dataset!I$3:I$12) -> 170 | J17: — | K17: =MAX(Dataset!K$3:K$12) -> 4 | L17: — | M17: =MAX(Dataset!M$3:M$12) -> 3 | N17: —
A19: Type 1 = quantitative feature (set I): the value is rescaled to [0, 1] with the fractional-linear (min–max) transform; min and max are taken over S₁ … S₁₀.
A20: Type 0 = nominal feature (set J): the original code is kept, because the metric only asks whether two codes are equal.
A21: All cells are formulas linked to the Dataset sheet (values B3:N12, classes O3:O12, type flags B13:N13).

Sheet Zhuravlev Distances
A1: Step 2 · Pairwise distances — Zhuravlev metric ρ(x, y) = Σ(j∈I) |x′ⱼ − y′ⱼ| + Σ(j∈J) [xⱼ ≠ yⱼ]
A3: Zhuravlev distance ρ(Sᵢ, Sⱼ) — row = target object Sᵢ, column = object Sⱼ in original order
A4: ρ | B4: S₁ | C4: S₂ | D4: S₃ | E4: S₄ | F4: S₅ | G4: S₆ | H4: S₇ | I4: S₈ | J4: S₉ | K4: S₁₀
A5: S₁ | B5: =ROUND(B18+B31,10) -> 0 | C5: =ROUND(C18+C31,10) -> 6.1621314 | D5: =ROUND(D18+D31,10) -> 7.0747842 | E5: =ROUND(E18+E31,10) -> 4.8429406 | F5: =ROUND(F18+F31,10) -> 6.0394025 | G5: =ROUND(G18+G31,10) -> 5.9056936 | H5: =ROUND(H18+H31,10) -> 6.5963636 | I5: =ROUND(I18+I31,10) -> 4.8157298 | ... K5: =ROUND(K18+K31,10) -> 4.2218875
A6: S₂ | B6: =ROUND(B19+B32,10) -> 6.1621314 | C6: =ROUND(C19+C32,10) -> 0 | D6: =ROUND(D19+D32,10) -> 6.1979142 | E6: =ROUND(E19+E32,10) -> 6.8173527 | F6: =ROUND(F19+F32,10) -> 6.5779172 | G6: =ROUND(G19+G32,10) -> 5.8595929 | H6: =ROUND(H19+H32,10) -> 6.655391 | I6: =ROUND(I19+I32,10) -> 5.1247573 | ... K6: =ROUND(K19+K32,10) -> 4.2267936
A7: S₃ | B7: =ROUND(B20+B33,10) -> 7.0747842 | C7: =ROUND(C20+C33,10) -> 6.1979142 | D7: =ROUND(D20+D33,10) -> 0 | E7: =ROUND(E20+E33,10) -> 4.4075521 | F7: =ROUND(F20+F33,10) -> 5.7324577 | G7: =ROUND(G20+G33,10) -> 1.8031991 | H7: =ROUND(H20+H33,10) -> 6.6461408 | I7: =ROUND(I20+I33,10) -> 5.1035187 | ... K7: =ROUND(K20+K33,10) -> 7.5342785
A8: S₄ | B8: =ROUND(B21+B34,10) -> 4.8429406 | C8: =ROUND(C21+C34,10) -> 6.8173527 | D8: =ROUND(D21+D34,10) -> 4.4075521 | E8: =ROUND(E21+E34,10) -> 0 | F8: =ROUND(F21+F34,10) -> 6.0172133 | G8: =ROUND(G21+G34,10) -> 3.4022042 | H8: =ROUND(H21+H34,10) -> 5.1870262 | I8: =ROUND(I21+I34,10) -> 2.6221819 | ... K8: =ROUND(K21+K34,10) -> 6.3981614
A9: S₅ | B9: =ROUND(B22+B35,10) -> 6.0394025 | C9: =ROUND(C22+C35,10) -> 6.5779172 | D9: =ROUND(D22+D35,10) -> 5.7324577 | E9: =ROUND(E22+E35,10) -> 6.0172133 | F9: =ROUND(F22+F35,10) -> 0 | G9: =ROUND(G22+G35,10) -> 6.4159987 | H9: =ROUND(H22+H35,10) -> 6.7119318 | I9: =ROUND(I22+I35,10) -> 5.7470875 | ... K9: =ROUND(K22+K35,10) -> 7.8920592
A10: S₆ | B10: =ROUND(B23+B36,10) -> 5.9056936 | C10: =ROUND(C23+C36,10) -> 5.8595929 | D10: =ROUND(D23+D36,10) -> 1.8031991 | E10: =ROUND(E23+E36,10) -> 3.4022042 | F10: =ROUND(F23+F36,10) -> 6.4159987 | G10: =ROUND(G23+G36,10) -> 0 | H10: =ROUND(H23+H36,10) -> 7.3708685 | I10: =ROUND(I23+I36,10) -> 4.3181689 | ... K10: =ROUND(K23+K36,10) -> 6.6181794
A11: S₇ | B11: =ROUND(B24+B37,10) -> 6.5963636 | C11: =ROUND(C24+C37,10) -> 6.655391 | D11: =ROUND(D24+D37,10) -> 6.6461408 | E11: =ROUND(E24+E37,10) -> 5.1870262 | F11: =ROUND(F24+F37,10) -> 6.7119318 | G11: =ROUND(G24+G37,10) -> 7.3708685 | H11: =ROUND(H24+H37,10) -> 0 | I11: =ROUND(I24+I37,10) -> 3.8684891 | ... K11: =ROUND(K24+K37,10) -> 8.0250887
A12: S₈ | B12: =ROUND(B25+B38,10) -> 4.8157298 | C12: =ROUND(C25+C38,10) -> 5.1247573 | D12: =ROUND(D25+D38,10) -> 5.1035187 | E12: =ROUND(E25+E38,10) -> 2.6221819 | F12: =ROUND(F25+F38,10) -> 5.7470875 | G12: =ROUND(G25+G38,10) -> 4.3181689 | H12: =ROUND(H25+H38,10) -> 3.8684891 | I12: =ROUND(I25+I38,10) -> 0 | ... K12: =ROUND(K25+K38,10) -> 5.2444549
A13: S₉ | B13: =ROUND(B26+B39,10) -> 3.4680753 | C13: =ROUND(C26+C39,10) -> 4.6399233 | D13: =ROUND(D26+D39,10) -> 4.9990166 | E13: =ROUND(E26+E39,10) -> 4.1962328 | F13: =ROUND(F26+F39,10) -> 7.6901307 | G13: =ROUND(G26+G39,10) -> 4.4162508 | H13: =ROUND(H26+H39,10) -> 5.4898268 | I13: =ROUND(I26+I39,10) -> 2.709193 | ... K13: =ROUND(K26+K39,10) -> 3.0275696
A14: S₁₀ | B14: =ROUND(B27+B40,10) -> 4.2218875 | C14: =ROUND(C27+C40,10) -> 4.2267936 | D14: =ROUND(D27+D40,10) -> 7.5342785 | E14: =ROUND(E27+E40,10) -> 6.3981614 | F14: =ROUND(F27+F40,10) -> 7.8920592 | G14: =ROUND(G27+G40,10) -> 6.6181794 | H14: =ROUND(H27+H40,10) -> 8.0250887 | I14: =ROUND(I27+I40,10) -> 5.2444549 | ... K14: =ROUND(K27+K40,10) -> 0
A16: Quantitative part Σ(j∈I) |x′ⱼ − y′ⱼ| (normalized values from Step 1)
A17: № | B17: S₁ | C17: S₂ | D17: S₃ | E17: S₄ | F17: S₅ | G17: S₆ | H17: S₇ | I17: S₈ | J17: S₉ | K17: S₁₀
A18: S₁ | B18: =SUMPRODUCT(Dataset!$B$13:$N$13,ABS('Normalized Dataset'!$B$5:$N$5-'Normalized Dataset'!$B$5:$N$5)) -> 0 | C18: =SUMPRODUCT(Dataset!$B$13:$N$13,ABS('Normalized Dataset'!$B$5:$N$5-'Normalized Dataset'!$B$6:$N$6)) -> 3.1621314 | D18: =SUMPRODUCT(Dataset!$B$13:$N$13,ABS('Normalized Dataset'!$B$5:$N$5-'Normalized Dataset'!$B$7:$N$7)) -> 3.0747842 | E18: =SUMPRODUCT(Dataset!$B$13:$N$13,ABS('Normalized Dataset'!$B$5:$N$5-'Normalized Dataset'!$B$8:$N$8)) -> 1.8429406 | F18: =SUMPRODUCT(Dataset!$B$13:$N$13,ABS('Normalized Dataset'!$B$5:$N$5-'Normalized Dataset'!$B$9:$N$9)) -> 2.0394025 | G18: =SUMPRODUCT(Dataset!$B$13:$N$13,ABS('Normalized Dataset'!$B$5:$N$5-'Normalized Dataset'!$B$10:$N$10)) -> 2.9056936 | H18: =SUMPRODUCT(Dataset!$B$13:$N$13,ABS('Normalized Dataset'!$B$5:$N$5-'Normalized Dataset'!$B$11:$N$11)) -> 2.5963636 | I18: =SUMPRODUCT(Dataset!$B$13:$N$13,ABS('Normalized Dataset'!$B$5:$N$5-'Normalized Dataset'!$B$12:$N$12)) -> 2.8157298 | J18: =SUMPRODUCT(Dataset!$B$13:$N$13,ABS('Normalized Dataset'!$B$5:$N$5-'Normalized Dataset'!$B$13:$N$13)) -> 2.4680753 | K18: =SUMPRODUCT(Dataset!$B$13:$N$13,ABS('Normalized Dataset'!$B$5:$N$5-'Normalized Dataset'!$B$14:$N$14)) -> 2.2218875
A19: S₂ | B19: =SUMPRODUCT(Dataset!$B$13:$N$13,ABS('Normalized Dataset'!$B$6:$N$6-'Normalized Dataset'!$B$5:$N$5)) -> 3.1621314 | C19: =SUMPRODUCT(Dataset!$B$13:$N$13,ABS('Normalized Dataset'!$B$6:$N$6-'Normalized Dataset'!$B$6:$N$6)) -> 0 | D19: =SUMPRODUCT(Dataset!$B$13:$N$13,ABS('Normalized Dataset'!$B$6:$N$6-'Normalized Dataset'!$B$7:$N$7)) -> 2.1979142 | E19: =SUMPRODUCT(Dataset!$B$13:$N$13,ABS('Normalized Dataset'!$B$6:$N$6-'Normalized Dataset'!$B$8:$N$8)) -> 2.8173527 | F19: =SUMPRODUCT(Dataset!$B$13:$N$13,ABS('Normalized Dataset'!$B$6:$N$6-'Normalized Dataset'!$B$9:$N$9)) -> 2.5779172 | G19: =SUMPRODUCT(Dataset!$B$13:$N$13,ABS('Normalized Dataset'!$B$6:$N$6-'Normalized Dataset'!$B$10:$N$10)) -> 1.8595929 | H19: =SUMPRODUCT(Dataset!$B$13:$N$13,ABS('Normalized Dataset'!$B$6:$N$6-'Normalized Dataset'!$B$11:$N$11)) -> 2.655391 | I19: =SUMPRODUCT(Dataset!$B$13:$N$13,ABS('Normalized Dataset'!$B$6:$N$6-'Normalized Dataset'!$B$12:$N$12)) -> 2.1247573 | J19: =SUMPRODUCT(Dataset!$B$13:$N$13,ABS('Normalized Dataset'!$B$6:$N$6-'Normalized Dataset'!$B$13:$N$13)) -> 2.6399233 | K19: =SUMPRODUCT(Dataset!$B$13:$N$13,ABS('Normalized Dataset'!$B$6:$N$6-'Normalized Dataset'!$B$14:$N$14)) -> 3.2267936
A20: S₃ | B20: =SUMPRODUCT(Dataset!$B$13:$N$13,ABS('Normalized Dataset'!$B$7:$N$7-'Normalized Dataset'!$B$5:$N$5)) -> 3.0747842 | C20: =SUMPRODUCT(Dataset!$B$13:$N$13,ABS('Normalized Dataset'!$B$7:$N$7-'Normalized Dataset'!$B$6:$N$6)) -> 2.1979142 | D20: =SUMPRODUCT(Dataset!$B$13:$N$13,ABS('Normalized Dataset'!$B$7:$N$7-'Normalized Dataset'!$B$7:$N$7)) -> 0 | E20: =SUMPRODUCT(Dataset!$B$13:$N$13,ABS('Normalized Dataset'!$B$7:$N$7-'Normalized Dataset'!$B$8:$N$8)) -> 1.4075521 | F20: =SUMPRODUCT(Dataset!$B$13:$N$13,ABS('Normalized Dataset'!$B$7:$N$7-'Normalized Dataset'!$B$9:$N$9)) -> 1.7324577 | G20: =SUMPRODUCT(Dataset!$B$13:$N$13,ABS('Normalized Dataset'!$B$7:$N$7-'Normalized Dataset'!$B$10:$N$10)) -> 0.80319911 | H20: =SUMPRODUCT(Dataset!$B$13:$N$13,ABS('Normalized Dataset'!$B$7:$N$7-'Normalized Dataset'!$B$11:$N$11)) -> 0.64614077 | I20: =SUMPRODUCT(Dataset!$B$13:$N$13,ABS('Normalized Dataset'!$B$7:$N$7-'Normalized Dataset'!$B$12:$N$12)) -> 1.1035187 | J20: =SUMPRODUCT(Dataset!$B$13:$N$13,ABS('Normalized Dataset'!$B$7:$N$7-'Normalized Dataset'!$B$13:$N$13)) -> 1.9990166 | K20: =SUMPRODUCT(Dataset!$B$13:$N$13,ABS('Normalized Dataset'!$B$7:$N$7-'Normalized Dataset'!$B$14:$N$14)) -> 3.5342785
A21: S₄ | B21: =SUMPRODUCT(Dataset!$B$13:$N$13,ABS('Normalized Dataset'!$B$8:$N$8-'Normalized Dataset'!$B$5:$N$5)) -> 1.8429406 | C21: =SUMPRODUCT(Dataset!$B$13:$N$13,ABS('Normalized Dataset'!$B$8:$N$8-'Normalized Dataset'!$B$6:$N$6)) -> 2.8173527 | D21: =SUMPRODUCT(Dataset!$B$13:$N$13,ABS('Normalized Dataset'!$B$8:$N$8-'Normalized Dataset'!$B$7:$N$7)) -> 1.4075521 | E21: =SUMPRODUCT(Dataset!$B$13:$N$13,ABS('Normalized Dataset'!$B$8:$N$8-'Normalized Dataset'!$B$8:$N$8)) -> 0 | F21: =SUMPRODUCT(Dataset!$B$13:$N$13,ABS('Normalized Dataset'!$B$8:$N$8-'Normalized Dataset'!$B$9:$N$9)) -> 1.0172133 | G21: =SUMPRODUCT(Dataset!$B$13:$N$13,ABS('Normalized Dataset'!$B$8:$N$8-'Normalized Dataset'!$B$10:$N$10)) -> 1.4022042 | H21: =SUMPRODUCT(Dataset!$B$13:$N$13,ABS('Normalized Dataset'!$B$8:$N$8-'Normalized Dataset'!$B$11:$N$11)) -> 1.1870262 | I21: =SUMPRODUCT(Dataset!$B$13:$N$13,ABS('Normalized Dataset'!$B$8:$N$8-'Normalized Dataset'!$B$12:$N$12)) -> 1.6221819 | J21: =SUMPRODUCT(Dataset!$B$13:$N$13,ABS('Normalized Dataset'!$B$8:$N$8-'Normalized Dataset'!$B$13:$N$13)) -> 2.1962328 | K21: =SUMPRODUCT(Dataset!$B$13:$N$13,ABS('Normalized Dataset'!$B$8:$N$8-'Normalized Dataset'!$B$14:$N$14)) -> 3.3981614
A22: S₅ | B22: =SUMPRODUCT(Dataset!$B$13:$N$13,ABS('Normalized Dataset'!$B$9:$N$9-'Normalized Dataset'!$B$5:$N$5)) -> 2.0394025 | C22: =SUMPRODUCT(Dataset!$B$13:$N$13,ABS('Normalized Dataset'!$B$9:$N$9-'Normalized Dataset'!$B$6:$N$6)) -> 2.5779172 | D22: =SUMPRODUCT(Dataset!$B$13:$N$13,ABS('Normalized Dataset'!$B$9:$N$9-'Normalized Dataset'!$B$7:$N$7)) -> 1.7324577 | E22: =SUMPRODUCT(Dataset!$B$13:$N$13,ABS('Normalized Dataset'!$B$9:$N$9-'Normalized Dataset'!$B$8:$N$8)) -> 1.0172133 | F22: =SUMPRODUCT(Dataset!$B$13:$N$13,ABS('Normalized Dataset'!$B$9:$N$9-'Normalized Dataset'!$B$9:$N$9)) -> 0 | G22: =SUMPRODUCT(Dataset!$B$13:$N$13,ABS('Normalized Dataset'!$B$9:$N$9-'Normalized Dataset'!$B$10:$N$10)) -> 1.4159987 | H22: =SUMPRODUCT(Dataset!$B$13:$N$13,ABS('Normalized Dataset'!$B$9:$N$9-'Normalized Dataset'!$B$11:$N$11)) -> 1.7119318 | I22: =SUMPRODUCT(Dataset!$B$13:$N$13,ABS('Normalized Dataset'!$B$9:$N$9-'Normalized Dataset'!$B$12:$N$12)) -> 1.7470875 | J22: =SUMPRODUCT(Dataset!$B$13:$N$13,ABS('Normalized Dataset'!$B$9:$N$9-'Normalized Dataset'!$B$13:$N$13)) -> 2.6901307 | K22: =SUMPRODUCT(Dataset!$B$13:$N$13,ABS('Normalized Dataset'!$B$9:$N$9-'Normalized Dataset'!$B$14:$N$14)) -> 3.8920592
A23: S₆ | B23: =SUMPRODUCT(Dataset!$B$13:$N$13,ABS('Normalized Dataset'!$B$10:$N$10-'Normalized Dataset'!$B$5:$N$5)) -> 2.9056936 | C23: =SUMPRODUCT(Dataset!$B$13:$N$13,ABS('Normalized Dataset'!$B$10:$N$10-'Normalized Dataset'!$B$6:$N$6)) -> 1.8595929 | D23: =SUMPRODUCT(Dataset!$B$13:$N$13,ABS('Normalized Dataset'!$B$10:$N$10-'Normalized Dataset'!$B$7:$N$7)) -> 0.80319911 | E23: =SUMPRODUCT(Dataset!$B$13:$N$13,ABS('Normalized Dataset'!$B$10:$N$10-'Normalized Dataset'!$B$8:$N$8)) -> 1.4022042 | F23: =SUMPRODUCT(Dataset!$B$13:$N$13,ABS('Normalized Dataset'!$B$10:$N$10-'Normalized Dataset'!$B$9:$N$9)) -> 1.4159987 | G23: =SUMPRODUCT(Dataset!$B$13:$N$13,ABS('Normalized Dataset'!$B$10:$N$10-'Normalized Dataset'!$B$10:$N$10)) -> 0 | H23: =SUMPRODUCT(Dataset!$B$13:$N$13,ABS('Normalized Dataset'!$B$10:$N$10-'Normalized Dataset'!$B$11:$N$11)) -> 1.3708685 | I23: =SUMPRODUCT(Dataset!$B$13:$N$13,ABS('Normalized Dataset'!$B$10:$N$10-'Normalized Dataset'!$B$12:$N$12)) -> 1.3181689 | J23: =SUMPRODUCT(Dataset!$B$13:$N$13,ABS('Normalized Dataset'!$B$10:$N$10-'Normalized Dataset'!$B$13:$N$13)) -> 2.4162508 | K23: =SUMPRODUCT(Dataset!$B$13:$N$13,ABS('Normalized Dataset'!$B$10:$N$10-'Normalized Dataset'!$B$14:$N$14)) -> 3.6181794
A24: S₇ | B24: =SUMPRODUCT(Dataset!$B$13:$N$13,ABS('Normalized Dataset'!$B$11:$N$11-'Normalized Dataset'!$B$5:$N$5)) -> 2.5963636 | C24: =SUMPRODUCT(Dataset!$B$13:$N$13,ABS('Normalized Dataset'!$B$11:$N$11-'Normalized Dataset'!$B$6:$N$6)) -> 2.655391 | D24: =SUMPRODUCT(Dataset!$B$13:$N$13,ABS('Normalized Dataset'!$B$11:$N$11-'Normalized Dataset'!$B$7:$N$7)) -> 0.64614077 | E24: =SUMPRODUCT(Dataset!$B$13:$N$13,ABS('Normalized Dataset'!$B$11:$N$11-'Normalized Dataset'!$B$8:$N$8)) -> 1.1870262 | F24: =SUMPRODUCT(Dataset!$B$13:$N$13,ABS('Normalized Dataset'!$B$11:$N$11-'Normalized Dataset'!$B$9:$N$9)) -> 1.7119318 | G24: =SUMPRODUCT(Dataset!$B$13:$N$13,ABS('Normalized Dataset'!$B$11:$N$11-'Normalized Dataset'!$B$10:$N$10)) -> 1.3708685 | H24: =SUMPRODUCT(Dataset!$B$13:$N$13,ABS('Normalized Dataset'!$B$11:$N$11-'Normalized Dataset'!$B$11:$N$11)) -> 0 | I24: =SUMPRODUCT(Dataset!$B$13:$N$13,ABS('Normalized Dataset'!$B$11:$N$11-'Normalized Dataset'!$B$12:$N$12)) -> 0.86848905 | J24: =SUMPRODUCT(Dataset!$B$13:$N$13,ABS('Normalized Dataset'!$B$11:$N$11-'Normalized Dataset'!$B$13:$N$13)) -> 1.4898268 | K24: =SUMPRODUCT(Dataset!$B$13:$N$13,ABS('Normalized Dataset'!$B$11:$N$11-'Normalized Dataset'!$B$14:$N$14)) -> 3.0250887
A25: S₈ | B25: =SUMPRODUCT(Dataset!$B$13:$N$13,ABS('Normalized Dataset'!$B$12:$N$12-'Normalized Dataset'!$B$5:$N$5)) -> 2.8157298 | C25: =SUMPRODUCT(Dataset!$B$13:$N$13,ABS('Normalized Dataset'!$B$12:$N$12-'Normalized Dataset'!$B$6:$N$6)) -> 2.1247573 | D25: =SUMPRODUCT(Dataset!$B$13:$N$13,ABS('Normalized Dataset'!$B$12:$N$12-'Normalized Dataset'!$B$7:$N$7)) -> 1.1035187 | E25: =SUMPRODUCT(Dataset!$B$13:$N$13,ABS('Normalized Dataset'!$B$12:$N$12-'Normalized Dataset'!$B$8:$N$8)) -> 1.6221819 | F25: =SUMPRODUCT(Dataset!$B$13:$N$13,ABS('Normalized Dataset'!$B$12:$N$12-'Normalized Dataset'!$B$9:$N$9)) -> 1.7470875 | G25: =SUMPRODUCT(Dataset!$B$13:$N$13,ABS('Normalized Dataset'!$B$12:$N$12-'Normalized Dataset'!$B$10:$N$10)) -> 1.3181689 | H25: =SUMPRODUCT(Dataset!$B$13:$N$13,ABS('Normalized Dataset'!$B$12:$N$12-'Normalized Dataset'!$B$11:$N$11)) -> 0.86848905 | I25: =SUMPRODUCT(Dataset!$B$13:$N$13,ABS('Normalized Dataset'!$B$12:$N$12-'Normalized Dataset'!$B$12:$N$12)) -> 0 | J25: =SUMPRODUCT(Dataset!$B$13:$N$13,ABS('Normalized Dataset'!$B$12:$N$12-'Normalized Dataset'!$B$13:$N$13)) -> 1.709193 | K25: =SUMPRODUCT(Dataset!$B$13:$N$13,ABS('Normalized Dataset'!$B$12:$N$12-'Normalized Dataset'!$B$14:$N$14)) -> 3.2444549
A26: S₉ | B26: =SUMPRODUCT(Dataset!$B$13:$N$13,ABS('Normalized Dataset'!$B$13:$N$13-'Normalized Dataset'!$B$5:$N$5)) -> 2.4680753 | C26: =SUMPRODUCT(Dataset!$B$13:$N$13,ABS('Normalized Dataset'!$B$13:$N$13-'Normalized Dataset'!$B$6:$N$6)) -> 2.6399233 | D26: =SUMPRODUCT(Dataset!$B$13:$N$13,ABS('Normalized Dataset'!$B$13:$N$13-'Normalized Dataset'!$B$7:$N$7)) -> 1.9990166 | E26: =SUMPRODUCT(Dataset!$B$13:$N$13,ABS('Normalized Dataset'!$B$13:$N$13-'Normalized Dataset'!$B$8:$N$8)) -> 2.1962328 | F26: =SUMPRODUCT(Dataset!$B$13:$N$13,ABS('Normalized Dataset'!$B$13:$N$13-'Normalized Dataset'!$B$9:$N$9)) -> 2.6901307 | G26: =SUMPRODUCT(Dataset!$B$13:$N$13,ABS('Normalized Dataset'!$B$13:$N$13-'Normalized Dataset'!$B$10:$N$10)) -> 2.4162508 | H26: =SUMPRODUCT(Dataset!$B$13:$N$13,ABS('Normalized Dataset'!$B$13:$N$13-'Normalized Dataset'!$B$11:$N$11)) -> 1.4898268 | I26: =SUMPRODUCT(Dataset!$B$13:$N$13,ABS('Normalized Dataset'!$B$13:$N$13-'Normalized Dataset'!$B$12:$N$12)) -> 1.709193 | J26: =SUMPRODUCT(Dataset!$B$13:$N$13,ABS('Normalized Dataset'!$B$13:$N$13-'Normalized Dataset'!$B$13:$N$13)) -> 0 | K26: =SUMPRODUCT(Dataset!$B$13:$N$13,ABS('Normalized Dataset'!$B$13:$N$13-'Normalized Dataset'!$B$14:$N$14)) -> 2.0275696
A27: S₁₀ | B27: =SUMPRODUCT(Dataset!$B$13:$N$13,ABS('Normalized Dataset'!$B$14:$N$14-'Normalized Dataset'!$B$5:$N$5)) -> 2.2218875 | C27: =SUMPRODUCT(Dataset!$B$13:$N$13,ABS('Normalized Dataset'!$B$14:$N$14-'Normalized Dataset'!$B$6:$N$6)) -> 3.2267936 | D27: =SUMPRODUCT(Dataset!$B$13:$N$13,ABS('Normalized Dataset'!$B$14:$N$14-'Normalized Dataset'!$B$7:$N$7)) -> 3.5342785 | E27: =SUMPRODUCT(Dataset!$B$13:$N$13,ABS('Normalized Dataset'!$B$14:$N$14-'Normalized Dataset'!$B$8:$N$8)) -> 3.3981614 | F27: =SUMPRODUCT(Dataset!$B$13:$N$13,ABS('Normalized Dataset'!$B$14:$N$14-'Normalized Dataset'!$B$9:$N$9)) -> 3.8920592 | G27: =SUMPRODUCT(Dataset!$B$13:$N$13,ABS('Normalized Dataset'!$B$14:$N$14-'Normalized Dataset'!$B$10:$N$10)) -> 3.6181794 | H27: =SUMPRODUCT(Dataset!$B$13:$N$13,ABS('Normalized Dataset'!$B$14:$N$14-'Normalized Dataset'!$B$11:$N$11)) -> 3.0250887 | I27: =SUMPRODUCT(Dataset!$B$13:$N$13,ABS('Normalized Dataset'!$B$14:$N$14-'Normalized Dataset'!$B$12:$N$12)) -> 3.2444549 | J27: =SUMPRODUCT(Dataset!$B$13:$N$13,ABS('Normalized Dataset'!$B$14:$N$14-'Normalized Dataset'!$B$13:$N$13)) -> 2.0275696 | K27: =SUMPRODUCT(Dataset!$B$13:$N$13,ABS('Normalized Dataset'!$B$14:$N$14-'Normalized Dataset'!$B$14:$N$14)) -> 0
A29: Nominal part Σ(j∈J) [xⱼ ≠ yⱼ] (number of nominal features with different codes)
A30: № | B30: S₁ | C30: S₂ | D30: S₃ | E30: S₄ | F30: S₅ | G30: S₆ | H30: S₇ | I30: S₈ | J30: S₉ | K30: S₁₀
A31: S₁ | B31: =SUMPRODUCT((1-Dataset!$B$13:$N$13)*(Dataset!$B$3:$N$3<>Dataset!$B$3:$N$3)) -> 0 | C31: =SUMPRODUCT((1-Dataset!$B$13:$N$13)*(Dataset!$B$3:$N$3<>Dataset!$B$4:$N$4)) -> 3 | D31: =SUMPRODUCT((1-Dataset!$B$13:$N$13)*(Dataset!$B$3:$N$3<>Dataset!$B$5:$N$5)) -> 4 | E31: =SUMPRODUCT((1-Dataset!$B$13:$N$13)*(Dataset!$B$3:$N$3<>Dataset!$B$6:$N$6)) -> 3 | F31: =SUMPRODUCT((1-Dataset!$B$13:$N$13)*(Dataset!$B$3:$N$3<>Dataset!$B$7:$N$7)) -> 4 | G31: =SUMPRODUCT((1-Dataset!$B$13:$N$13)*(Dataset!$B$3:$N$3<>Dataset!$B$8:$N$8)) -> 3 | H31: =SUMPRODUCT((1-Dataset!$B$13:$N$13)*(Dataset!$B$3:$N$3<>Dataset!$B$9:$N$9)) -> 4 | I31: =SUMPRODUCT((1-Dataset!$B$13:$N$13)*(Dataset!$B$3:$N$3<>Dataset!$B$10:$N$10)) -> 2 | J31: =SUMPRODUCT((1-Dataset!$B$13:$N$13)*(Dataset!$B$3:$N$3<>Dataset!$B$11:$N$11)) -> 1 | K31: =SUMPRODUCT((1-Dataset!$B$13:$N$13)*(Dataset!$B$3:$N$3<>Dataset!$B$12:$N$12)) -> 2
A32: S₂ | B32: =SUMPRODUCT((1-Dataset!$B$13:$N$13)*(Dataset!$B$4:$N$4<>Dataset!$B$3:$N$3)) -> 3 | C32: =SUMPRODUCT((1-Dataset!$B$13:$N$13)*(Dataset!$B$4:$N$4<>Dataset!$B$4:$N$4)) -> 0 | D32: =SUMPRODUCT((1-Dataset!$B$13:$N$13)*(Dataset!$B$4:$N$4<>Dataset!$B$5:$N$5)) -> 4 | E32: =SUMPRODUCT((1-Dataset!$B$13:$N$13)*(Dataset!$B$4:$N$4<>Dataset!$B$6:$N$6)) -> 4 | F32: =SUMPRODUCT((1-Dataset!$B$13:$N$13)*(Dataset!$B$4:$N$4<>Dataset!$B$7:$N$7)) -> 4 | G32: =SUMPRODUCT((1-Dataset!$B$13:$N$13)*(Dataset!$B$4:$N$4<>Dataset!$B$8:$N$8)) -> 4 | H32: =SUMPRODUCT((1-Dataset!$B$13:$N$13)*(Dataset!$B$4:$N$4<>Dataset!$B$9:$N$9)) -> 4 | I32: =SUMPRODUCT((1-Dataset!$B$13:$N$13)*(Dataset!$B$4:$N$4<>Dataset!$B$10:$N$10)) -> 3 | J32: =SUMPRODUCT((1-Dataset!$B$13:$N$13)*(Dataset!$B$4:$N$4<>Dataset!$B$11:$N$11)) -> 2 | K32: =SUMPRODUCT((1-Dataset!$B$13:$N$13)*(Dataset!$B$4:$N$4<>Dataset!$B$12:$N$12)) -> 1
A33: S₃ | B33: =SUMPRODUCT((1-Dataset!$B$13:$N$13)*(Dataset!$B$5:$N$5<>Dataset!$B$3:$N$3)) -> 4 | C33: =SUMPRODUCT((1-Dataset!$B$13:$N$13)*(Dataset!$B$5:$N$5<>Dataset!$B$4:$N$4)) -> 4 | D33: =SUMPRODUCT((1-Dataset!$B$13:$N$13)*(Dataset!$B$5:$N$5<>Dataset!$B$5:$N$5)) -> 0 | E33: =SUMPRODUCT((1-Dataset!$B$13:$N$13)*(Dataset!$B$5:$N$5<>Dataset!$B$6:$N$6)) -> 3 | F33: =SUMPRODUCT((1-Dataset!$B$13:$N$13)*(Dataset!$B$5:$N$5<>Dataset!$B$7:$N$7)) -> 4 | G33: =SUMPRODUCT((1-Dataset!$B$13:$N$13)*(Dataset!$B$5:$N$5<>Dataset!$B$8:$N$8)) -> 1 | H33: =SUMPRODUCT((1-Dataset!$B$13:$N$13)*(Dataset!$B$5:$N$5<>Dataset!$B$9:$N$9)) -> 6 | I33: =SUMPRODUCT((1-Dataset!$B$13:$N$13)*(Dataset!$B$5:$N$5<>Dataset!$B$10:$N$10)) -> 4 | J33: =SUMPRODUCT((1-Dataset!$B$13:$N$13)*(Dataset!$B$5:$N$5<>Dataset!$B$11:$N$11)) -> 3 | K33: =SUMPRODUCT((1-Dataset!$B$13:$N$13)*(Dataset!$B$5:$N$5<>Dataset!$B$12:$N$12)) -> 4
A34: S₄ | B34: =SUMPRODUCT((1-Dataset!$B$13:$N$13)*(Dataset!$B$6:$N$6<>Dataset!$B$3:$N$3)) -> 3 | C34: =SUMPRODUCT((1-Dataset!$B$13:$N$13)*(Dataset!$B$6:$N$6<>Dataset!$B$4:$N$4)) -> 4 | D34: =SUMPRODUCT((1-Dataset!$B$13:$N$13)*(Dataset!$B$6:$N$6<>Dataset!$B$5:$N$5)) -> 3 | E34: =SUMPRODUCT((1-Dataset!$B$13:$N$13)*(Dataset!$B$6:$N$6<>Dataset!$B$6:$N$6)) -> 0 | F34: =SUMPRODUCT((1-Dataset!$B$13:$N$13)*(Dataset!$B$6:$N$6<>Dataset!$B$7:$N$7)) -> 5 | G34: =SUMPRODUCT((1-Dataset!$B$13:$N$13)*(Dataset!$B$6:$N$6<>Dataset!$B$8:$N$8)) -> 2 | H34: =SUMPRODUCT((1-Dataset!$B$13:$N$13)*(Dataset!$B$6:$N$6<>Dataset!$B$9:$N$9)) -> 4 | I34: =SUMPRODUCT((1-Dataset!$B$13:$N$13)*(Dataset!$B$6:$N$6<>Dataset!$B$10:$N$10)) -> 1 | J34: =SUMPRODUCT((1-Dataset!$B$13:$N$13)*(Dataset!$B$6:$N$6<>Dataset!$B$11:$N$11)) -> 2 | K34: =SUMPRODUCT((1-Dataset!$B$13:$N$13)*(Dataset!$B$6:$N$6<>Dataset!$B$12:$N$12)) -> 3
A35: S₅ | B35: =SUMPRODUCT((1-Dataset!$B$13:$N$13)*(Dataset!$B$7:$N$7<>Dataset!$B$3:$N$3)) -> 4 | C35: =SUMPRODUCT((1-Dataset!$B$13:$N$13)*(Dataset!$B$7:$N$7<>Dataset!$B$4:$N$4)) -> 4 | D35: =SUMPRODUCT((1-Dataset!$B$13:$N$13)*(Dataset!$B$7:$N$7<>Dataset!$B$5:$N$5)) -> 4 | E35: =SUMPRODUCT((1-Dataset!$B$13:$N$13)*(Dataset!$B$7:$N$7<>Dataset!$B$6:$N$6)) -> 5 | F35: =SUMPRODUCT((1-Dataset!$B$13:$N$13)*(Dataset!$B$7:$N$7<>Dataset!$B$7:$N$7)) -> 0 | G35: =SUMPRODUCT((1-Dataset!$B$13:$N$13)*(Dataset!$B$7:$N$7<>Dataset!$B$8:$N$8)) -> 5 | H35: =SUMPRODUCT((1-Dataset!$B$13:$N$13)*(Dataset!$B$7:$N$7<>Dataset!$B$9:$N$9)) -> 5 | I35: =SUMPRODUCT((1-Dataset!$B$13:$N$13)*(Dataset!$B$7:$N$7<>Dataset!$B$10:$N$10)) -> 4 | J35: =SUMPRODUCT((1-Dataset!$B$13:$N$13)*(Dataset!$B$7:$N$7<>Dataset!$B$11:$N$11)) -> 5 | K35: =SUMPRODUCT((1-Dataset!$B$13:$N$13)*(Dataset!$B$7:$N$7<>Dataset!$B$12:$N$12)) -> 4
A36: S₆ | B36: =SUMPRODUCT((1-Dataset!$B$13:$N$13)*(Dataset!$B$8:$N$8<>Dataset!$B$3:$N$3)) -> 3 | C36: =SUMPRODUCT((1-Dataset!$B$13:$N$13)*(Dataset!$B$8:$N$8<>Dataset!$B$4:$N$4)) -> 4 | D36: =SUMPRODUCT((1-Dataset!$B$13:$N$13)*(Dataset!$B$8:$N$8<>Dataset!$B$5:$N$5)) -> 1 | E36: =SUMPRODUCT((1-Dataset!$B$13:$N$13)*(Dataset!$B$8:$N$8<>Dataset!$B$6:$N$6)) -> 2 | F36: =SUMPRODUCT((1-Dataset!$B$13:$N$13)*(Dataset!$B$8:$N$8<>Dataset!$B$7:$N$7)) -> 5 | G36: =SUMPRODUCT((1-Dataset!$B$13:$N$13)*(Dataset!$B$8:$N$8<>Dataset!$B$8:$N$8)) -> 0 | H36: =SUMPRODUCT((1-Dataset!$B$13:$N$13)*(Dataset!$B$8:$N$8<>Dataset!$B$9:$N$9)) -> 6 | I36: =SUMPRODUCT((1-Dataset!$B$13:$N$13)*(Dataset!$B$8:$N$8<>Dataset!$B$10:$N$10)) -> 3 | J36: =SUMPRODUCT((1-Dataset!$B$13:$N$13)*(Dataset!$B$8:$N$8<>Dataset!$B$11:$N$11)) -> 2 | K36: =SUMPRODUCT((1-Dataset!$B$13:$N$13)*(Dataset!$B$8:$N$8<>Dataset!$B$12:$N$12)) -> 3
A37: S₇ | B37: =SUMPRODUCT((1-Dataset!$B$13:$N$13)*(Dataset!$B$9:$N$9<>Dataset!$B$3:$N$3)) -> 4 | C37: =SUMPRODUCT((1-Dataset!$B$13:$N$13)*(Dataset!$B$9:$N$9<>Dataset!$B$4:$N$4)) -> 4 | D37: =SUMPRODUCT((1-Dataset!$B$13:$N$13)*(Dataset!$B$9:$N$9<>Dataset!$B$5:$N$5)) -> 6 | E37: =SUMPRODUCT((1-Dataset!$B$13:$N$13)*(Dataset!$B$9:$N$9<>Dataset!$B$6:$N$6)) -> 4 | F37: =SUMPRODUCT((1-Dataset!$B$13:$N$13)*(Dataset!$B$9:$N$9<>Dataset!$B$7:$N$7)) -> 5 | G37: =SUMPRODUCT((1-Dataset!$B$13:$N$13)*(Dataset!$B$9:$N$9<>Dataset!$B$8:$N$8)) -> 6 | H37: =SUMPRODUCT((1-Dataset!$B$13:$N$13)*(Dataset!$B$9:$N$9<>Dataset!$B$9:$N$9)) -> 0 | I37: =SUMPRODUCT((1-Dataset!$B$13:$N$13)*(Dataset!$B$9:$N$9<>Dataset!$B$10:$N$10)) -> 3 | J37: =SUMPRODUCT((1-Dataset!$B$13:$N$13)*(Dataset!$B$9:$N$9<>Dataset!$B$11:$N$11)) -> 4 | K37: =SUMPRODUCT((1-Dataset!$B$13:$N$13)*(Dataset!$B$9:$N$9<>Dataset!$B$12:$N$12)) -> 5
A38: S₈ | B38: =SUMPRODUCT((1-Dataset!$B$13:$N$13)*(Dataset!$B$10:$N$10<>Dataset!$B$3:$N$3)) -> 2 | C38: =SUMPRODUCT((1-Dataset!$B$13:$N$13)*(Dataset!$B$10:$N$10<>Dataset!$B$4:$N$4)) -> 3 | D38: =SUMPRODUCT((1-Dataset!$B$13:$N$13)*(Dataset!$B$10:$N$10<>Dataset!$B$5:$N$5)) -> 4 | E38: =SUMPRODUCT((1-Dataset!$B$13:$N$13)*(Dataset!$B$10:$N$10<>Dataset!$B$6:$N$6)) -> 1 | F38: =SUMPRODUCT((1-Dataset!$B$13:$N$13)*(Dataset!$B$10:$N$10<>Dataset!$B$7:$N$7)) -> 4 | G38: =SUMPRODUCT((1-Dataset!$B$13:$N$13)*(Dataset!$B$10:$N$10<>Dataset!$B$8:$N$8)) -> 3 | H38: =SUMPRODUCT((1-Dataset!$B$13:$N$13)*(Dataset!$B$10:$N$10<>Dataset!$B$9:$N$9)) -> 3 | I38: =SUMPRODUCT((1-Dataset!$B$13:$N$13)*(Dataset!$B$10:$N$10<>Dataset!$B$10:$N$10)) -> 0 | J38: =SUMPRODUCT((1-Dataset!$B$13:$N$13)*(Dataset!$B$10:$N$10<>Dataset!$B$11:$N$11)) -> 1 | K38: =SUMPRODUCT((1-Dataset!$B$13:$N$13)*(Dataset!$B$10:$N$10<>Dataset!$B$12:$N$12)) -> 2
A39: S₉ | B39: =SUMPRODUCT((1-Dataset!$B$13:$N$13)*(Dataset!$B$11:$N$11<>Dataset!$B$3:$N$3)) -> 1 | C39: =SUMPRODUCT((1-Dataset!$B$13:$N$13)*(Dataset!$B$11:$N$11<>Dataset!$B$4:$N$4)) -> 2 | D39: =SUMPRODUCT((1-Dataset!$B$13:$N$13)*(Dataset!$B$11:$N$11<>Dataset!$B$5:$N$5)) -> 3 | E39: =SUMPRODUCT((1-Dataset!$B$13:$N$13)*(Dataset!$B$11:$N$11<>Dataset!$B$6:$N$6)) -> 2 | F39: =SUMPRODUCT((1-Dataset!$B$13:$N$13)*(Dataset!$B$11:$N$11<>Dataset!$B$7:$N$7)) -> 5 | G39: =SUMPRODUCT((1-Dataset!$B$13:$N$13)*(Dataset!$B$11:$N$11<>Dataset!$B$8:$N$8)) -> 2 | H39: =SUMPRODUCT((1-Dataset!$B$13:$N$13)*(Dataset!$B$11:$N$11<>Dataset!$B$9:$N$9)) -> 4 | I39: =SUMPRODUCT((1-Dataset!$B$13:$N$13)*(Dataset!$B$11:$N$11<>Dataset!$B$10:$N$10)) -> 1 | J39: =SUMPRODUCT((1-Dataset!$B$13:$N$13)*(Dataset!$B$11:$N$11<>Dataset!$B$11:$N$11)) -> 0 | K39: =SUMPRODUCT((1-Dataset!$B$13:$N$13)*(Dataset!$B$11:$N$11<>Dataset!$B$12:$N$12)) -> 1
A40: S₁₀ | B40: =SUMPRODUCT((1-Dataset!$B$13:$N$13)*(Dataset!$B$12:$N$12<>Dataset!$B$3:$N$3)) -> 2 | C40: =SUMPRODUCT((1-Dataset!$B$13:$N$13)*(Dataset!$B$12:$N$12<>Dataset!$B$4:$N$4)) -> 1 | D40: =SUMPRODUCT((1-Dataset!$B$13:$N$13)*(Dataset!$B$12:$N$12<>Dataset!$B$5:$N$5)) -> 4 | E40: =SUMPRODUCT((1-Dataset!$B$13:$N$13)*(Dataset!$B$12:$N$12<>Dataset!$B$6:$N$6)) -> 3 | F40: =SUMPRODUCT((1-Dataset!$B$13:$N$13)*(Dataset!$B$12:$N$12<>Dataset!$B$7:$N$7)) -> 4 | G40: =SUMPRODUCT((1-Dataset!$B$13:$N$13)*(Dataset!$B$12:$N$12<>Dataset!$B$8:$N$8)) -> 3 | H40: =SUMPRODUCT((1-Dataset!$B$13:$N$13)*(Dataset!$B$12:$N$12<>Dataset!$B$9:$N$9)) -> 5 | I40: =SUMPRODUCT((1-Dataset!$B$13:$N$13)*(Dataset!$B$12:$N$12<>Dataset!$B$10:$N$10)) -> 2 | J40: =SUMPRODUCT((1-Dataset!$B$13:$N$13)*(Dataset!$B$12:$N$12<>Dataset!$B$11:$N$11)) -> 1 | K40: =SUMPRODUCT((1-Dataset!$B$13:$N$13)*(Dataset!$B$12:$N$12<>Dataset!$B$12:$N$12)) -> 0
A42: Each row lists the distances from the target object Sᵢ to S₁ … S₁₀ in their original order (image 1: S₁ → S₂, S₃, …, S₁₀).
A43: ρ = quantitative part + nominal part, rounded to 10 decimals so that mathematically equal distances tie exactly. Diagonal ρ(Sᵢ, Sᵢ) = 0 is shown in grey and never used as a neighbour.
A44: Number format shows 4 decimals; full precision is stored in the cells.

Sheet Sorted Neighbors
A1: Step 3 · Neighbours of every object sorted by ascending ρ — original index and class kept
A3: Rank of Sⱼ in the neighbour list of Sᵢ (self excluded; equal distances → smaller original index first)
A4: Sᵢ \ Sⱼ | B4: S₁ | C4: S₂ | D4: S₃ | E4: S₄ | F4: S₅ | G4: S₆ | H4: S₇ | I4: S₈ | J4: S₉ | K4: S₁₀
A5: S₁ | B5: — | C5: =1+SUMPRODUCT(('Zhuravlev Distances'!$B$5:$K$5<'Zhuravlev Distances'!C$5)*(COLUMN('Zhuravlev Distances'!$B$5:$K$5)<>COLUMN('Zhuravlev Distances'!B$5)))+SUMPRODUCT(('Zhuravlev Distances'!$B$5:$K$5='Zhuravlev Distances'!C$5)*(COLUMN('Zhuravlev Distances'!$B$5:$K$5)<COLUMN('Zhuravlev Distances'!C$5))*(COLUMN('Zhuravlev Distances'!$B$5:$K$5)<>COLUMN('Zhuravlev Distances'!B$5))) -> 7 | D5: =1+SUMPRODUCT(('Zhuravlev Distances'!$B$5:$K$5<'Zhuravlev Distances'!D$5)*(COLUMN('Zhuravlev Distances'!$B$5:$K$5)<>COLUMN('Zhuravlev Distances'!B$5)))+SUMPRODUCT(('Zhuravlev Distances'!$B$5:$K$5='Zhuravlev Distances'!D$5)*(COLUMN('Zhuravlev Distances'!$B$5:$K$5)<COLUMN('Zhuravlev Distances'!D$5))*(COLUMN('Zhuravlev Distances'!$B$5:$K$5)<>COLUMN('Zhuravlev Distances'!B$5))) -> 9 | E5: =1+SUMPRODUCT(('Zhuravlev Distances'!$B$5:$K$5<'Zhuravlev Distances'!E$5)*(COLUMN('Zhuravlev Distances'!$B$5:$K$5)<>COLUMN('Zhuravlev Distances'!B$5)))+SUMPRODUCT(('Zhuravlev Distances'!$B$5:$K$5='Zhuravlev Distances'!E$5)*(COLUMN('Zhuravlev Distances'!$B$5:$K$5)<COLUMN('Zhuravlev Distances'!E$5))*(COLUMN('Zhuravlev Distances'!$B$5:$K$5)<>COLUMN('Zhuravlev Distances'!B$5))) -> 4 | F5: =1+SUMPRODUCT(('Zhuravlev Distances'!$B$5:$K$5<'Zhuravlev Distances'!F$5)*(COLUMN('Zhuravlev Distances'!$B$5:$K$5)<>COLUMN('Zhuravlev Distances'!B$5)))+SUMPRODUCT(('Zhuravlev Distances'!$B$5:$K$5='Zhuravlev Distances'!F$5)*(COLUMN('Zhuravlev Distances'!$B$5:$K$5)<COLUMN('Zhuravlev Distances'!F$5))*(COLUMN('Zhuravlev Distances'!$B$5:$K$5)<>COLUMN('Zhuravlev Distances'!B$5))) -> 6 | G5: =1+SUMPRODUCT(('Zhuravlev Distances'!$B$5:$K$5<'Zhuravlev Distances'!G$5)*(COLUMN('Zhuravlev Distances'!$B$5:$K$5)<>COLUMN('Zhuravlev Distances'!B$5)))+SUMPRODUCT(('Zhuravlev Distances'!$B$5:$K$5='Zhuravlev Distances'!G$5)*(COLUMN('Zhuravlev Distances'!$B$5:$K$5)<COLUMN('Zhuravlev Distances'!G$5))*(COLUMN('Zhuravlev Distances'!$B$5:$K$5)<>COLUMN('Zhuravlev Distances'!B$5))) -> 5 | H5: =1+SUMPRODUCT(('Zhuravlev Distances'!$B$5:$K$5<'Zhuravlev Distances'!H$5)*(COLUMN('Zhuravlev Distances'!$B$5:$K$5)<>COLUMN('Zhuravlev Distances'!B$5)))+SUMPRODUCT(('Zhuravlev Distances'!$B$5:$K$5='Zhuravlev Distances'!H$5)*(COLUMN('Zhuravlev Distances'!$B$5:$K$5)<COLUMN('Zhuravlev Distances'!H$5))*(COLUMN('Zhuravlev Distances'!$B$5:$K$5)<>COLUMN('Zhuravlev Distances'!B$5))) -> 8 | I5: =1+SUMPRODUCT(('Zhuravlev Distances'!$B$5:$K$5<'Zhuravlev Distances'!I$5)*(COLUMN('Zhuravlev Distances'!$B$5:$K$5)<>COLUMN('Zhuravlev Distances'!B$5)))+SUMPRODUCT(('Zhuravlev Distances'!$B$5:$K$5='Zhuravlev Distances'!I$5)*(COLUMN('Zhuravlev Distances'!$B$5:$K$5)<COLUMN('Zhuravlev Distances'!I$5))*(COLUMN('Zhuravlev Distances'!$B$5:$K$5)<>COLUMN('Zhuravlev Distances'!B$5))) -> 3 | J5: =1+SUMPRODUCT(('Zhuravlev Distances'!$B$5:$K$5<'Zhuravlev Distances'!J$5)*(COLUMN('Zhuravlev Distances'!$B$5:$K$5)<>COLUMN('Zhuravlev Distances'!B$5)))+SUMPRODUCT(('Zhuravlev Distances'!$B$5:$K$5='Zhuravlev Distances'!J$5)*(COLUMN('Zhuravlev Distances'!$B$5:$K$5)<COLUMN('Zhuravlev Distances'!J$5))*(COLUMN('Zhuravlev Distances'!$B$5:$K$5)<>COLUMN('Zhuravlev Distances'!B$5))) -> 1 | K5: =1+SUMPRODUCT(('Zhuravlev Distances'!$B$5:$K$5<'Zhuravlev Distances'!K$5)*(COLUMN('Zhuravlev Distances'!$B$5:$K$5)<>COLUMN('Zhuravlev Distances'!B$5)))+SUMPRODUCT(('Zhuravlev Distances'!$B$5:$K$5='Zhuravlev Distances'!K$5)*(COLUMN('Zhuravlev Distances'!$B$5:$K$5)<COLUMN('Zhuravlev Distances'!K$5))*(COLUMN('Zhuravlev Distances'!$B$5:$K$5)<>COLUMN('Zhuravlev Distances'!B$5))) -> 2
A6: S₂ | B6: =1+SUMPRODUCT(('Zhuravlev Distances'!$B$6:$K$6<'Zhuravlev Distances'!B$6)*(COLUMN('Zhuravlev Distances'!$B$6:$K$6)<>COLUMN('Zhuravlev Distances'!C$6)))+SUMPRODUCT(('Zhuravlev Distances'!$B$6:$K$6='Zhuravlev Distances'!B$6)*(COLUMN('Zhuravlev Distances'!$B$6:$K$6)<COLUMN('Zhuravlev Distances'!B$6))*(COLUMN('Zhuravlev Distances'!$B$6:$K$6)<>COLUMN('Zhuravlev Distances'!C$6))) -> 5 | C6: — | D6: =1+SUMPRODUCT(('Zhuravlev Distances'!$B$6:$K$6<'Zhuravlev Distances'!D$6)*(COLUMN('Zhuravlev Distances'!$B$6:$K$6)<>COLUMN('Zhuravlev Distances'!C$6)))+SUMPRODUCT(('Zhuravlev Distances'!$B$6:$K$6='Zhuravlev Distances'!D$6)*(COLUMN('Zhuravlev Distances'!$B$6:$K$6)<COLUMN('Zhuravlev Distances'!D$6))*(COLUMN('Zhuravlev Distances'!$B$6:$K$6)<>COLUMN('Zhuravlev Distances'!C$6))) -> 6 | E6: =1+SUMPRODUCT(('Zhuravlev Distances'!$B$6:$K$6<'Zhuravlev Distances'!E$6)*(COLUMN('Zhuravlev Distances'!$B$6:$K$6)<>COLUMN('Zhuravlev Distances'!C$6)))+SUMPRODUCT(('Zhuravlev Distances'!$B$6:$K$6='Zhuravlev Distances'!E$6)*(COLUMN('Zhuravlev Distances'!$B$6:$K$6)<COLUMN('Zhuravlev Distances'!E$6))*(COLUMN('Zhuravlev Distances'!$B$6:$K$6)<>COLUMN('Zhuravlev Distances'!C$6))) -> 9 | F6: =1+SUMPRODUCT(('Zhuravlev Distances'!$B$6:$K$6<'Zhuravlev Distances'!F$6)*(COLUMN('Zhuravlev Distances'!$B$6:$K$6)<>COLUMN('Zhuravlev Distances'!C$6)))+SUMPRODUCT(('Zhuravlev Distances'!$B$6:$K$6='Zhuravlev Distances'!F$6)*(COLUMN('Zhuravlev Distances'!$B$6:$K$6)<COLUMN('Zhuravlev Distances'!F$6))*(COLUMN('Zhuravlev Distances'!$B$6:$K$6)<>COLUMN('Zhuravlev Distances'!C$6))) -> 7 | G6: =1+SUMPRODUCT(('Zhuravlev Distances'!$B$6:$K$6<'Zhuravlev Distances'!G$6)*(COLUMN('Zhuravlev Distances'!$B$6:$K$6)<>COLUMN('Zhuravlev Distances'!C$6)))+SUMPRODUCT(('Zhuravlev Distances'!$B$6:$K$6='Zhuravlev Distances'!G$6)*(COLUMN('Zhuravlev Distances'!$B$6:$K$6)<COLUMN('Zhuravlev Distances'!G$6))*(COLUMN('Zhuravlev Distances'!$B$6:$K$6)<>COLUMN('Zhuravlev Distances'!C$6))) -> 4 | H6: =1+SUMPRODUCT(('Zhuravlev Distances'!$B$6:$K$6<'Zhuravlev Distances'!H$6)*(COLUMN('Zhuravlev Distances'!$B$6:$K$6)<>COLUMN('Zhuravlev Distances'!C$6)))+SUMPRODUCT(('Zhuravlev Distances'!$B$6:$K$6='Zhuravlev Distances'!H$6)*(COLUMN('Zhuravlev Distances'!$B$6:$K$6)<COLUMN('Zhuravlev Distances'!H$6))*(COLUMN('Zhuravlev Distances'!$B$6:$K$6)<>COLUMN('Zhuravlev Distances'!C$6))) -> 8 | I6: =1+SUMPRODUCT(('Zhuravlev Distances'!$B$6:$K$6<'Zhuravlev Distances'!I$6)*(COLUMN('Zhuravlev Distances'!$B$6:$K$6)<>COLUMN('Zhuravlev Distances'!C$6)))+SUMPRODUCT(('Zhuravlev Distances'!$B$6:$K$6='Zhuravlev Distances'!I$6)*(COLUMN('Zhuravlev Distances'!$B$6:$K$6)<COLUMN('Zhuravlev Distances'!I$6))*(COLUMN('Zhuravlev Distances'!$B$6:$K$6)<>COLUMN('Zhuravlev Distances'!C$6))) -> 3 | J6: =1+SUMPRODUCT(('Zhuravlev Distances'!$B$6:$K$6<'Zhuravlev Distances'!J$6)*(COLUMN('Zhuravlev Distances'!$B$6:$K$6)<>COLUMN('Zhuravlev Distances'!C$6)))+SUMPRODUCT(('Zhuravlev Distances'!$B$6:$K$6='Zhuravlev Distances'!J$6)*(COLUMN('Zhuravlev Distances'!$B$6:$K$6)<COLUMN('Zhuravlev Distances'!J$6))*(COLUMN('Zhuravlev Distances'!$B$6:$K$6)<>COLUMN('Zhuravlev Distances'!C$6))) -> 2 | K6: =1+SUMPRODUCT(('Zhuravlev Distances'!$B$6:$K$6<'Zhuravlev Distances'!K$6)*(COLUMN('Zhuravlev Distances'!$B$6:$K$6)<>COLUMN('Zhuravlev Distances'!C$6)))+SUMPRODUCT(('Zhuravlev Distances'!$B$6:$K$6='Zhuravlev Distances'!K$6)*(COLUMN('Zhuravlev Distances'!$B$6:$K$6)<COLUMN('Zhuravlev Distances'!K$6))*(COLUMN('Zhuravlev Distances'!$B$6:$K$6)<>COLUMN('Zhuravlev Distances'!C$6))) -> 1
A7: S₃ | B7: =1+SUMPRODUCT(('Zhuravlev Distances'!$B$7:$K$7<'Zhuravlev Distances'!B$7)*(COLUMN('Zhuravlev Distances'!$B$7:$K$7)<>COLUMN('Zhuravlev Distances'!D$7)))+SUMPRODUCT(('Zhuravlev Distances'!$B$7:$K$7='Zhuravlev Distances'!B$7)*(COLUMN('Zhuravlev Distances'!$B$7:$K$7)<COLUMN('Zhuravlev Distances'!B$7))*(COLUMN('Zhuravlev Distances'!$B$7:$K$7)<>COLUMN('Zhuravlev Distances'!D$7))) -> 8 | C7: =1+SUMPRODUCT(('Zhuravlev Distances'!$B$7:$K$7<'Zhuravlev Distances'!C$7)*(COLUMN('Zhuravlev Distances'!$B$7:$K$7)<>COLUMN('Zhuravlev Distances'!D$7)))+SUMPRODUCT(('Zhuravlev Distances'!$B$7:$K$7='Zhuravlev Distances'!C$7)*(COLUMN('Zhuravlev Distances'!$B$7:$K$7)<COLUMN('Zhuravlev Distances'!C$7))*(COLUMN('Zhuravlev Distances'!$B$7:$K$7)<>COLUMN('Zhuravlev Distances'!D$7))) -> 6 | D7: — | E7: =1+SUMPRODUCT(('Zhuravlev Distances'!$B$7:$K$7<'Zhuravlev Distances'!E$7)*(COLUMN('Zhuravlev Distances'!$B$7:$K$7)<>COLUMN('Zhuravlev Distances'!D$7)))+SUMPRODUCT(('Zhuravlev Distances'!$B$7:$K$7='Zhuravlev Distances'!E$7)*(COLUMN('Zhuravlev Distances'!$B$7:$K$7)<COLUMN('Zhuravlev Distances'!E$7))*(COLUMN('Zhuravlev Distances'!$B$7:$K$7)<>COLUMN('Zhuravlev Distances'!D$7))) -> 2 | F7: =1+SUMPRODUCT(('Zhuravlev Distances'!$B$7:$K$7<'Zhuravlev Distances'!F$7)*(COLUMN('Zhuravlev Distances'!$B$7:$K$7)<>COLUMN('Zhuravlev Distances'!D$7)))+SUMPRODUCT(('Zhuravlev Distances'!$B$7:$K$7='Zhuravlev Distances'!F$7)*(COLUMN('Zhuravlev Distances'!$B$7:$K$7)<COLUMN('Zhuravlev Distances'!F$7))*(COLUMN('Zhuravlev Distances'!$B$7:$K$7)<>COLUMN('Zhuravlev Distances'!D$7))) -> 5 | G7: =1+SUMPRODUCT(('Zhuravlev Distances'!$B$7:$K$7<'Zhuravlev Distances'!G$7)*(COLUMN('Zhuravlev Distances'!$B$7:$K$7)<>COLUMN('Zhuravlev Distances'!D$7)))+SUMPRODUCT(('Zhuravlev Distances'!$B$7:$K$7='Zhuravlev Distances'!G$7)*(COLUMN('Zhuravlev Distances'!$B$7:$K$7)<COLUMN('Zhuravlev Distances'!G$7))*(COLUMN('Zhuravlev Distances'!$B$7:$K$7)<>COLUMN('Zhuravlev Distances'!D$7))) -> 1 | H7: =1+SUMPRODUCT(('Zhuravlev Distances'!$B$7:$K$7<'Zhuravlev Distances'!H$7)*(COLUMN('Zhuravlev Distances'!$B$7:$K$7)<>COLUMN('Zhuravlev Distances'!D$7)))+SUMPRODUCT(('Zhuravlev Distances'!$B$7:$K$7='Zhuravlev Distances'!H$7)*(COLUMN('Zhuravlev Distances'!$B$7:$K$7)<COLUMN('Zhuravlev Distances'!H$7))*(COLUMN('Zhuravlev Distances'!$B$7:$K$7)<>COLUMN('Zhuravlev Distances'!D$7))) -> 7 | I7: =1+SUMPRODUCT(('Zhuravlev Distances'!$B$7:$K$7<'Zhuravlev Distances'!I$7)*(COLUMN('Zhuravlev Distances'!$B$7:$K$7)<>COLUMN('Zhuravlev Distances'!D$7)))+SUMPRODUCT(('Zhuravlev Distances'!$B$7:$K$7='Zhuravlev Distances'!I$7)*(COLUMN('Zhuravlev Distances'!$B$7:$K$7)<COLUMN('Zhuravlev Distances'!I$7))*(COLUMN('Zhuravlev Distances'!$B$7:$K$7)<>COLUMN('Zhuravlev Distances'!D$7))) -> 4 | J7: =1+SUMPRODUCT(('Zhuravlev Distances'!$B$7:$K$7<'Zhuravlev Distances'!J$7)*(COLUMN('Zhuravlev Distances'!$B$7:$K$7)<>COLUMN('Zhuravlev Distances'!D$7)))+SUMPRODUCT(('Zhuravlev Distances'!$B$7:$K$7='Zhuravlev Distances'!J$7)*(COLUMN('Zhuravlev Distances'!$B$7:$K$7)<COLUMN('Zhuravlev Distances'!J$7))*(COLUMN('Zhuravlev Distances'!$B$7:$K$7)<>COLUMN('Zhuravlev Distances'!D$7))) -> 3 | K7: =1+SUMPRODUCT(('Zhuravlev Distances'!$B$7:$K$7<'Zhuravlev Distances'!K$7)*(COLUMN('Zhuravlev Distances'!$B$7:$K$7)<>COLUMN('Zhuravlev Distances'!D$7)))+SUMPRODUCT(('Zhuravlev Distances'!$B$7:$K$7='Zhuravlev Distances'!K$7)*(COLUMN('Zhuravlev Distances'!$B$7:$K$7)<COLUMN('Zhuravlev Distances'!K$7))*(COLUMN('Zhuravlev Distances'!$B$7:$K$7)<>COLUMN('Zhuravlev Distances'!D$7))) -> 9
A8: S₄ | B8: =1+SUMPRODUCT(('Zhuravlev Distances'!$B$8:$K$8<'Zhuravlev Distances'!B$8)*(COLUMN('Zhuravlev Distances'!$B$8:$K$8)<>COLUMN('Zhuravlev Distances'!E$8)))+SUMPRODUCT(('Zhuravlev Distances'!$B$8:$K$8='Zhuravlev Distances'!B$8)*(COLUMN('Zhuravlev Distances'!$B$8:$K$8)<COLUMN('Zhuravlev Distances'!B$8))*(COLUMN('Zhuravlev Distances'!$B$8:$K$8)<>COLUMN('Zhuravlev Distances'!E$8))) -> 5 | C8: =1+SUMPRODUCT(('Zhuravlev Distances'!$B$8:$K$8<'Zhuravlev Distances'!C$8)*(COLUMN('Zhuravlev Distances'!$B$8:$K$8)<>COLUMN('Zhuravlev Distances'!E$8)))+SUMPRODUCT(('Zhuravlev Distances'!$B$8:$K$8='Zhuravlev Distances'!C$8)*(COLUMN('Zhuravlev Distances'!$B$8:$K$8)<COLUMN('Zhuravlev Distances'!C$8))*(COLUMN('Zhuravlev Distances'!$B$8:$K$8)<>COLUMN('Zhuravlev Distances'!E$8))) -> 9 | D8: =1+SUMPRODUCT(('Zhuravlev Distances'!$B$8:$K$8<'Zhuravlev Distances'!D$8)*(COLUMN('Zhuravlev Distances'!$B$8:$K$8)<>COLUMN('Zhuravlev Distances'!E$8)))+SUMPRODUCT(('Zhuravlev Distances'!$B$8:$K$8='Zhuravlev Distances'!D$8)*(COLUMN('Zhuravlev Distances'!$B$8:$K$8)<COLUMN('Zhuravlev Distances'!D$8))*(COLUMN('Zhuravlev Distances'!$B$8:$K$8)<>COLUMN('Zhuravlev Distances'!E$8))) -> 4 | E8: — | F8: =1+SUMPRODUCT(('Zhuravlev Distances'!$B$8:$K$8<'Zhuravlev Distances'!F$8)*(COLUMN('Zhuravlev Distances'!$B$8:$K$8)<>COLUMN('Zhuravlev Distances'!E$8)))+SUMPRODUCT(('Zhuravlev Distances'!$B$8:$K$8='Zhuravlev Distances'!F$8)*(COLUMN('Zhuravlev Distances'!$B$8:$K$8)<COLUMN('Zhuravlev Distances'!F$8))*(COLUMN('Zhuravlev Distances'!$B$8:$K$8)<>COLUMN('Zhuravlev Distances'!E$8))) -> 7 | G8: =1+SUMPRODUCT(('Zhuravlev Distances'!$B$8:$K$8<'Zhuravlev Distances'!G$8)*(COLUMN('Zhuravlev Distances'!$B$8:$K$8)<>COLUMN('Zhuravlev Distances'!E$8)))+SUMPRODUCT(('Zhuravlev Distances'!$B$8:$K$8='Zhuravlev Distances'!G$8)*(COLUMN('Zhuravlev Distances'!$B$8:$K$8)<COLUMN('Zhuravlev Distances'!G$8))*(COLUMN('Zhuravlev Distances'!$B$8:$K$8)<>COLUMN('Zhuravlev Distances'!E$8))) -> 2 | H8: =1+SUMPRODUCT(('Zhuravlev Distances'!$B$8:$K$8<'Zhuravlev Distances'!H$8)*(COLUMN('Zhuravlev Distances'!$B$8:$K$8)<>COLUMN('Zhuravlev Distances'!E$8)))+SUMPRODUCT(('Zhuravlev Distances'!$B$8:$K$8='Zhuravlev Distances'!H$8)*(COLUMN('Zhuravlev Distances'!$B$8:$K$8)<COLUMN('Zhuravlev Distances'!H$8))*(COLUMN('Zhuravlev Distances'!$B$8:$K$8)<>COLUMN('Zhuravlev Distances'!E$8))) -> 6 | I8: =1+SUMPRODUCT(('Zhuravlev Distances'!$B$8:$K$8<'Zhuravlev Distances'!I$8)*(COLUMN('Zhuravlev Distances'!$B$8:$K$8)<>COLUMN('Zhuravlev Distances'!E$8)))+SUMPRODUCT(('Zhuravlev Distances'!$B$8:$K$8='Zhuravlev Distances'!I$8)*(COLUMN('Zhuravlev Distances'!$B$8:$K$8)<COLUMN('Zhuravlev Distances'!I$8))*(COLUMN('Zhuravlev Distances'!$B$8:$K$8)<>COLUMN('Zhuravlev Distances'!E$8))) -> 1 | J8: =1+SUMPRODUCT(('Zhuravlev Distances'!$B$8:$K$8<'Zhuravlev Distances'!J$8)*(COLUMN('Zhuravlev Distances'!$B$8:$K$8)<>COLUMN('Zhuravlev Distances'!E$8)))+SUMPRODUCT(('Zhuravlev Distances'!$B$8:$K$8='Zhuravlev Distances'!J$8)*(COLUMN('Zhuravlev Distances'!$B$8:$K$8)<COLUMN('Zhuravlev Distances'!J$8))*(COLUMN('Zhuravlev Distances'!$B$8:$K$8)<>COLUMN('Zhuravlev Distances'!E$8))) -> 3 | K8: =1+SUMPRODUCT(('Zhuravlev Distances'!$B$8:$K$8<'Zhuravlev Distances'!K$8)*(COLUMN('Zhuravlev Distances'!$B$8:$K$8)<>COLUMN('Zhuravlev Distances'!E$8)))+SUMPRODUCT(('Zhuravlev Distances'!$B$8:$K$8='Zhuravlev Distances'!K$8)*(COLUMN('Zhuravlev Distances'!$B$8:$K$8)<COLUMN('Zhuravlev Distances'!K$8))*(COLUMN('Zhuravlev Distances'!$B$8:$K$8)<>COLUMN('Zhuravlev Distances'!E$8))) -> 8
A9: S₅ | B9: =1+SUMPRODUCT(('Zhuravlev Distances'!$B$9:$K$9<'Zhuravlev Distances'!B$9)*(COLUMN('Zhuravlev Distances'!$B$9:$K$9)<>COLUMN('Zhuravlev Distances'!F$9)))+SUMPRODUCT(('Zhuravlev Distances'!$B$9:$K$9='Zhuravlev Distances'!B$9)*(COLUMN('Zhuravlev Distances'!$B$9:$K$9)<COLUMN('Zhuravlev Distances'!B$9))*(COLUMN('Zhuravlev Distances'!$B$9:$K$9)<>COLUMN('Zhuravlev Distances'!F$9))) -> 4 | C9: =1+SUMPRODUCT(('Zhuravlev Distances'!$B$9:$K$9<'Zhuravlev Distances'!C$9)*(COLUMN('Zhuravlev Distances'!$B$9:$K$9)<>COLUMN('Zhuravlev Distances'!F$9)))+SUMPRODUCT(('Zhuravlev Distances'!$B$9:$K$9='Zhuravlev Distances'!C$9)*(COLUMN('Zhuravlev Distances'!$B$9:$K$9)<COLUMN('Zhuravlev Distances'!C$9))*(COLUMN('Zhuravlev Distances'!$B$9:$K$9)<>COLUMN('Zhuravlev Distances'!F$9))) -> 6 | D9: =1+SUMPRODUCT(('Zhuravlev Distances'!$B$9:$K$9<'Zhuravlev Distances'!D$9)*(COLUMN('Zhuravlev Distances'!$B$9:$K$9)<>COLUMN('Zhuravlev Distances'!F$9)))+SUMPRODUCT(('Zhuravlev Distances'!$B$9:$K$9='Zhuravlev Distances'!D$9)*(COLUMN('Zhuravlev Distances'!$B$9:$K$9)<COLUMN('Zhuravlev Distances'!D$9))*(COLUMN('Zhuravlev Distances'!$B$9:$K$9)<>COLUMN('Zhuravlev Distances'!F$9))) -> 1 | E9: =1+SUMPRODUCT(('Zhuravlev Distances'!$B$9:$K$9<'Zhuravlev Distances'!E$9)*(COLUMN('Zhuravlev Distances'!$B$9:$K$9)<>COLUMN('Zhuravlev Distances'!F$9)))+SUMPRODUCT(('Zhuravlev Distances'!$B$9:$K$9='Zhuravlev Distances'!E$9)*(COLUMN('Zhuravlev Distances'!$B$9:$K$9)<COLUMN('Zhuravlev Distances'!E$9))*(COLUMN('Zhuravlev Distances'!$B$9:$K$9)<>COLUMN('Zhuravlev Distances'!F$9))) -> 3 | F9: — | G9: =1+SUMPRODUCT(('Zhuravlev Distances'!$B$9:$K$9<'Zhuravlev Distances'!G$9)*(COLUMN('Zhuravlev Distances'!$B$9:$K$9)<>COLUMN('Zhuravlev Distances'!F$9)))+SUMPRODUCT(('Zhuravlev Distances'!$B$9:$K$9='Zhuravlev Distances'!G$9)*(COLUMN('Zhuravlev Distances'!$B$9:$K$9)<COLUMN('Zhuravlev Distances'!G$9))*(COLUMN('Zhuravlev Distances'!$B$9:$K$9)<>COLUMN('Zhuravlev Distances'!F$9))) -> 5 | H9: =1+SUMPRODUCT(('Zhuravlev Distances'!$B$9:$K$9<'Zhuravlev Distances'!H$9)*(COLUMN('Zhuravlev Distances'!$B$9:$K$9)<>COLUMN('Zhuravlev Distances'!F$9)))+SUMPRODUCT(('Zhuravlev Distances'!$B$9:$K$9='Zhuravlev Distances'!H$9)*(COLUMN('Zhuravlev Distances'!$B$9:$K$9)<COLUMN('Zhuravlev Distances'!H$9))*(COLUMN('Zhuravlev Distances'!$B$9:$K$9)<>COLUMN('Zhuravlev Distances'!F$9))) -> 7 | I9: =1+SUMPRODUCT(('Zhuravlev Distances'!$B$9:$K$9<'Zhuravlev Distances'!I$9)*(COLUMN('Zhuravlev Distances'!$B$9:$K$9)<>COLUMN('Zhuravlev Distances'!F$9)))+SUMPRODUCT(('Zhuravlev Distances'!$B$9:$K$9='Zhuravlev Distances'!I$9)*(COLUMN('Zhuravlev Distances'!$B$9:$K$9)<COLUMN('Zhuravlev Distances'!I$9))*(COLUMN('Zhuravlev Distances'!$B$9:$K$9)<>COLUMN('Zhuravlev Distances'!F$9))) -> 2 | J9: =1+SUMPRODUCT(('Zhuravlev Distances'!$B$9:$K$9<'Zhuravlev Distances'!J$9)*(COLUMN('Zhuravlev Distances'!$B$9:$K$9)<>COLUMN('Zhuravlev Distances'!F$9)))+SUMPRODUCT(('Zhuravlev Distances'!$B$9:$K$9='Zhuravlev Distances'!J$9)*(COLUMN('Zhuravlev Distances'!$B$9:$K$9)<COLUMN('Zhuravlev Distances'!J$9))*(COLUMN('Zhuravlev Distances'!$B$9:$K$9)<>COLUMN('Zhuravlev Distances'!F$9))) -> 8 | K9: =1+SUMPRODUCT(('Zhuravlev Distances'!$B$9:$K$9<'Zhuravlev Distances'!K$9)*(COLUMN('Zhuravlev Distances'!$B$9:$K$9)<>COLUMN('Zhuravlev Distances'!F$9)))+SUMPRODUCT(('Zhuravlev Distances'!$B$9:$K$9='Zhuravlev Distances'!K$9)*(COLUMN('Zhuravlev Distances'!$B$9:$K$9)<COLUMN('Zhuravlev Distances'!K$9))*(COLUMN('Zhuravlev Distances'!$B$9:$K$9)<>COLUMN('Zhuravlev Distances'!F$9))) -> 9
A10: S₆ | B10: =1+SUMPRODUCT(('Zhuravlev Distances'!$B$10:$K$10<'Zhuravlev Distances'!B$10)*(COLUMN('Zhuravlev Distances'!$B$10:$K$10)<>COLUMN('Zhuravlev Distances'!G$10)))+SUMPRODUCT(('Zhuravlev Distances'!$B$10:$K$10='Zhuravlev Distances'!B$10)*(COLUMN('Zhuravlev Distances'!$B$10:$K$10)<COLUMN('Zhuravlev Distances'!B$10))*(COLUMN('Zhuravlev Distances'!$B$10:$K$10)<>COLUMN('Zhuravlev Distances'!G$10))) -> 6 | C10: =1+SUMPRODUCT(('Zhuravlev Distances'!$B$10:$K$10<'Zhuravlev Distances'!C$10)*(COLUMN('Zhuravlev Distances'!$B$10:$K$10)<>COLUMN('Zhuravlev Distances'!G$10)))+SUMPRODUCT(('Zhuravlev Distances'!$B$10:$K$10='Zhuravlev Distances'!C$10)*(COLUMN('Zhuravlev Distances'!$B$10:$K$10)<COLUMN('Zhuravlev Distances'!C$10))*(COLUMN('Zhuravlev Distances'!$B$10:$K$10)<>COLUMN('Zhuravlev Distances'!G$10))) -> 5 | D10: =1+SUMPRODUCT(('Zhuravlev Distances'!$B$10:$K$10<'Zhuravlev Distances'!D$10)*(COLUMN('Zhuravlev Distances'!$B$10:$K$10)<>COLUMN('Zhuravlev Distances'!G$10)))+SUMPRODUCT(('Zhuravlev Distances'!$B$10:$K$10='Zhuravlev Distances'!D$10)*(COLUMN('Zhuravlev Distances'!$B$10:$K$10)<COLUMN('Zhuravlev Distances'!D$10))*(COLUMN('Zhuravlev Distances'!$B$10:$K$10)<>COLUMN('Zhuravlev Distances'!G$10))) -> 1 | E10: =1+SUMPRODUCT(('Zhuravlev Distances'!$B$10:$K$10<'Zhuravlev Distances'!E$10)*(COLUMN('Zhuravlev Distances'!$B$10:$K$10)<>COLUMN('Zhuravlev Distances'!G$10)))+SUMPRODUCT(('Zhuravlev Distances'!$B$10:$K$10='Zhuravlev Distances'!E$10)*(COLUMN('Zhuravlev Distances'!$B$10:$K$10)<COLUMN('Zhuravlev Distances'!E$10))*(COLUMN('Zhuravlev Distances'!$B$10:$K$10)<>COLUMN('Zhuravlev Distances'!G$10))) -> 2 | F10: =1+SUMPRODUCT(('Zhuravlev Distances'!$B$10:$K$10<'Zhuravlev Distances'!F$10)*(COLUMN('Zhuravlev Distances'!$B$10:$K$10)<>COLUMN('Zhuravlev Distances'!G$10)))+SUMPRODUCT(('Zhuravlev Distances'!$B$10:$K$10='Zhuravlev Distances'!F$10)*(COLUMN('Zhuravlev Distances'!$B$10:$K$10)<COLUMN('Zhuravlev Distances'!F$10))*(COLUMN('Zhuravlev Distances'!$B$10:$K$10)<>COLUMN('Zhuravlev Distances'!G$10))) -> 7 | G10: — | H10: =1+SUMPRODUCT(('Zhuravlev Distances'!$B$10:$K$10<'Zhuravlev Distances'!H$10)*(COLUMN('Zhuravlev Distances'!$B$10:$K$10)<>COLUMN('Zhuravlev Distances'!G$10)))+SUMPRODUCT(('Zhuravlev Distances'!$B$10:$K$10='Zhuravlev Distances'!H$10)*(COLUMN('Zhuravlev Distances'!$B$10:$K$10)<COLUMN('Zhuravlev Distances'!H$10))*(COLUMN('Zhuravlev Distances'!$B$10:$K$10)<>COLUMN('Zhuravlev Distances'!G$10))) -> 9 | I10: =1+SUMPRODUCT(('Zhuravlev Distances'!$B$10:$K$10<'Zhuravlev Distances'!I$10)*(COLUMN('Zhuravlev Distances'!$B$10:$K$10)<>COLUMN('Zhuravlev Distances'!G$10)))+SUMPRODUCT(('Zhuravlev Distances'!$B$10:$K$10='Zhuravlev Distances'!I$10)*(COLUMN('Zhuravlev Distances'!$B$10:$K$10)<COLUMN('Zhuravlev Distances'!I$10))*(COLUMN('Zhuravlev Distances'!$B$10:$K$10)<>COLUMN('Zhuravlev Distances'!G$10))) -> 3 | J10: =1+SUMPRODUCT(('Zhuravlev Distances'!$B$10:$K$10<'Zhuravlev Distances'!J$10)*(COLUMN('Zhuravlev Distances'!$B$10:$K$10)<>COLUMN('Zhuravlev Distances'!G$10)))+SUMPRODUCT(('Zhuravlev Distances'!$B$10:$K$10='Zhuravlev Distances'!J$10)*(COLUMN('Zhuravlev Distances'!$B$10:$K$10)<COLUMN('Zhuravlev Distances'!J$10))*(COLUMN('Zhuravlev Distances'!$B$10:$K$10)<>COLUMN('Zhuravlev Distances'!G$10))) -> 4 | K10: =1+SUMPRODUCT(('Zhuravlev Distances'!$B$10:$K$10<'Zhuravlev Distances'!K$10)*(COLUMN('Zhuravlev Distances'!$B$10:$K$10)<>COLUMN('Zhuravlev Distances'!G$10)))+SUMPRODUCT(('Zhuravlev Distances'!$B$10:$K$10='Zhuravlev Distances'!K$10)*(COLUMN('Zhuravlev Distances'!$B$10:$K$10)<COLUMN('Zhuravlev Distances'!K$10))*(COLUMN('Zhuravlev Distances'!$B$10:$K$10)<>COLUMN('Zhuravlev Distances'!G$10))) -> 8
A11: S₇ | B11: =1+SUMPRODUCT(('Zhuravlev Distances'!$B$11:$K$11<'Zhuravlev Distances'!B$11)*(COLUMN('Zhuravlev Distances'!$B$11:$K$11)<>COLUMN('Zhuravlev Distances'!H$11)))+SUMPRODUCT(('Zhuravlev Distances'!$B$11:$K$11='Zhuravlev Distances'!B$11)*(COLUMN('Zhuravlev Distances'!$B$11:$K$11)<COLUMN('Zhuravlev Distances'!B$11))*(COLUMN('Zhuravlev Distances'!$B$11:$K$11)<>COLUMN('Zhuravlev Distances'!H$11))) -> 4 | C11: =1+SUMPRODUCT(('Zhuravlev Distances'!$B$11:$K$11<'Zhuravlev Distances'!C$11)*(COLUMN('Zhuravlev Distances'!$B$11:$K$11)<>COLUMN('Zhuravlev Distances'!H$11)))+SUMPRODUCT(('Zhuravlev Distances'!$B$11:$K$11='Zhuravlev Distances'!C$11)*(COLUMN('Zhuravlev Distances'!$B$11:$K$11)<COLUMN('Zhuravlev Distances'!C$11))*(COLUMN('Zhuravlev Distances'!$B$11:$K$11)<>COLUMN('Zhuravlev Distances'!H$11))) -> 6 | D11: =1+SUMPRODUCT(('Zhuravlev Distances'!$B$11:$K$11<'Zhuravlev Distances'!D$11)*(COLUMN('Zhuravlev Distances'!$B$11:$K$11)<>COLUMN('Zhuravlev Distances'!H$11)))+SUMPRODUCT(('Zhuravlev Distances'!$B$11:$K$11='Zhuravlev Distances'!D$11)*(COLUMN('Zhuravlev Distances'!$B$11:$K$11)<COLUMN('Zhuravlev Distances'!D$11))*(COLUMN('Zhuravlev Distances'!$B$11:$K$11)<>COLUMN('Zhuravlev Distances'!H$11))) -> 5 | E11: =1+SUMPRODUCT(('Zhuravlev Distances'!$B$11:$K$11<'Zhuravlev Distances'!E$11)*(COLUMN('Zhuravlev Distances'!$B$11:$K$11)<>COLUMN('Zhuravlev Distances'!H$11)))+SUMPRODUCT(('Zhuravlev Distances'!$B$11:$K$11='Zhuravlev Distances'!E$11)*(COLUMN('Zhuravlev Distances'!$B$11:$K$11)<COLUMN('Zhuravlev Distances'!E$11))*(COLUMN('Zhuravlev Distances'!$B$11:$K$11)<>COLUMN('Zhuravlev Distances'!H$11))) -> 2 | F11: =1+SUMPRODUCT(('Zhuravlev Distances'!$B$11:$K$11<'Zhuravlev Distances'!F$11)*(COLUMN('Zhuravlev Distances'!$B$11:$K$11)<>COLUMN('Zhuravlev Distances'!H$11)))+SUMPRODUCT(('Zhuravlev Distances'!$B$11:$K$11='Zhuravlev Distances'!F$11)*(COLUMN('Zhuravlev Distances'!$B$11:$K$11)<COLUMN('Zhuravlev Distances'!F$11))*(COLUMN('Zhuravlev Distances'!$B$11:$K$11)<>COLUMN('Zhuravlev Distances'!H$11))) -> 7 | G11: =1+SUMPRODUCT(('Zhuravlev Distances'!$B$11:$K$11<'Zhuravlev Distances'!G$11)*(COLUMN('Zhuravlev Distances'!$B$11:$K$11)<>COLUMN('Zhuravlev Distances'!H$11)))+SUMPRODUCT(('Zhuravlev Distances'!$B$11:$K$11='Zhuravlev Distances'!G$11)*(COLUMN('Zhuravlev Distances'!$B$11:$K$11)<COLUMN('Zhuravlev Distances'!G$11))*(COLUMN('Zhuravlev Distances'!$B$11:$K$11)<>COLUMN('Zhuravlev Distances'!H$11))) -> 8 | H11: — | I11: =1+SUMPRODUCT(('Zhuravlev Distances'!$B$11:$K$11<'Zhuravlev Distances'!I$11)*(COLUMN('Zhuravlev Distances'!$B$11:$K$11)<>COLUMN('Zhuravlev Distances'!H$11)))+SUMPRODUCT(('Zhuravlev Distances'!$B$11:$K$11='Zhuravlev Distances'!I$11)*(COLUMN('Zhuravlev Distances'!$B$11:$K$11)<COLUMN('Zhuravlev Distances'!I$11))*(COLUMN('Zhuravlev Distances'!$B$11:$K$11)<>COLUMN('Zhuravlev Distances'!H$11))) -> 1 | J11: =1+SUMPRODUCT(('Zhuravlev Distances'!$B$11:$K$11<'Zhuravlev Distances'!J$11)*(COLUMN('Zhuravlev Distances'!$B$11:$K$11)<>COLUMN('Zhuravlev Distances'!H$11)))+SUMPRODUCT(('Zhuravlev Distances'!$B$11:$K$11='Zhuravlev Distances'!J$11)*(COLUMN('Zhuravlev Distances'!$B$11:$K$11)<COLUMN('Zhuravlev Distances'!J$11))*(COLUMN('Zhuravlev Distances'!$B$11:$K$11)<>COLUMN('Zhuravlev Distances'!H$11))) -> 3 | K11: =1+SUMPRODUCT(('Zhuravlev Distances'!$B$11:$K$11<'Zhuravlev Distances'!K$11)*(COLUMN('Zhuravlev Distances'!$B$11:$K$11)<>COLUMN('Zhuravlev Distances'!H$11)))+SUMPRODUCT(('Zhuravlev Distances'!$B$11:$K$11='Zhuravlev Distances'!K$11)*(COLUMN('Zhuravlev Distances'!$B$11:$K$11)<COLUMN('Zhuravlev Distances'!K$11))*(COLUMN('Zhuravlev Distances'!$B$11:$K$11)<>COLUMN('Zhuravlev Distances'!H$11))) -> 9
A12: S₈ | B12: =1+SUMPRODUCT(('Zhuravlev Distances'!$B$12:$K$12<'Zhuravlev Distances'!B$12)*(COLUMN('Zhuravlev Distances'!$B$12:$K$12)<>COLUMN('Zhuravlev Distances'!I$12)))+SUMPRODUCT(('Zhuravlev Distances'!$B$12:$K$12='Zhuravlev Distances'!B$12)*(COLUMN('Zhuravlev Distances'!$B$12:$K$12)<COLUMN('Zhuravlev Distances'!B$12))*(COLUMN('Zhuravlev Distances'!$B$12:$K$12)<>COLUMN('Zhuravlev Distances'!I$12))) -> 5 | C12: =1+SUMPRODUCT(('Zhuravlev Distances'!$B$12:$K$12<'Zhuravlev Distances'!C$12)*(COLUMN('Zhuravlev Distances'!$B$12:$K$12)<>COLUMN('Zhuravlev Distances'!I$12)))+SUMPRODUCT(('Zhuravlev Distances'!$B$12:$K$12='Zhuravlev Distances'!C$12)*(COLUMN('Zhuravlev Distances'!$B$12:$K$12)<COLUMN('Zhuravlev Distances'!C$12))*(COLUMN('Zhuravlev Distances'!$B$12:$K$12)<>COLUMN('Zhuravlev Distances'!I$12))) -> 7 | D12: =1+SUMPRODUCT(('Zhuravlev Distances'!$B$12:$K$12<'Zhuravlev Distances'!D$12)*(COLUMN('Zhuravlev Distances'!$B$12:$K$12)<>COLUMN('Zhuravlev Distances'!I$12)))+SUMPRODUCT(('Zhuravlev Distances'!$B$12:$K$12='Zhuravlev Distances'!D$12)*(COLUMN('Zhuravlev Distances'!$B$12:$K$12)<COLUMN('Zhuravlev Distances'!D$12))*(COLUMN('Zhuravlev Distances'!$B$12:$K$12)<>COLUMN('Zhuravlev Distances'!I$12))) -> 6 | E12: =1+SUMPRODUCT(('Zhuravlev Distances'!$B$12:$K$12<'Zhuravlev Distances'!E$12)*(COLUMN('Zhuravlev Distances'!$B$12:$K$12)<>COLUMN('Zhuravlev Distances'!I$12)))+SUMPRODUCT(('Zhuravlev Distances'!$B$12:$K$12='Zhuravlev Distances'!E$12)*(COLUMN('Zhuravlev Distances'!$B$12:$K$12)<COLUMN('Zhuravlev Distances'!E$12))*(COLUMN('Zhuravlev Distances'!$B$12:$K$12)<>COLUMN('Zhuravlev Distances'!I$12))) -> 1 | F12: =1+SUMPRODUCT(('Zhuravlev Distances'!$B$12:$K$12<'Zhuravlev Distances'!F$12)*(COLUMN('Zhuravlev Distances'!$B$12:$K$12)<>COLUMN('Zhuravlev Distances'!I$12)))+SUMPRODUCT(('Zhuravlev Distances'!$B$12:$K$12='Zhuravlev Distances'!F$12)*(COLUMN('Zhuravlev Distances'!$B$12:$K$12)<COLUMN('Zhuravlev Distances'!F$12))*(COLUMN('Zhuravlev Distances'!$B$12:$K$12)<>COLUMN('Zhuravlev Distances'!I$12))) -> 9 | G12: =1+SUMPRODUCT(('Zhuravlev Distances'!$B$12:$K$12<'Zhuravlev Distances'!G$12)*(COLUMN('Zhuravlev Distances'!$B$12:$K$12)<>COLUMN('Zhuravlev Distances'!I$12)))+SUMPRODUCT(('Zhuravlev Distances'!$B$12:$K$12='Zhuravlev Distances'!G$12)*(COLUMN('Zhuravlev Distances'!$B$12:$K$12)<COLUMN('Zhuravlev Distances'!G$12))*(COLUMN('Zhuravlev Distances'!$B$12:$K$12)<>COLUMN('Zhuravlev Distances'!I$12))) -> 4 | H12: =1+SUMPRODUCT(('Zhuravlev Distances'!$B$12:$K$12<'Zhuravlev Distances'!H$12)*(COLUMN('Zhuravlev Distances'!$B$12:$K$12)<>COLUMN('Zhuravlev Distances'!I$12)))+SUMPRODUCT(('Zhuravlev Distances'!$B$12:$K$12='Zhuravlev Distances'!H$12)*(COLUMN('Zhuravlev Distances'!$B$12:$K$12)<COLUMN('Zhuravlev Distances'!H$12))*(COLUMN('Zhuravlev Distances'!$B$12:$K$12)<>COLUMN('Zhuravlev Distances'!I$12))) -> 3 | I12: — | J12: =1+SUMPRODUCT(('Zhuravlev Distances'!$B$12:$K$12<'Zhuravlev Distances'!J$12)*(COLUMN('Zhuravlev Distances'!$B$12:$K$12)<>COLUMN('Zhuravlev Distances'!I$12)))+SUMPRODUCT(('Zhuravlev Distances'!$B$12:$K$12='Zhuravlev Distances'!J$12)*(COLUMN('Zhuravlev Distances'!$B$12:$K$12)<COLUMN('Zhuravlev Distances'!J$12))*(COLUMN('Zhuravlev Distances'!$B$12:$K$12)<>COLUMN('Zhuravlev Distances'!I$12))) -> 2 | K12: =1+SUMPRODUCT(('Zhuravlev Distances'!$B$12:$K$12<'Zhuravlev Distances'!K$12)*(COLUMN('Zhuravlev Distances'!$B$12:$K$12)<>COLUMN('Zhuravlev Distances'!I$12)))+SUMPRODUCT(('Zhuravlev Distances'!$B$12:$K$12='Zhuravlev Distances'!K$12)*(COLUMN('Zhuravlev Distances'!$B$12:$K$12)<COLUMN('Zhuravlev Distances'!K$12))*(COLUMN('Zhuravlev Distances'!$B$12:$K$12)<>COLUMN('Zhuravlev Distances'!I$12))) -> 8
A13: S₉ | B13: =1+SUMPRODUCT(('Zhuravlev Distances'!$B$13:$K$13<'Zhuravlev Distances'!B$13)*(COLUMN('Zhuravlev Distances'!$B$13:$K$13)<>COLUMN('Zhuravlev Distances'!J$13)))+SUMPRODUCT(('Zhuravlev Distances'!$B$13:$K$13='Zhuravlev Distances'!B$13)*(COLUMN('Zhuravlev Distances'!$B$13:$K$13)<COLUMN('Zhuravlev Distances'!B$13))*(COLUMN('Zhuravlev Distances'!$B$13:$K$13)<>COLUMN('Zhuravlev Distances'!J$13))) -> 3 | C13: =1+SUMPRODUCT(('Zhuravlev Distances'!$B$13:$K$13<'Zhuravlev Distances'!C$13)*(COLUMN('Zhuravlev Distances'!$B$13:$K$13)<>COLUMN('Zhuravlev Distances'!J$13)))+SUMPRODUCT(('Zhuravlev Distances'!$B$13:$K$13='Zhuravlev Distances'!C$13)*(COLUMN('Zhuravlev Distances'!$B$13:$K$13)<COLUMN('Zhuravlev Distances'!C$13))*(COLUMN('Zhuravlev Distances'!$B$13:$K$13)<>COLUMN('Zhuravlev Distances'!J$13))) -> 6 | D13: =1+SUMPRODUCT(('Zhuravlev Distances'!$B$13:$K$13<'Zhuravlev Distances'!D$13)*(COLUMN('Zhuravlev Distances'!$B$13:$K$13)<>COLUMN('Zhuravlev Distances'!J$13)))+SUMPRODUCT(('Zhuravlev Distances'!$B$13:$K$13='Zhuravlev Distances'!D$13)*(COLUMN('Zhuravlev Distances'!$B$13:$K$13)<COLUMN('Zhuravlev Distances'!D$13))*(COLUMN('Zhuravlev Distances'!$B$13:$K$13)<>COLUMN('Zhuravlev Distances'!J$13))) -> 7 | E13: =1+SUMPRODUCT(('Zhuravlev Distances'!$B$13:$K$13<'Zhuravlev Distances'!E$13)*(COLUMN('Zhuravlev Distances'!$B$13:$K$13)<>COLUMN('Zhuravlev Distances'!J$13)))+SUMPRODUCT(('Zhuravlev Distances'!$B$13:$K$13='Zhuravlev Distances'!E$13)*(COLUMN('Zhuravlev Distances'!$B$13:$K$13)<COLUMN('Zhuravlev Distances'!E$13))*(COLUMN('Zhuravlev Distances'!$B$13:$K$13)<>COLUMN('Zhuravlev Distances'!J$13))) -> 4 | F13: =1+SUMPRODUCT(('Zhuravlev Distances'!$B$13:$K$13<'Zhuravlev Distances'!F$13)*(COLUMN('Zhuravlev Distances'!$B$13:$K$13)<>COLUMN('Zhuravlev Distances'!J$13)))+SUMPRODUCT(('Zhuravlev Distances'!$B$13:$K$13='Zhuravlev Distances'!F$13)*(COLUMN('Zhuravlev Distances'!$B$13:$K$13)<COLUMN('Zhuravlev Distances'!F$13))*(COLUMN('Zhuravlev Distances'!$B$13:$K$13)<>COLUMN('Zhuravlev Distances'!J$13))) -> 9 | G13: =1+SUMPRODUCT(('Zhuravlev Distances'!$B$13:$K$13<'Zhuravlev Distances'!G$13)*(COLUMN('Zhuravlev Distances'!$B$13:$K$13)<>COLUMN('Zhuravlev Distances'!J$13)))+SUMPRODUCT(('Zhuravlev Distances'!$B$13:$K$13='Zhuravlev Distances'!G$13)*(COLUMN('Zhuravlev Distances'!$B$13:$K$13)<COLUMN('Zhuravlev Distances'!G$13))*(COLUMN('Zhuravlev Distances'!$B$13:$K$13)<>COLUMN('Zhuravlev Distances'!J$13))) -> 5 | H13: =1+SUMPRODUCT(('Zhuravlev Distances'!$B$13:$K$13<'Zhuravlev Distances'!H$13)*(COLUMN('Zhuravlev Distances'!$B$13:$K$13)<>COLUMN('Zhuravlev Distances'!J$13)))+SUMPRODUCT(('Zhuravlev Distances'!$B$13:$K$13='Zhuravlev Distances'!H$13)*(COLUMN('Zhuravlev Distances'!$B$13:$K$13)<COLUMN('Zhuravlev Distances'!H$13))*(COLUMN('Zhuravlev Distances'!$B$13:$K$13)<>COLUMN('Zhuravlev Distances'!J$13))) -> 8 | I13: =1+SUMPRODUCT(('Zhuravlev Distances'!$B$13:$K$13<'Zhuravlev Distances'!I$13)*(COLUMN('Zhuravlev Distances'!$B$13:$K$13)<>COLUMN('Zhuravlev Distances'!J$13)))+SUMPRODUCT(('Zhuravlev Distances'!$B$13:$K$13='Zhuravlev Distances'!I$13)*(COLUMN('Zhuravlev Distances'!$B$13:$K$13)<COLUMN('Zhuravlev Distances'!I$13))*(COLUMN('Zhuravlev Distances'!$B$13:$K$13)<>COLUMN('Zhuravlev Distances'!J$13))) -> 1 | J13: — | K13: =1+SUMPRODUCT(('Zhuravlev Distances'!$B$13:$K$13<'Zhuravlev Distances'!K$13)*(COLUMN('Zhuravlev Distances'!$B$13:$K$13)<>COLUMN('Zhuravlev Distances'!J$13)))+SUMPRODUCT(('Zhuravlev Distances'!$B$13:$K$13='Zhuravlev Distances'!K$13)*(COLUMN('Zhuravlev Distances'!$B$13:$K$13)<COLUMN('Zhuravlev Distances'!K$13))*(COLUMN('Zhuravlev Distances'!$B$13:$K$13)<>COLUMN('Zhuravlev Distances'!J$13))) -> 2
A14: S₁₀ | B14: =1+SUMPRODUCT(('Zhuravlev Distances'!$B$14:$K$14<'Zhuravlev Distances'!B$14)*(COLUMN('Zhuravlev Distances'!$B$14:$K$14)<>COLUMN('Zhuravlev Distances'!K$14)))+SUMPRODUCT(('Zhuravlev Distances'!$B$14:$K$14='Zhuravlev Distances'!B$14)*(COLUMN('Zhuravlev Distances'!$B$14:$K$14)<COLUMN('Zhuravlev Distances'!B$14))*(COLUMN('Zhuravlev Distances'!$B$14:$K$14)<>COLUMN('Zhuravlev Distances'!K$14))) -> 2 | C14: =1+SUMPRODUCT(('Zhuravlev Distances'!$B$14:$K$14<'Zhuravlev Distances'!C$14)*(COLUMN('Zhuravlev Distances'!$B$14:$K$14)<>COLUMN('Zhuravlev Distances'!K$14)))+SUMPRODUCT(('Zhuravlev Distances'!$B$14:$K$14='Zhuravlev Distances'!C$14)*(COLUMN('Zhuravlev Distances'!$B$14:$K$14)<COLUMN('Zhuravlev Distances'!C$14))*(COLUMN('Zhuravlev Distances'!$B$14:$K$14)<>COLUMN('Zhuravlev Distances'!K$14))) -> 3 | D14: =1+SUMPRODUCT(('Zhuravlev Distances'!$B$14:$K$14<'Zhuravlev Distances'!D$14)*(COLUMN('Zhuravlev Distances'!$B$14:$K$14)<>COLUMN('Zhuravlev Distances'!K$14)))+SUMPRODUCT(('Zhuravlev Distances'!$B$14:$K$14='Zhuravlev Distances'!D$14)*(COLUMN('Zhuravlev Distances'!$B$14:$K$14)<COLUMN('Zhuravlev Distances'!D$14))*(COLUMN('Zhuravlev Distances'!$B$14:$K$14)<>COLUMN('Zhuravlev Distances'!K$14))) -> 7 | E14: =1+SUMPRODUCT(('Zhuravlev Distances'!$B$14:$K$14<'Zhuravlev Distances'!E$14)*(COLUMN('Zhuravlev Distances'!$B$14:$K$14)<>COLUMN('Zhuravlev Distances'!K$14)))+SUMPRODUCT(('Zhuravlev Distances'!$B$14:$K$14='Zhuravlev Distances'!E$14)*(COLUMN('Zhuravlev Distances'!$B$14:$K$14)<COLUMN('Zhuravlev Distances'!E$14))*(COLUMN('Zhuravlev Distances'!$B$14:$K$14)<>COLUMN('Zhuravlev Distances'!K$14))) -> 5 | F14: =1+SUMPRODUCT(('Zhuravlev Distances'!$B$14:$K$14<'Zhuravlev Distances'!F$14)*(COLUMN('Zhuravlev Distances'!$B$14:$K$14)<>COLUMN('Zhuravlev Distances'!K$14)))+SUMPRODUCT(('Zhuravlev Distances'!$B$14:$K$14='Zhuravlev Distances'!F$14)*(COLUMN('Zhuravlev Distances'!$B$14:$K$14)<COLUMN('Zhuravlev Distances'!F$14))*(COLUMN('Zhuravlev Distances'!$B$14:$K$14)<>COLUMN('Zhuravlev Distances'!K$14))) -> 8 | G14: =1+SUMPRODUCT(('Zhuravlev Distances'!$B$14:$K$14<'Zhuravlev Distances'!G$14)*(COLUMN('Zhuravlev Distances'!$B$14:$K$14)<>COLUMN('Zhuravlev Distances'!K$14)))+SUMPRODUCT(('Zhuravlev Distances'!$B$14:$K$14='Zhuravlev Distances'!G$14)*(COLUMN('Zhuravlev Distances'!$B$14:$K$14)<COLUMN('Zhuravlev Distances'!G$14))*(COLUMN('Zhuravlev Distances'!$B$14:$K$14)<>COLUMN('Zhuravlev Distances'!K$14))) -> 6 | H14: =1+SUMPRODUCT(('Zhuravlev Distances'!$B$14:$K$14<'Zhuravlev Distances'!H$14)*(COLUMN('Zhuravlev Distances'!$B$14:$K$14)<>COLUMN('Zhuravlev Distances'!K$14)))+SUMPRODUCT(('Zhuravlev Distances'!$B$14:$K$14='Zhuravlev Distances'!H$14)*(COLUMN('Zhuravlev Distances'!$B$14:$K$14)<COLUMN('Zhuravlev Distances'!H$14))*(COLUMN('Zhuravlev Distances'!$B$14:$K$14)<>COLUMN('Zhuravlev Distances'!K$14))) -> 9 | I14: =1+SUMPRODUCT(('Zhuravlev Distances'!$B$14:$K$14<'Zhuravlev Distances'!I$14)*(COLUMN('Zhuravlev Distances'!$B$14:$K$14)<>COLUMN('Zhuravlev Distances'!K$14)))+SUMPRODUCT(('Zhuravlev Distances'!$B$14:$K$14='Zhuravlev Distances'!I$14)*(COLUMN('Zhuravlev Distances'!$B$14:$K$14)<COLUMN('Zhuravlev Distances'!I$14))*(COLUMN('Zhuravlev Distances'!$B$14:$K$14)<>COLUMN('Zhuravlev Distances'!K$14))) -> 4 | J14: =1+SUMPRODUCT(('Zhuravlev Distances'!$B$14:$K$14<'Zhuravlev Distances'!J$14)*(COLUMN('Zhuravlev Distances'!$B$14:$K$14)<>COLUMN('Zhuravlev Distances'!K$14)))+SUMPRODUCT(('Zhuravlev Distances'!$B$14:$K$14='Zhuravlev Distances'!J$14)*(COLUMN('Zhuravlev Distances'!$B$14:$K$14)<COLUMN('Zhuravlev Distances'!J$14))*(COLUMN('Zhuravlev Distances'!$B$14:$K$14)<>COLUMN('Zhuravlev Distances'!K$14))) -> 1 | K14: —
A16: S₁ · class 2 — neighbours in ascending distance (target row 5 of the rank matrix)
A17: Rank | B17: 1 | C17: 2 | D17: 3 | E17: 4 | F17: 5 | G17: 6 | H17: 7 | I17: 8 | J17: 9
A18: k-neighbourhood | B18: =IF(AND(B$17>='Synthetic Features (k-NN)'!$G$9,B$17<='Synthetic Features (k-NN)'!$G$10,MOD(B$17-'Synthetic Features (k-NN)'!$G$9,2)=0),"k = "&B$17,"") | C18: =IF(AND(C$17>='Synthetic Features (k-NN)'!$G$9,C$17<='Synthetic Features (k-NN)'!$G$10,MOD(C$17-'Synthetic Features (k-NN)'!$G$9,2)=0),"k = "&C$17,"") | D18: =IF(AND(D$17>='Synthetic Features (k-NN)'!$G$9,D$17<='Synthetic Features (k-NN)'!$G$10,MOD(D$17-'Synthetic Features (k-NN)'!$G$9,2)=0),"k = "&D$17,"") -> k = 3 | E18: =IF(AND(E$17>='Synthetic Features (k-NN)'!$G$9,E$17<='Synthetic Features (k-NN)'!$G$10,MOD(E$17-'Synthetic Features (k-NN)'!$G$9,2)=0),"k = "&E$17,"") | F18: =IF(AND(F$17>='Synthetic Features (k-NN)'!$G$9,F$17<='Synthetic Features (k-NN)'!$G$10,MOD(F$17-'Synthetic Features (k-NN)'!$G$9,2)=0),"k = "&F$17,"") -> k = 5 | G18: =IF(AND(G$17>='Synthetic Features (k-NN)'!$G$9,G$17<='Synthetic Features (k-NN)'!$G$10,MOD(G$17-'Synthetic Features (k-NN)'!$G$9,2)=0),"k = "&G$17,"") | H18: =IF(AND(H$17>='Synthetic Features (k-NN)'!$G$9,H$17<='Synthetic Features (k-NN)'!$G$10,MOD(H$17-'Synthetic Features (k-NN)'!$G$9,2)=0),"k = "&H$17,"") | I18: =IF(AND(I$17>='Synthetic Features (k-NN)'!$G$9,I$17<='Synthetic Features (k-NN)'!$G$10,MOD(I$17-'Synthetic Features (k-NN)'!$G$9,2)=0),"k = "&I$17,"") | J18: =IF(AND(J$17>='Synthetic Features (k-NN)'!$G$9,J$17<='Synthetic Features (k-NN)'!$G$10,MOD(J$17-'Synthetic Features (k-NN)'!$G$9,2)=0),"k = "&J$17,"")
A19: Neighbour | B19: =INDEX('Zhuravlev Distances'!$B$4:$K$4,B20) -> S₉ | C19: =INDEX('Zhuravlev Distances'!$B$4:$K$4,C20) -> S₁₀ | D19: =INDEX('Zhuravlev Distances'!$B$4:$K$4,D20) -> S₈ | E19: =INDEX('Zhuravlev Distances'!$B$4:$K$4,E20) -> S₄ | F19: =INDEX('Zhuravlev Distances'!$B$4:$K$4,F20) -> S₆ | G19: =INDEX('Zhuravlev Distances'!$B$4:$K$4,G20) -> S₅ | H19: =INDEX('Zhuravlev Distances'!$B$4:$K$4,H20) -> S₂ | I19: =INDEX('Zhuravlev Distances'!$B$4:$K$4,I20) -> S₇ | J19: =INDEX('Zhuravlev Distances'!$B$4:$K$4,J20) -> S₃
A20: Original index | B20: =MATCH(B$17,$B$5:$K$5,0) -> 9 | C20: =MATCH(C$17,$B$5:$K$5,0) -> 10 | D20: =MATCH(D$17,$B$5:$K$5,0) -> 8 | E20: =MATCH(E$17,$B$5:$K$5,0) -> 4 | F20: =MATCH(F$17,$B$5:$K$5,0) -> 6 | G20: =MATCH(G$17,$B$5:$K$5,0) -> 5 | H20: =MATCH(H$17,$B$5:$K$5,0) -> 2 | I20: =MATCH(I$17,$B$5:$K$5,0) -> 7 | J20: =MATCH(J$17,$B$5:$K$5,0) -> 3
A21: ρ(S₁, neighbour) | B21: =INDEX('Zhuravlev Distances'!$B$5:$K$5,B20) -> 3.4680753 | C21: =INDEX('Zhuravlev Distances'!$B$5:$K$5,C20) -> 4.2218875 | D21: =INDEX('Zhuravlev Distances'!$B$5:$K$5,D20) -> 4.8157298 | E21: =INDEX('Zhuravlev Distances'!$B$5:$K$5,E20) -> 4.8429406 | F21: =INDEX('Zhuravlev Distances'!$B$5:$K$5,F20) -> 5.9056936 | G21: =INDEX('Zhuravlev Distances'!$B$5:$K$5,G20) -> 6.0394025 | H21: =INDEX('Zhuravlev Distances'!$B$5:$K$5,H20) -> 6.1621314 | I21: =INDEX('Zhuravlev Distances'!$B$5:$K$5,I20) -> 6.5963636 | J21: =INDEX('Zhuravlev Distances'!$B$5:$K$5,J20) -> 7.0747842
A22: Class | B22: =INDEX(Dataset!$O$3:$O$12,B20) -> 2 | C22: =INDEX(Dataset!$O$3:$O$12,C20) -> 2 | D22: =INDEX(Dataset!$O$3:$O$12,D20) -> 2 | E22: =INDEX(Dataset!$O$3:$O$12,E20) -> 1 | F22: =INDEX(Dataset!$O$3:$O$12,F20) -> 1 | G22: =INDEX(Dataset!$O$3:$O$12,G20) -> 1 | H22: =INDEX(Dataset!$O$3:$O$12,H20) -> 1 | I22: =INDEX(Dataset!$O$3:$O$12,I20) -> 2 | J22: =INDEX(Dataset!$O$3:$O$12,J20) -> 2
A23: Same class as S₁ | B23: =IF(B22=Dataset!$O$3,1,0) -> 1 | C23: =IF(C22=Dataset!$O$3,1,0) -> 1 | D23: =IF(D22=Dataset!$O$3,1,0) -> 1 | E23: =IF(E22=Dataset!$O$3,1,0) -> 0 | F23: =IF(F22=Dataset!$O$3,1,0) -> 0 | G23: =IF(G22=Dataset!$O$3,1,0) -> 0 | H23: =IF(H22=Dataset!$O$3,1,0) -> 0 | I23: =IF(I22=Dataset!$O$3,1,0) -> 1 | J23: =IF(J22=Dataset!$O$3,1,0) -> 1
A24: Same-class count (1 … rank) | B24: =SUM($B23:B23) -> 1 | C24: =SUM($B23:C23) -> 2 | D24: =SUM($B23:D23) -> 3 | E24: =SUM($B23:E23) -> 3 | F24: =SUM($B23:F23) -> 3 | G24: =SUM($B23:G23) -> 3 | H24: =SUM($B23:H23) -> 3 | I24: =SUM($B23:I23) -> 4 | J24: =SUM($B23:J23) -> 5
A26: S₂ · class 1 — neighbours in ascending distance (target row 6 of the rank matrix)
A27: Rank | B27: 1 | C27: 2 | D27: 3 | E27: 4 | F27: 5 | G27: 6 | H27: 7 | I27: 8 | J27: 9
A28: k-neighbourhood | B28: =IF(AND(B$27>='Synthetic Features (k-NN)'!$G$9,B$27<='Synthetic Features (k-NN)'!$G$10,MOD(B$27-'Synthetic Features (k-NN)'!$G$9,2)=0),"k = "&B$27,"") | C28: =IF(AND(C$27>='Synthetic Features (k-NN)'!$G$9,C$27<='Synthetic Features (k-NN)'!$G$10,MOD(C$27-'Synthetic Features (k-NN)'!$G$9,2)=0),"k = "&C$27,"") | D28: =IF(AND(D$27>='Synthetic Features (k-NN)'!$G$9,D$27<='Synthetic Features (k-NN)'!$G$10,MOD(D$27-'Synthetic Features (k-NN)'!$G$9,2)=0),"k = "&D$27,"") -> k = 3 | E28: =IF(AND(E$27>='Synthetic Features (k-NN)'!$G$9,E$27<='Synthetic Features (k-NN)'!$G$10,MOD(E$27-'Synthetic Features (k-NN)'!$G$9,2)=0),"k = "&E$27,"") | F28: =IF(AND(F$27>='Synthetic Features (k-NN)'!$G$9,F$27<='Synthetic Features (k-NN)'!$G$10,MOD(F$27-'Synthetic Features (k-NN)'!$G$9,2)=0),"k = "&F$27,"") -> k = 5 | G28: =IF(AND(G$27>='Synthetic Features (k-NN)'!$G$9,G$27<='Synthetic Features (k-NN)'!$G$10,MOD(G$27-'Synthetic Features (k-NN)'!$G$9,2)=0),"k = "&G$27,"") | H28: =IF(AND(H$27>='Synthetic Features (k-NN)'!$G$9,H$27<='Synthetic Features (k-NN)'!$G$10,MOD(H$27-'Synthetic Features (k-NN)'!$G$9,2)=0),"k = "&H$27,"") | I28: =IF(AND(I$27>='Synthetic Features (k-NN)'!$G$9,I$27<='Synthetic Features (k-NN)'!$G$10,MOD(I$27-'Synthetic Features (k-NN)'!$G$9,2)=0),"k = "&I$27,"") | J28: =IF(AND(J$27>='Synthetic Features (k-NN)'!$G$9,J$27<='Synthetic Features (k-NN)'!$G$10,MOD(J$27-'Synthetic Features (k-NN)'!$G$9,2)=0),"k = "&J$27,"")
A29: Neighbour | B29: =INDEX('Zhuravlev Distances'!$B$4:$K$4,B30) -> S₁₀ | C29: =INDEX('Zhuravlev Distances'!$B$4:$K$4,C30) -> S₉ | D29: =INDEX('Zhuravlev Distances'!$B$4:$K$4,D30) -> S₈ | E29: =INDEX('Zhuravlev Distances'!$B$4:$K$4,E30) -> S₆ | F29: =INDEX('Zhuravlev Distances'!$B$4:$K$4,F30) -> S₁ | G29: =INDEX('Zhuravlev Distances'!$B$4:$K$4,G30) -> S₃ | H29: =INDEX('Zhuravlev Distances'!$B$4:$K$4,H30) -> S₅ | I29: =INDEX('Zhuravlev Distances'!$B$4:$K$4,I30) -> S₇ | J29: =INDEX('Zhuravlev Distances'!$B$4:$K$4,J30) -> S₄
A30: Original index | B30: =MATCH(B$27,$B$6:$K$6,0) -> 10 | C30: =MATCH(C$27,$B$6:$K$6,0) -> 9 | D30: =MATCH(D$27,$B$6:$K$6,0) -> 8 | E30: =MATCH(E$27,$B$6:$K$6,0) -> 6 | F30: =MATCH(F$27,$B$6:$K$6,0) -> 1 | G30: =MATCH(G$27,$B$6:$K$6,0) -> 3 | H30: =MATCH(H$27,$B$6:$K$6,0) -> 5 | I30: =MATCH(I$27,$B$6:$K$6,0) -> 7 | J30: =MATCH(J$27,$B$6:$K$6,0) -> 4
A31: ρ(S₂, neighbour) | B31: =INDEX('Zhuravlev Distances'!$B$6:$K$6,B30) -> 4.2267936 | C31: =INDEX('Zhuravlev Distances'!$B$6:$K$6,C30) -> 4.6399233 | D31: =INDEX('Zhuravlev Distances'!$B$6:$K$6,D30) -> 5.1247573 | E31: =INDEX('Zhuravlev Distances'!$B$6:$K$6,E30) -> 5.8595929 | F31: =INDEX('Zhuravlev Distances'!$B$6:$K$6,F30) -> 6.1621314 | G31: =INDEX('Zhuravlev Distances'!$B$6:$K$6,G30) -> 6.1979142 | H31: =INDEX('Zhuravlev Distances'!$B$6:$K$6,H30) -> 6.5779172 | I31: =INDEX('Zhuravlev Distances'!$B$6:$K$6,I30) -> 6.655391 | J31: =INDEX('Zhuravlev Distances'!$B$6:$K$6,J30) -> 6.8173527
A32: Class | B32: =INDEX(Dataset!$O$3:$O$12,B30) -> 2 | C32: =INDEX(Dataset!$O$3:$O$12,C30) -> 2 | D32: =INDEX(Dataset!$O$3:$O$12,D30) -> 2 | E32: =INDEX(Dataset!$O$3:$O$12,E30) -> 1 | F32: =INDEX(Dataset!$O$3:$O$12,F30) -> 2 | G32: =INDEX(Dataset!$O$3:$O$12,G30) -> 2 | H32: =INDEX(Dataset!$O$3:$O$12,H30) -> 1 | I32: =INDEX(Dataset!$O$3:$O$12,I30) -> 2 | J32: =INDEX(Dataset!$O$3:$O$12,J30) -> 1
A33: Same class as S₂ | B33: =IF(B32=Dataset!$O$4,1,0) -> 0 | C33: =IF(C32=Dataset!$O$4,1,0) -> 0 | D33: =IF(D32=Dataset!$O$4,1,0) -> 0 | E33: =IF(E32=Dataset!$O$4,1,0) -> 1 | F33: =IF(F32=Dataset!$O$4,1,0) -> 0 | G33: =IF(G32=Dataset!$O$4,1,0) -> 0 | H33: =IF(H32=Dataset!$O$4,1,0) -> 1 | I33: =IF(I32=Dataset!$O$4,1,0) -> 0 | J33: =IF(J32=Dataset!$O$4,1,0) -> 1
A34: Same-class count (1 … rank) | B34: =SUM($B33:B33) -> 0 | C34: =SUM($B33:C33) -> 0 | D34: =SUM($B33:D33) -> 0 | E34: =SUM($B33:E33) -> 1 | F34: =SUM($B33:F33) -> 1 | G34: =SUM($B33:G33) -> 1 | H34: =SUM($B33:H33) -> 2 | I34: =SUM($B33:I33) -> 2 | J34: =SUM($B33:J33) -> 3
A36: S₃ · class 2 — neighbours in ascending distance (target row 7 of the rank matrix)
A37: Rank | B37: 1 | C37: 2 | D37: 3 | E37: 4 | F37: 5 | G37: 6 | H37: 7 | I37: 8 | J37: 9
A38: k-neighbourhood | B38: =IF(AND(B$37>='Synthetic Features (k-NN)'!$G$9,B$37<='Synthetic Features (k-NN)'!$G$10,MOD(B$37-'Synthetic Features (k-NN)'!$G$9,2)=0),"k = "&B$37,"") | C38: =IF(AND(C$37>='Synthetic Features (k-NN)'!$G$9,C$37<='Synthetic Features (k-NN)'!$G$10,MOD(C$37-'Synthetic Features (k-NN)'!$G$9,2)=0),"k = "&C$37,"") | D38: =IF(AND(D$37>='Synthetic Features (k-NN)'!$G$9,D$37<='Synthetic Features (k-NN)'!$G$10,MOD(D$37-'Synthetic Features (k-NN)'!$G$9,2)=0),"k = "&D$37,"") -> k = 3 | E38: =IF(AND(E$37>='Synthetic Features (k-NN)'!$G$9,E$37<='Synthetic Features (k-NN)'!$G$10,MOD(E$37-'Synthetic Features (k-NN)'!$G$9,2)=0),"k = "&E$37,"") | F38: =IF(AND(F$37>='Synthetic Features (k-NN)'!$G$9,F$37<='Synthetic Features (k-NN)'!$G$10,MOD(F$37-'Synthetic Features (k-NN)'!$G$9,2)=0),"k = "&F$37,"") -> k = 5 | G38: =IF(AND(G$37>='Synthetic Features (k-NN)'!$G$9,G$37<='Synthetic Features (k-NN)'!$G$10,MOD(G$37-'Synthetic Features (k-NN)'!$G$9,2)=0),"k = "&G$37,"") | H38: =IF(AND(H$37>='Synthetic Features (k-NN)'!$G$9,H$37<='Synthetic Features (k-NN)'!$G$10,MOD(H$37-'Synthetic Features (k-NN)'!$G$9,2)=0),"k = "&H$37,"") | I38: =IF(AND(I$37>='Synthetic Features (k-NN)'!$G$9,I$37<='Synthetic Features (k-NN)'!$G$10,MOD(I$37-'Synthetic Features (k-NN)'!$G$9,2)=0),"k = "&I$37,"") | J38: =IF(AND(J$37>='Synthetic Features (k-NN)'!$G$9,J$37<='Synthetic Features (k-NN)'!$G$10,MOD(J$37-'Synthetic Features (k-NN)'!$G$9,2)=0),"k = "&J$37,"")
A39: Neighbour | B39: =INDEX('Zhuravlev Distances'!$B$4:$K$4,B40) -> S₆ | C39: =INDEX('Zhuravlev Distances'!$B$4:$K$4,C40) -> S₄ | D39: =INDEX('Zhuravlev Distances'!$B$4:$K$4,D40) -> S₉ | E39: =INDEX('Zhuravlev Distances'!$B$4:$K$4,E40) -> S₈ | F39: =INDEX('Zhuravlev Distances'!$B$4:$K$4,F40) -> S₅ | G39: =INDEX('Zhuravlev Distances'!$B$4:$K$4,G40) -> S₂ | H39: =INDEX('Zhuravlev Distances'!$B$4:$K$4,H40) -> S₇ | I39: =INDEX('Zhuravlev Distances'!$B$4:$K$4,I40) -> S₁ | J39: =INDEX('Zhuravlev Distances'!$B$4:$K$4,J40) -> S₁₀
A40: Original index | B40: =MATCH(B$37,$B$7:$K$7,0) -> 6 | C40: =MATCH(C$37,$B$7:$K$7,0) -> 4 | D40: =MATCH(D$37,$B$7:$K$7,0) -> 9 | E40: =MATCH(E$37,$B$7:$K$7,0) -> 8 | F40: =MATCH(F$37,$B$7:$K$7,0) -> 5 | G40: =MATCH(G$37,$B$7:$K$7,0) -> 2 | H40: =MATCH(H$37,$B$7:$K$7,0) -> 7 | I40: =MATCH(I$37,$B$7:$K$7,0) -> 1 | J40: =MATCH(J$37,$B$7:$K$7,0) -> 10
A41: ρ(S₃, neighbour) | B41: =INDEX('Zhuravlev Distances'!$B$7:$K$7,B40) -> 1.8031991 | C41: =INDEX('Zhuravlev Distances'!$B$7:$K$7,C40) -> 4.4075521 | D41: =INDEX('Zhuravlev Distances'!$B$7:$K$7,D40) -> 4.9990166 | E41: =INDEX('Zhuravlev Distances'!$B$7:$K$7,E40) -> 5.1035187 | F41: =INDEX('Zhuravlev Distances'!$B$7:$K$7,F40) -> 5.7324577 | G41: =INDEX('Zhuravlev Distances'!$B$7:$K$7,G40) -> 6.1979142 | H41: =INDEX('Zhuravlev Distances'!$B$7:$K$7,H40) -> 6.6461408 | I41: =INDEX('Zhuravlev Distances'!$B$7:$K$7,I40) -> 7.0747842 | J41: =INDEX('Zhuravlev Distances'!$B$7:$K$7,J40) -> 7.5342785
A42: Class | B42: =INDEX(Dataset!$O$3:$O$12,B40) -> 1 | C42: =INDEX(Dataset!$O$3:$O$12,C40) -> 1 | D42: =INDEX(Dataset!$O$3:$O$12,D40) -> 2 | E42: =INDEX(Dataset!$O$3:$O$12,E40) -> 2 | F42: =INDEX(Dataset!$O$3:$O$12,F40) -> 1 | G42: =INDEX(Dataset!$O$3:$O$12,G40) -> 1 | H42: =INDEX(Dataset!$O$3:$O$12,H40) -> 2 | I42: =INDEX(Dataset!$O$3:$O$12,I40) -> 2 | J42: =INDEX(Dataset!$O$3:$O$12,J40) -> 2
A43: Same class as S₃ | B43: =IF(B42=Dataset!$O$5,1,0) -> 0 | C43: =IF(C42=Dataset!$O$5,1,0) -> 0 | D43: =IF(D42=Dataset!$O$5,1,0) -> 1 | E43: =IF(E42=Dataset!$O$5,1,0) -> 1 | F43: =IF(F42=Dataset!$O$5,1,0) -> 0 | G43: =IF(G42=Dataset!$O$5,1,0) -> 0 | H43: =IF(H42=Dataset!$O$5,1,0) -> 1 | I43: =IF(I42=Dataset!$O$5,1,0) -> 1 | J43: =IF(J42=Dataset!$O$5,1,0) -> 1
A44: Same-class count (1 … rank) | B44: =SUM($B43:B43) -> 0 | C44: =SUM($B43:C43) -> 0 | D44: =SUM($B43:D43) -> 1 | E44: =SUM($B43:E43) -> 2 | F44: =SUM($B43:F43) -> 2 | G44: =SUM($B43:G43) -> 2 | H44: =SUM($B43:H43) -> 3 | I44: =SUM($B43:I43) -> 4 | J44: =SUM($B43:J43) -> 5
A46: S₄ · class 1 — neighbours in ascending distance (target row 8 of the rank matrix)
A47: Rank | B47: 1 | C47: 2 | D47: 3 | E47: 4 | F47: 5 | G47: 6 | H47: 7 | I47: 8 | J47: 9
A48: k-neighbourhood | B48: =IF(AND(B$47>='Synthetic Features (k-NN)'!$G$9,B$47<='Synthetic Features (k-NN)'!$G$10,MOD(B$47-'Synthetic Features (k-NN)'!$G$9,2)=0),"k = "&B$47,"") | C48: =IF(AND(C$47>='Synthetic Features (k-NN)'!$G$9,C$47<='Synthetic Features (k-NN)'!$G$10,MOD(C$47-'Synthetic Features (k-NN)'!$G$9,2)=0),"k = "&C$47,"") | D48: =IF(AND(D$47>='Synthetic Features (k-NN)'!$G$9,D$47<='Synthetic Features (k-NN)'!$G$10,MOD(D$47-'Synthetic Features (k-NN)'!$G$9,2)=0),"k = "&D$47,"") -> k = 3 | E48: =IF(AND(E$47>='Synthetic Features (k-NN)'!$G$9,E$47<='Synthetic Features (k-NN)'!$G$10,MOD(E$47-'Synthetic Features (k-NN)'!$G$9,2)=0),"k = "&E$47,"") | F48: =IF(AND(F$47>='Synthetic Features (k-NN)'!$G$9,F$47<='Synthetic Features (k-NN)'!$G$10,MOD(F$47-'Synthetic Features (k-NN)'!$G$9,2)=0),"k = "&F$47,"") -> k = 5 | G48: =IF(AND(G$47>='Synthetic Features (k-NN)'!$G$9,G$47<='Synthetic Features (k-NN)'!$G$10,MOD(G$47-'Synthetic Features (k-NN)'!$G$9,2)=0),"k = "&G$47,"") | H48: =IF(AND(H$47>='Synthetic Features (k-NN)'!$G$9,H$47<='Synthetic Features (k-NN)'!$G$10,MOD(H$47-'Synthetic Features (k-NN)'!$G$9,2)=0),"k = "&H$47,"") | I48: =IF(AND(I$47>='Synthetic Features (k-NN)'!$G$9,I$47<='Synthetic Features (k-NN)'!$G$10,MOD(I$47-'Synthetic Features (k-NN)'!$G$9,2)=0),"k = "&I$47,"") | J48: =IF(AND(J$47>='Synthetic Features (k-NN)'!$G$9,J$47<='Synthetic Features (k-NN)'!$G$10,MOD(J$47-'Synthetic Features (k-NN)'!$G$9,2)=0),"k = "&J$47,"")
A49: Neighbour | B49: =INDEX('Zhuravlev Distances'!$B$4:$K$4,B50) -> S₈ | C49: =INDEX('Zhuravlev Distances'!$B$4:$K$4,C50) -> S₆ | D49: =INDEX('Zhuravlev Distances'!$B$4:$K$4,D50) -> S₉ | E49: =INDEX('Zhuravlev Distances'!$B$4:$K$4,E50) -> S₃ | F49: =INDEX('Zhuravlev Distances'!$B$4:$K$4,F50) -> S₁ | G49: =INDEX('Zhuravlev Distances'!$B$4:$K$4,G50) -> S₇ | H49: =INDEX('Zhuravlev Distances'!$B$4:$K$4,H50) -> S₅ | I49: =INDEX('Zhuravlev Distances'!$B$4:$K$4,I50) -> S₁₀ | J49: =INDEX('Zhuravlev Distances'!$B$4:$K$4,J50) -> S₂
A50: Original index | B50: =MATCH(B$47,$B$8:$K$8,0) -> 8 | C50: =MATCH(C$47,$B$8:$K$8,0) -> 6 | D50: =MATCH(D$47,$B$8:$K$8,0) -> 9 | E50: =MATCH(E$47,$B$8:$K$8,0) -> 3 | F50: =MATCH(F$47,$B$8:$K$8,0) -> 1 | G50: =MATCH(G$47,$B$8:$K$8,0) -> 7 | H50: =MATCH(H$47,$B$8:$K$8,0) -> 5 | I50: =MATCH(I$47,$B$8:$K$8,0) -> 10 | J50: =MATCH(J$47,$B$8:$K$8,0) -> 2
A51: ρ(S₄, neighbour) | B51: =INDEX('Zhuravlev Distances'!$B$8:$K$8,B50) -> 2.6221819 | C51: =INDEX('Zhuravlev Distances'!$B$8:$K$8,C50) -> 3.4022042 | D51: =INDEX('Zhuravlev Distances'!$B$8:$K$8,D50) -> 4.1962328 | E51: =INDEX('Zhuravlev Distances'!$B$8:$K$8,E50) -> 4.4075521 | F51: =INDEX('Zhuravlev Distances'!$B$8:$K$8,F50) -> 4.8429406 | G51: =INDEX('Zhuravlev Distances'!$B$8:$K$8,G50) -> 5.1870262 | H51: =INDEX('Zhuravlev Distances'!$B$8:$K$8,H50) -> 6.0172133 | I51: =INDEX('Zhuravlev Distances'!$B$8:$K$8,I50) -> 6.3981614 | J51: =INDEX('Zhuravlev Distances'!$B$8:$K$8,J50) -> 6.8173527
A52: Class | B52: =INDEX(Dataset!$O$3:$O$12,B50) -> 2 | C52: =INDEX(Dataset!$O$3:$O$12,C50) -> 1 | D52: =INDEX(Dataset!$O$3:$O$12,D50) -> 2 | E52: =INDEX(Dataset!$O$3:$O$12,E50) -> 2 | F52: =INDEX(Dataset!$O$3:$O$12,F50) -> 2 | G52: =INDEX(Dataset!$O$3:$O$12,G50) -> 2 | H52: =INDEX(Dataset!$O$3:$O$12,H50) -> 1 | I52: =INDEX(Dataset!$O$3:$O$12,I50) -> 2 | J52: =INDEX(Dataset!$O$3:$O$12,J50) -> 1
A53: Same class as S₄ | B53: =IF(B52=Dataset!$O$6,1,0) -> 0 | C53: =IF(C52=Dataset!$O$6,1,0) -> 1 | D53: =IF(D52=Dataset!$O$6,1,0) -> 0 | E53: =IF(E52=Dataset!$O$6,1,0) -> 0 | F53: =IF(F52=Dataset!$O$6,1,0) -> 0 | G53: =IF(G52=Dataset!$O$6,1,0) -> 0 | H53: =IF(H52=Dataset!$O$6,1,0) -> 1 | I53: =IF(I52=Dataset!$O$6,1,0) -> 0 | J53: =IF(J52=Dataset!$O$6,1,0) -> 1
A54: Same-class count (1 … rank) | B54: =SUM($B53:B53) -> 0 | C54: =SUM($B53:C53) -> 1 | D54: =SUM($B53:D53) -> 1 | E54: =SUM($B53:E53) -> 1 | F54: =SUM($B53:F53) -> 1 | G54: =SUM($B53:G53) -> 1 | H54: =SUM($B53:H53) -> 2 | I54: =SUM($B53:I53) -> 2 | J54: =SUM($B53:J53) -> 3
A56: S₅ · class 1 — neighbours in ascending distance (target row 9 of the rank matrix)
A57: Rank | B57: 1 | C57: 2 | D57: 3 | E57: 4 | F57: 5 | G57: 6 | H57: 7 | I57: 8 | J57: 9
A58: k-neighbourhood | B58: =IF(AND(B$57>='Synthetic Features (k-NN)'!$G$9,B$57<='Synthetic Features (k-NN)'!$G$10,MOD(B$57-'Synthetic Features (k-NN)'!$G$9,2)=0),"k = "&B$57,"") | C58: =IF(AND(C$57>='Synthetic Features (k-NN)'!$G$9,C$57<='Synthetic Features (k-NN)'!$G$10,MOD(C$57-'Synthetic Features (k-NN)'!$G$9,2)=0),"k = "&C$57,"") | D58: =IF(AND(D$57>='Synthetic Features (k-NN)'!$G$9,D$57<='Synthetic Features (k-NN)'!$G$10,MOD(D$57-'Synthetic Features (k-NN)'!$G$9,2)=0),"k = "&D$57,"") -> k = 3 | E58: =IF(AND(E$57>='Synthetic Features (k-NN)'!$G$9,E$57<='Synthetic Features (k-NN)'!$G$10,MOD(E$57-'Synthetic Features (k-NN)'!$G$9,2)=0),"k = "&E$57,"") | F58: =IF(AND(F$57>='Synthetic Features (k-NN)'!$G$9,F$57<='Synthetic Features (k-NN)'!$G$10,MOD(F$57-'Synthetic Features (k-NN)'!$G$9,2)=0),"k = "&F$57,"") -> k = 5 | G58: =IF(AND(G$57>='Synthetic Features (k-NN)'!$G$9,G$57<='Synthetic Features (k-NN)'!$G$10,MOD(G$57-'Synthetic Features (k-NN)'!$G$9,2)=0),"k = "&G$57,"") | H58: =IF(AND(H$57>='Synthetic Features (k-NN)'!$G$9,H$57<='Synthetic Features (k-NN)'!$G$10,MOD(H$57-'Synthetic Features (k-NN)'!$G$9,2)=0),"k = "&H$57,"") | I58: =IF(AND(I$57>='Synthetic Features (k-NN)'!$G$9,I$57<='Synthetic Features (k-NN)'!$G$10,MOD(I$57-'Synthetic Features (k-NN)'!$G$9,2)=0),"k = "&I$57,"") | J58: =IF(AND(J$57>='Synthetic Features (k-NN)'!$G$9,J$57<='Synthetic Features (k-NN)'!$G$10,MOD(J$57-'Synthetic Features (k-NN)'!$G$9,2)=0),"k = "&J$57,"")
A59: Neighbour | B59: =INDEX('Zhuravlev Distances'!$B$4:$K$4,B60) -> S₃ | C59: =INDEX('Zhuravlev Distances'!$B$4:$K$4,C60) -> S₈ | D59: =INDEX('Zhuravlev Distances'!$B$4:$K$4,D60) -> S₄ | E59: =INDEX('Zhuravlev Distances'!$B$4:$K$4,E60) -> S₁ | F59: =INDEX('Zhuravlev Distances'!$B$4:$K$4,F60) -> S₆ | G59: =INDEX('Zhuravlev Distances'!$B$4:$K$4,G60) -> S₂ | H59: =INDEX('Zhuravlev Distances'!$B$4:$K$4,H60) -> S₇ | I59: =INDEX('Zhuravlev Distances'!$B$4:$K$4,I60) -> S₉ | J59: =INDEX('Zhuravlev Distances'!$B$4:$K$4,J60) -> S₁₀
A60: Original index | B60: =MATCH(B$57,$B$9:$K$9,0) -> 3 | C60: =MATCH(C$57,$B$9:$K$9,0) -> 8 | D60: =MATCH(D$57,$B$9:$K$9,0) -> 4 | E60: =MATCH(E$57,$B$9:$K$9,0) -> 1 | F60: =MATCH(F$57,$B$9:$K$9,0) -> 6 | G60: =MATCH(G$57,$B$9:$K$9,0) -> 2 | H60: =MATCH(H$57,$B$9:$K$9,0) -> 7 | I60: =MATCH(I$57,$B$9:$K$9,0) -> 9 | J60: =MATCH(J$57,$B$9:$K$9,0) -> 10
A61: ρ(S₅, neighbour) | B61: =INDEX('Zhuravlev Distances'!$B$9:$K$9,B60) -> 5.7324577 | C61: =INDEX('Zhuravlev Distances'!$B$9:$K$9,C60) -> 5.7470875 | D61: =INDEX('Zhuravlev Distances'!$B$9:$K$9,D60) -> 6.0172133 | E61: =INDEX('Zhuravlev Distances'!$B$9:$K$9,E60) -> 6.0394025 | F61: =INDEX('Zhuravlev Distances'!$B$9:$K$9,F60) -> 6.4159987 | G61: =INDEX('Zhuravlev Distances'!$B$9:$K$9,G60) -> 6.5779172 | H61: =INDEX('Zhuravlev Distances'!$B$9:$K$9,H60) -> 6.7119318 | I61: =INDEX('Zhuravlev Distances'!$B$9:$K$9,I60) -> 7.6901307 | J61: =INDEX('Zhuravlev Distances'!$B$9:$K$9,J60) -> 7.8920592
A62: Class | B62: =INDEX(Dataset!$O$3:$O$12,B60) -> 2 | C62: =INDEX(Dataset!$O$3:$O$12,C60) -> 2 | D62: =INDEX(Dataset!$O$3:$O$12,D60) -> 1 | E62: =INDEX(Dataset!$O$3:$O$12,E60) -> 2 | F62: =INDEX(Dataset!$O$3:$O$12,F60) -> 1 | G62: =INDEX(Dataset!$O$3:$O$12,G60) -> 1 | H62: =INDEX(Dataset!$O$3:$O$12,H60) -> 2 | I62: =INDEX(Dataset!$O$3:$O$12,I60) -> 2 | J62: =INDEX(Dataset!$O$3:$O$12,J60) -> 2
A63: Same class as S₅ | B63: =IF(B62=Dataset!$O$7,1,0) -> 0 | C63: =IF(C62=Dataset!$O$7,1,0) -> 0 | D63: =IF(D62=Dataset!$O$7,1,0) -> 1 | E63: =IF(E62=Dataset!$O$7,1,0) -> 0 | F63: =IF(F62=Dataset!$O$7,1,0) -> 1 | G63: =IF(G62=Dataset!$O$7,1,0) -> 1 | H63: =IF(H62=Dataset!$O$7,1,0) -> 0 | I63: =IF(I62=Dataset!$O$7,1,0) -> 0 | J63: =IF(J62=Dataset!$O$7,1,0) -> 0
A64: Same-class count (1 … rank) | B64: =SUM($B63:B63) -> 0 | C64: =SUM($B63:C63) -> 0 | D64: =SUM($B63:D63) -> 1 | E64: =SUM($B63:E63) -> 1 | F64: =SUM($B63:F63) -> 2 | G64: =SUM($B63:G63) -> 3 | H64: =SUM($B63:H63) -> 3 | I64: =SUM($B63:I63) -> 3 | J64: =SUM($B63:J63) -> 3
A66: S₆ · class 1 — neighbours in ascending distance (target row 10 of the rank matrix)
A67: Rank | B67: 1 | C67: 2 | D67: 3 | E67: 4 | F67: 5 | G67: 6 | H67: 7 | I67: 8 | J67: 9
A68: k-neighbourhood | B68: =IF(AND(B$67>='Synthetic Features (k-NN)'!$G$9,B$67<='Synthetic Features (k-NN)'!$G$10,MOD(B$67-'Synthetic Features (k-NN)'!$G$9,2)=0),"k = "&B$67,"") | C68: =IF(AND(C$67>='Synthetic Features (k-NN)'!$G$9,C$67<='Synthetic Features (k-NN)'!$G$10,MOD(C$67-'Synthetic Features (k-NN)'!$G$9,2)=0),"k = "&C$67,"") | D68: =IF(AND(D$67>='Synthetic Features (k-NN)'!$G$9,D$67<='Synthetic Features (k-NN)'!$G$10,MOD(D$67-'Synthetic Features (k-NN)'!$G$9,2)=0),"k = "&D$67,"") -> k = 3 | E68: =IF(AND(E$67>='Synthetic Features (k-NN)'!$G$9,E$67<='Synthetic Features (k-NN)'!$G$10,MOD(E$67-'Synthetic Features (k-NN)'!$G$9,2)=0),"k = "&E$67,"") | F68: =IF(AND(F$67>='Synthetic Features (k-NN)'!$G$9,F$67<='Synthetic Features (k-NN)'!$G$10,MOD(F$67-'Synthetic Features (k-NN)'!$G$9,2)=0),"k = "&F$67,"") -> k = 5 | G68: =IF(AND(G$67>='Synthetic Features (k-NN)'!$G$9,G$67<='Synthetic Features (k-NN)'!$G$10,MOD(G$67-'Synthetic Features (k-NN)'!$G$9,2)=0),"k = "&G$67,"") | H68: =IF(AND(H$67>='Synthetic Features (k-NN)'!$G$9,H$67<='Synthetic Features (k-NN)'!$G$10,MOD(H$67-'Synthetic Features (k-NN)'!$G$9,2)=0),"k = "&H$67,"") | I68: =IF(AND(I$67>='Synthetic Features (k-NN)'!$G$9,I$67<='Synthetic Features (k-NN)'!$G$10,MOD(I$67-'Synthetic Features (k-NN)'!$G$9,2)=0),"k = "&I$67,"") | J68: =IF(AND(J$67>='Synthetic Features (k-NN)'!$G$9,J$67<='Synthetic Features (k-NN)'!$G$10,MOD(J$67-'Synthetic Features (k-NN)'!$G$9,2)=0),"k = "&J$67,"")
A69: Neighbour | B69: =INDEX('Zhuravlev Distances'!$B$4:$K$4,B70) -> S₃ | C69: =INDEX('Zhuravlev Distances'!$B$4:$K$4,C70) -> S₄ | D69: =INDEX('Zhuravlev Distances'!$B$4:$K$4,D70) -> S₈ | E69: =INDEX('Zhuravlev Distances'!$B$4:$K$4,E70) -> S₉ | F69: =INDEX('Zhuravlev Distances'!$B$4:$K$4,F70) -> S₂ | G69: =INDEX('Zhuravlev Distances'!$B$4:$K$4,G70) -> S₁ | H69: =INDEX('Zhuravlev Distances'!$B$4:$K$4,H70) -> S₅ | I69: =INDEX('Zhuravlev Distances'!$B$4:$K$4,I70) -> S₁₀ | J69: =INDEX('Zhuravlev Distances'!$B$4:$K$4,J70) -> S₇
A70: Original index | B70: =MATCH(B$67,$B$10:$K$10,0) -> 3 | C70: =MATCH(C$67,$B$10:$K$10,0) -> 4 | D70: =MATCH(D$67,$B$10:$K$10,0) -> 8 | E70: =MATCH(E$67,$B$10:$K$10,0) -> 9 | F70: =MATCH(F$67,$B$10:$K$10,0) -> 2 | G70: =MATCH(G$67,$B$10:$K$10,0) -> 1 | H70: =MATCH(H$67,$B$10:$K$10,0) -> 5 | I70: =MATCH(I$67,$B$10:$K$10,0) -> 10 | J70: =MATCH(J$67,$B$10:$K$10,0) -> 7
A71: ρ(S₆, neighbour) | B71: =INDEX('Zhuravlev Distances'!$B$10:$K$10,B70) -> 1.8031991 | C71: =INDEX('Zhuravlev Distances'!$B$10:$K$10,C70) -> 3.4022042 | D71: =INDEX('Zhuravlev Distances'!$B$10:$K$10,D70) -> 4.3181689 | E71: =INDEX('Zhuravlev Distances'!$B$10:$K$10,E70) -> 4.4162508 | F71: =INDEX('Zhuravlev Distances'!$B$10:$K$10,F70) -> 5.8595929 | G71: =INDEX('Zhuravlev Distances'!$B$10:$K$10,G70) -> 5.9056936 | H71: =INDEX('Zhuravlev Distances'!$B$10:$K$10,H70) -> 6.4159987 | I71: =INDEX('Zhuravlev Distances'!$B$10:$K$10,I70) -> 6.6181794 | J71: =INDEX('Zhuravlev Distances'!$B$10:$K$10,J70) -> 7.3708685
A72: Class | B72: =INDEX(Dataset!$O$3:$O$12,B70) -> 2 | C72: =INDEX(Dataset!$O$3:$O$12,C70) -> 1 | D72: =INDEX(Dataset!$O$3:$O$12,D70) -> 2 | E72: =INDEX(Dataset!$O$3:$O$12,E70) -> 2 | F72: =INDEX(Dataset!$O$3:$O$12,F70) -> 1 | G72: =INDEX(Dataset!$O$3:$O$12,G70) -> 2 | H72: =INDEX(Dataset!$O$3:$O$12,H70) -> 1 | I72: =INDEX(Dataset!$O$3:$O$12,I70) -> 2 | J72: =INDEX(Dataset!$O$3:$O$12,J70) -> 2
A73: Same class as S₆ | B73: =IF(B72=Dataset!$O$8,1,0) -> 0 | C73: =IF(C72=Dataset!$O$8,1,0) -> 1 | D73: =IF(D72=Dataset!$O$8,1,0) -> 0 | E73: =IF(E72=Dataset!$O$8,1,0) -> 0 | F73: =IF(F72=Dataset!$O$8,1,0) -> 1 | G73: =IF(G72=Dataset!$O$8,1,0) -> 0 | H73: =IF(H72=Dataset!$O$8,1,0) -> 1 | I73: =IF(I72=Dataset!$O$8,1,0) -> 0 | J73: =IF(J72=Dataset!$O$8,1,0) -> 0
A74: Same-class count (1 … rank) | B74: =SUM($B73:B73) -> 0 | C74: =SUM($B73:C73) -> 1 | D74: =SUM($B73:D73) -> 1 | E74: =SUM($B73:E73) -> 1 | F74: =SUM($B73:F73) -> 2 | G74: =SUM($B73:G73) -> 2 | H74: =SUM($B73:H73) -> 3 | I74: =SUM($B73:I73) -> 3 | J74: =SUM($B73:J73) -> 3
A76: S₇ · class 2 — neighbours in ascending distance (target row 11 of the rank matrix)
A77: Rank | B77: 1 | C77: 2 | D77: 3 | E77: 4 | F77: 5 | G77: 6 | H77: 7 | I77: 8 | J77: 9
A78: k-neighbourhood | B78: =IF(AND(B$77>='Synthetic Features (k-NN)'!$G$9,B$77<='Synthetic Features (k-NN)'!$G$10,MOD(B$77-'Synthetic Features (k-NN)'!$G$9,2)=0),"k = "&B$77,"") | C78: =IF(AND(C$77>='Synthetic Features (k-NN)'!$G$9,C$77<='Synthetic Features (k-NN)'!$G$10,MOD(C$77-'Synthetic Features (k-NN)'!$G$9,2)=0),"k = "&C$77,"") | D78: =IF(AND(D$77>='Synthetic Features (k-NN)'!$G$9,D$77<='Synthetic Features (k-NN)'!$G$10,MOD(D$77-'Synthetic Features (k-NN)'!$G$9,2)=0),"k = "&D$77,"") -> k = 3 | E78: =IF(AND(E$77>='Synthetic Features (k-NN)'!$G$9,E$77<='Synthetic Features (k-NN)'!$G$10,MOD(E$77-'Synthetic Features (k-NN)'!$G$9,2)=0),"k = "&E$77,"") | F78: =IF(AND(F$77>='Synthetic Features (k-NN)'!$G$9,F$77<='Synthetic Features (k-NN)'!$G$10,MOD(F$77-'Synthetic Features (k-NN)'!$G$9,2)=0),"k = "&F$77,"") -> k = 5 | G78: =IF(AND(G$77>='Synthetic Features (k-NN)'!$G$9,G$77<='Synthetic Features (k-NN)'!$G$10,MOD(G$77-'Synthetic Features (k-NN)'!$G$9,2)=0),"k = "&G$77,"") | H78: =IF(AND(H$77>='Synthetic Features (k-NN)'!$G$9,H$77<='Synthetic Features (k-NN)'!$G$10,MOD(H$77-'Synthetic Features (k-NN)'!$G$9,2)=0),"k = "&H$77,"") | I78: =IF(AND(I$77>='Synthetic Features (k-NN)'!$G$9,I$77<='Synthetic Features (k-NN)'!$G$10,MOD(I$77-'Synthetic Features (k-NN)'!$G$9,2)=0),"k = "&I$77,"") | J78: =IF(AND(J$77>='Synthetic Features (k-NN)'!$G$9,J$77<='Synthetic Features (k-NN)'!$G$10,MOD(J$77-'Synthetic Features (k-NN)'!$G$9,2)=0),"k = "&J$77,"")
A79: Neighbour | B79: =INDEX('Zhuravlev Distances'!$B$4:$K$4,B80) -> S₈ | C79: =INDEX('Zhuravlev Distances'!$B$4:$K$4,C80) -> S₄ | D79: =INDEX('Zhuravlev Distances'!$B$4:$K$4,D80) -> S₉ | E79: =INDEX('Zhuravlev Distances'!$B$4:$K$4,E80) -> S₁ | F79: =INDEX('Zhuravlev Distances'!$B$4:$K$4,F80) -> S₃ | G79: =INDEX('Zhuravlev Distances'!$B$4:$K$4,G80) -> S₂ | H79: =INDEX('Zhuravlev Distances'!$B$4:$K$4,H80) -> S₅ | I79: =INDEX('Zhuravlev Distances'!$B$4:$K$4,I80) -> S₆ | J79: =INDEX('Zhuravlev Distances'!$B$4:$K$4,J80) -> S₁₀
A80: Original index | B80: =MATCH(B$77,$B$11:$K$11,0) -> 8 | C80: =MATCH(C$77,$B$11:$K$11,0) -> 4 | D80: =MATCH(D$77,$B$11:$K$11,0) -> 9 | E80: =MATCH(E$77,$B$11:$K$11,0) -> 1 | F80: =MATCH(F$77,$B$11:$K$11,0) -> 3 | G80: =MATCH(G$77,$B$11:$K$11,0) -> 2 | H80: =MATCH(H$77,$B$11:$K$11,0) -> 5 | I80: =MATCH(I$77,$B$11:$K$11,0) -> 6 | J80: =MATCH(J$77,$B$11:$K$11,0) -> 10
A81: ρ(S₇, neighbour) | B81: =INDEX('Zhuravlev Distances'!$B$11:$K$11,B80) -> 3.8684891 | C81: =INDEX('Zhuravlev Distances'!$B$11:$K$11,C80) -> 5.1870262 | D81: =INDEX('Zhuravlev Distances'!$B$11:$K$11,D80) -> 5.4898268 | E81: =INDEX('Zhuravlev Distances'!$B$11:$K$11,E80) -> 6.5963636 | F81: =INDEX('Zhuravlev Distances'!$B$11:$K$11,F80) -> 6.6461408 | G81: =INDEX('Zhuravlev Distances'!$B$11:$K$11,G80) -> 6.655391 | H81: =INDEX('Zhuravlev Distances'!$B$11:$K$11,H80) -> 6.7119318 | I81: =INDEX('Zhuravlev Distances'!$B$11:$K$11,I80) -> 7.3708685 | J81: =INDEX('Zhuravlev Distances'!$B$11:$K$11,J80) -> 8.0250887
A82: Class | B82: =INDEX(Dataset!$O$3:$O$12,B80) -> 2 | C82: =INDEX(Dataset!$O$3:$O$12,C80) -> 1 | D82: =INDEX(Dataset!$O$3:$O$12,D80) -> 2 | E82: =INDEX(Dataset!$O$3:$O$12,E80) -> 2 | F82: =INDEX(Dataset!$O$3:$O$12,F80) -> 2 | G82: =INDEX(Dataset!$O$3:$O$12,G80) -> 1 | H82: =INDEX(Dataset!$O$3:$O$12,H80) -> 1 | I82: =INDEX(Dataset!$O$3:$O$12,I80) -> 1 | J82: =INDEX(Dataset!$O$3:$O$12,J80) -> 2
A83: Same class as S₇ | B83: =IF(B82=Dataset!$O$9,1,0) -> 1 | C83: =IF(C82=Dataset!$O$9,1,0) -> 0 | D83: =IF(D82=Dataset!$O$9,1,0) -> 1 | E83: =IF(E82=Dataset!$O$9,1,0) -> 1 | F83: =IF(F82=Dataset!$O$9,1,0) -> 1 | G83: =IF(G82=Dataset!$O$9,1,0) -> 0 | H83: =IF(H82=Dataset!$O$9,1,0) -> 0 | I83: =IF(I82=Dataset!$O$9,1,0) -> 0 | J83: =IF(J82=Dataset!$O$9,1,0) -> 1
A84: Same-class count (1 … rank) | B84: =SUM($B83:B83) -> 1 | C84: =SUM($B83:C83) -> 1 | D84: =SUM($B83:D83) -> 2 | E84: =SUM($B83:E83) -> 3 | F84: =SUM($B83:F83) -> 4 | G84: =SUM($B83:G83) -> 4 | H84: =SUM($B83:H83) -> 4 | I84: =SUM($B83:I83) -> 4 | J84: =SUM($B83:J83) -> 5
A86: S₈ · class 2 — neighbours in ascending distance (target row 12 of the rank matrix)
A87: Rank | B87: 1 | C87: 2 | D87: 3 | E87: 4 | F87: 5 | G87: 6 | H87: 7 | I87: 8 | J87: 9
A88: k-neighbourhood | B88: =IF(AND(B$87>='Synthetic Features (k-NN)'!$G$9,B$87<='Synthetic Features (k-NN)'!$G$10,MOD(B$87-'Synthetic Features (k-NN)'!$G$9,2)=0),"k = "&B$87,"") | C88: =IF(AND(C$87>='Synthetic Features (k-NN)'!$G$9,C$87<='Synthetic Features (k-NN)'!$G$10,MOD(C$87-'Synthetic Features (k-NN)'!$G$9,2)=0),"k = "&C$87,"") | D88: =IF(AND(D$87>='Synthetic Features (k-NN)'!$G$9,D$87<='Synthetic Features (k-NN)'!$G$10,MOD(D$87-'Synthetic Features (k-NN)'!$G$9,2)=0),"k = "&D$87,"") -> k = 3 | E88: =IF(AND(E$87>='Synthetic Features (k-NN)'!$G$9,E$87<='Synthetic Features (k-NN)'!$G$10,MOD(E$87-'Synthetic Features (k-NN)'!$G$9,2)=0),"k = "&E$87,"") | F88: =IF(AND(F$87>='Synthetic Features (k-NN)'!$G$9,F$87<='Synthetic Features (k-NN)'!$G$10,MOD(F$87-'Synthetic Features (k-NN)'!$G$9,2)=0),"k = "&F$87,"") -> k = 5 | G88: =IF(AND(G$87>='Synthetic Features (k-NN)'!$G$9,G$87<='Synthetic Features (k-NN)'!$G$10,MOD(G$87-'Synthetic Features (k-NN)'!$G$9,2)=0),"k = "&G$87,"") | H88: =IF(AND(H$87>='Synthetic Features (k-NN)'!$G$9,H$87<='Synthetic Features (k-NN)'!$G$10,MOD(H$87-'Synthetic Features (k-NN)'!$G$9,2)=0),"k = "&H$87,"") | I88: =IF(AND(I$87>='Synthetic Features (k-NN)'!$G$9,I$87<='Synthetic Features (k-NN)'!$G$10,MOD(I$87-'Synthetic Features (k-NN)'!$G$9,2)=0),"k = "&I$87,"") | J88: =IF(AND(J$87>='Synthetic Features (k-NN)'!$G$9,J$87<='Synthetic Features (k-NN)'!$G$10,MOD(J$87-'Synthetic Features (k-NN)'!$G$9,2)=0),"k = "&J$87,"")
A89: Neighbour | B89: =INDEX('Zhuravlev Distances'!$B$4:$K$4,B90) -> S₄ | C89: =INDEX('Zhuravlev Distances'!$B$4:$K$4,C90) -> S₉ | D89: =INDEX('Zhuravlev Distances'!$B$4:$K$4,D90) -> S₇ | E89: =INDEX('Zhuravlev Distances'!$B$4:$K$4,E90) -> S₆ | F89: =INDEX('Zhuravlev Distances'!$B$4:$K$4,F90) -> S₁ | G89: =INDEX('Zhuravlev Distances'!$B$4:$K$4,G90) -> S₃ | H89: =INDEX('Zhuravlev Distances'!$B$4:$K$4,H90) -> S₂ | I89: =INDEX('Zhuravlev Distances'!$B$4:$K$4,I90) -> S₁₀ | J89: =INDEX('Zhuravlev Distances'!$B$4:$K$4,J90) -> S₅
A90: Original index | B90: =MATCH(B$87,$B$12:$K$12,0) -> 4 | C90: =MATCH(C$87,$B$12:$K$12,0) -> 9 | D90: =MATCH(D$87,$B$12:$K$12,0) -> 7 | E90: =MATCH(E$87,$B$12:$K$12,0) -> 6 | F90: =MATCH(F$87,$B$12:$K$12,0) -> 1 | G90: =MATCH(G$87,$B$12:$K$12,0) -> 3 | H90: =MATCH(H$87,$B$12:$K$12,0) -> 2 | I90: =MATCH(I$87,$B$12:$K$12,0) -> 10 | J90: =MATCH(J$87,$B$12:$K$12,0) -> 5
A91: ρ(S₈, neighbour) | B91: =INDEX('Zhuravlev Distances'!$B$12:$K$12,B90) -> 2.6221819 | C91: =INDEX('Zhuravlev Distances'!$B$12:$K$12,C90) -> 2.709193 | D91: =INDEX('Zhuravlev Distances'!$B$12:$K$12,D90) -> 3.8684891 | E91: =INDEX('Zhuravlev Distances'!$B$12:$K$12,E90) -> 4.3181689 | F91: =INDEX('Zhuravlev Distances'!$B$12:$K$12,F90) -> 4.8157298 | G91: =INDEX('Zhuravlev Distances'!$B$12:$K$12,G90) -> 5.1035187 | H91: =INDEX('Zhuravlev Distances'!$B$12:$K$12,H90) -> 5.1247573 | I91: =INDEX('Zhuravlev Distances'!$B$12:$K$12,I90) -> 5.2444549 | J91: =INDEX('Zhuravlev Distances'!$B$12:$K$12,J90) -> 5.7470875
A92: Class | B92: =INDEX(Dataset!$O$3:$O$12,B90) -> 1 | C92: =INDEX(Dataset!$O$3:$O$12,C90) -> 2 | D92: =INDEX(Dataset!$O$3:$O$12,D90) -> 2 | E92: =INDEX(Dataset!$O$3:$O$12,E90) -> 1 | F92: =INDEX(Dataset!$O$3:$O$12,F90) -> 2 | G92: =INDEX(Dataset!$O$3:$O$12,G90) -> 2 | H92: =INDEX(Dataset!$O$3:$O$12,H90) -> 1 | I92: =INDEX(Dataset!$O$3:$O$12,I90) -> 2 | J92: =INDEX(Dataset!$O$3:$O$12,J90) -> 1
A93: Same class as S₈ | B93: =IF(B92=Dataset!$O$10,1,0) -> 0 | C93: =IF(C92=Dataset!$O$10,1,0) -> 1 | D93: =IF(D92=Dataset!$O$10,1,0) -> 1 | E93: =IF(E92=Dataset!$O$10,1,0) -> 0 | F93: =IF(F92=Dataset!$O$10,1,0) -> 1 | G93: =IF(G92=Dataset!$O$10,1,0) -> 1 | H93: =IF(H92=Dataset!$O$10,1,0) -> 0 | I93: =IF(I92=Dataset!$O$10,1,0) -> 1 | J93: =IF(J92=Dataset!$O$10,1,0) -> 0
A94: Same-class count (1 … rank) | B94: =SUM($B93:B93) -> 0 | C94: =SUM($B93:C93) -> 1 | D94: =SUM($B93:D93) -> 2 | E94: =SUM($B93:E93) -> 2 | F94: =SUM($B93:F93) -> 3 | G94: =SUM($B93:G93) -> 4 | H94: =SUM($B93:H93) -> 4 | I94: =SUM($B93:I93) -> 5 | J94: =SUM($B93:J93) -> 5
A96: S₉ · class 2 — neighbours in ascending distance (target row 13 of the rank matrix)
A97: Rank | B97: 1 | C97: 2 | D97: 3 | E97: 4 | F97: 5 | G97: 6 | H97: 7 | I97: 8 | J97: 9
A98: k-neighbourhood | B98: =IF(AND(B$97>='Synthetic Features (k-NN)'!$G$9,B$97<='Synthetic Features (k-NN)'!$G$10,MOD(B$97-'Synthetic Features (k-NN)'!$G$9,2)=0),"k = "&B$97,"") | C98: =IF(AND(C$97>='Synthetic Features (k-NN)'!$G$9,C$97<='Synthetic Features (k-NN)'!$G$10,MOD(C$97-'Synthetic Features (k-NN)'!$G$9,2)=0),"k = "&C$97,"") | D98: =IF(AND(D$97>='Synthetic Features (k-NN)'!$G$9,D$97<='Synthetic Features (k-NN)'!$G$10,MOD(D$97-'Synthetic Features (k-NN)'!$G$9,2)=0),"k = "&D$97,"") -> k = 3 | E98: =IF(AND(E$97>='Synthetic Features (k-NN)'!$G$9,E$97<='Synthetic Features (k-NN)'!$G$10,MOD(E$97-'Synthetic Features (k-NN)'!$G$9,2)=0),"k = "&E$97,"") | F98: =IF(AND(F$97>='Synthetic Features (k-NN)'!$G$9,F$97<='Synthetic Features (k-NN)'!$G$10,MOD(F$97-'Synthetic Features (k-NN)'!$G$9,2)=0),"k = "&F$97,"") -> k = 5 | G98: =IF(AND(G$97>='Synthetic Features (k-NN)'!$G$9,G$97<='Synthetic Features (k-NN)'!$G$10,MOD(G$97-'Synthetic Features (k-NN)'!$G$9,2)=0),"k = "&G$97,"") | H98: =IF(AND(H$97>='Synthetic Features (k-NN)'!$G$9,H$97<='Synthetic Features (k-NN)'!$G$10,MOD(H$97-'Synthetic Features (k-NN)'!$G$9,2)=0),"k = "&H$97,"") | I98: =IF(AND(I$97>='Synthetic Features (k-NN)'!$G$9,I$97<='Synthetic Features (k-NN)'!$G$10,MOD(I$97-'Synthetic Features (k-NN)'!$G$9,2)=0),"k = "&I$97,"") | J98: =IF(AND(J$97>='Synthetic Features (k-NN)'!$G$9,J$97<='Synthetic Features (k-NN)'!$G$10,MOD(J$97-'Synthetic Features (k-NN)'!$G$9,2)=0),"k = "&J$97,"")
A99: Neighbour | B99: =INDEX('Zhuravlev Distances'!$B$4:$K$4,B100) -> S₈ | C99: =INDEX('Zhuravlev Distances'!$B$4:$K$4,C100) -> S₁₀ | D99: =INDEX('Zhuravlev Distances'!$B$4:$K$4,D100) -> S₁ | E99: =INDEX('Zhuravlev Distances'!$B$4:$K$4,E100) -> S₄ | F99: =INDEX('Zhuravlev Distances'!$B$4:$K$4,F100) -> S₆ | G99: =INDEX('Zhuravlev Distances'!$B$4:$K$4,G100) -> S₂ | H99: =INDEX('Zhuravlev Distances'!$B$4:$K$4,H100) -> S₃ | I99: =INDEX('Zhuravlev Distances'!$B$4:$K$4,I100) -> S₇ | J99: =INDEX('Zhuravlev Distances'!$B$4:$K$4,J100) -> S₅
A100: Original index | B100: =MATCH(B$97,$B$13:$K$13,0) -> 8 | C100: =MATCH(C$97,$B$13:$K$13,0) -> 10 | D100: =MATCH(D$97,$B$13:$K$13,0) -> 1 | E100: =MATCH(E$97,$B$13:$K$13,0) -> 4 | F100: =MATCH(F$97,$B$13:$K$13,0) -> 6 | G100: =MATCH(G$97,$B$13:$K$13,0) -> 2 | H100: =MATCH(H$97,$B$13:$K$13,0) -> 3 | I100: =MATCH(I$97,$B$13:$K$13,0) -> 7 | J100: =MATCH(J$97,$B$13:$K$13,0) -> 5
A101: ρ(S₉, neighbour) | B101: =INDEX('Zhuravlev Distances'!$B$13:$K$13,B100) -> 2.709193 | C101: =INDEX('Zhuravlev Distances'!$B$13:$K$13,C100) -> 3.0275696 | D101: =INDEX('Zhuravlev Distances'!$B$13:$K$13,D100) -> 3.4680753 | E101: =INDEX('Zhuravlev Distances'!$B$13:$K$13,E100) -> 4.1962328 | F101: =INDEX('Zhuravlev Distances'!$B$13:$K$13,F100) -> 4.4162508 | G101: =INDEX('Zhuravlev Distances'!$B$13:$K$13,G100) -> 4.6399233 | H101: =INDEX('Zhuravlev Distances'!$B$13:$K$13,H100) -> 4.9990166 | I101: =INDEX('Zhuravlev Distances'!$B$13:$K$13,I100) -> 5.4898268 | J101: =INDEX('Zhuravlev Distances'!$B$13:$K$13,J100) -> 7.6901307
A102: Class | B102: =INDEX(Dataset!$O$3:$O$12,B100) -> 2 | C102: =INDEX(Dataset!$O$3:$O$12,C100) -> 2 | D102: =INDEX(Dataset!$O$3:$O$12,D100) -> 2 | E102: =INDEX(Dataset!$O$3:$O$12,E100) -> 1 | F102: =INDEX(Dataset!$O$3:$O$12,F100) -> 1 | G102: =INDEX(Dataset!$O$3:$O$12,G100) -> 1 | H102: =INDEX(Dataset!$O$3:$O$12,H100) -> 2 | I102: =INDEX(Dataset!$O$3:$O$12,I100) -> 2 | J102: =INDEX(Dataset!$O$3:$O$12,J100) -> 1
A103: Same class as S₉ | B103: =IF(B102=Dataset!$O$11,1,0) -> 1 | C103: =IF(C102=Dataset!$O$11,1,0) -> 1 | D103: =IF(D102=Dataset!$O$11,1,0) -> 1 | E103: =IF(E102=Dataset!$O$11,1,0) -> 0 | F103: =IF(F102=Dataset!$O$11,1,0) -> 0 | G103: =IF(G102=Dataset!$O$11,1,0) -> 0 | H103: =IF(H102=Dataset!$O$11,1,0) -> 1 | I103: =IF(I102=Dataset!$O$11,1,0) -> 1 | J103: =IF(J102=Dataset!$O$11,1,0) -> 0
A104: Same-class count (1 … rank) | B104: =SUM($B103:B103) -> 1 | C104: =SUM($B103:C103) -> 2 | D104: =SUM($B103:D103) -> 3 | E104: =SUM($B103:E103) -> 3 | F104: =SUM($B103:F103) -> 3 | G104: =SUM($B103:G103) -> 3 | H104: =SUM($B103:H103) -> 4 | I104: =SUM($B103:I103) -> 5 | J104: =SUM($B103:J103) -> 5
A106: S₁₀ · class 2 — neighbours in ascending distance (target row 14 of the rank matrix)
A107: Rank | B107: 1 | C107: 2 | D107: 3 | E107: 4 | F107: 5 | G107: 6 | H107: 7 | I107: 8 | J107: 9
A108: k-neighbourhood | B108: =IF(AND(B$107>='Synthetic Features (k-NN)'!$G$9,B$107<='Synthetic Features (k-NN)'!$G$10,MOD(B$107-'Synthetic Features (k-NN)'!$G$9,2)=0),"k = "&B$107,"") | C108: =IF(AND(C$107>='Synthetic Features (k-NN)'!$G$9,C$107<='Synthetic Features (k-NN)'!$G$10,MOD(C$107-'Synthetic Features (k-NN)'!$G$9,2)=0),"k = "&C$107,"") | D108: =IF(AND(D$107>='Synthetic Features (k-NN)'!$G$9,D$107<='Synthetic Features (k-NN)'!$G$10,MOD(D$107-'Synthetic Features (k-NN)'!$G$9,2)=0),"k = "&D$107,"") -> k = 3 | E108: =IF(AND(E$107>='Synthetic Features (k-NN)'!$G$9,E$107<='Synthetic Features (k-NN)'!$G$10,MOD(E$107-'Synthetic Features (k-NN)'!$G$9,2)=0),"k = "&E$107,"") | F108: =IF(AND(F$107>='Synthetic Features (k-NN)'!$G$9,F$107<='Synthetic Features (k-NN)'!$G$10,MOD(F$107-'Synthetic Features (k-NN)'!$G$9,2)=0),"k = "&F$107,"") -> k = 5 | G108: =IF(AND(G$107>='Synthetic Features (k-NN)'!$G$9,G$107<='Synthetic Features (k-NN)'!$G$10,MOD(G$107-'Synthetic Features (k-NN)'!$G$9,2)=0),"k = "&G$107,"") | H108: =IF(AND(H$107>='Synthetic Features (k-NN)'!$G$9,H$107<='Synthetic Features (k-NN)'!$G$10,MOD(H$107-'Synthetic Features (k-NN)'!$G$9,2)=0),"k = "&H$107,"") | I108: =IF(AND(I$107>='Synthetic Features (k-NN)'!$G$9,I$107<='Synthetic Features (k-NN)'!$G$10,MOD(I$107-'Synthetic Features (k-NN)'!$G$9,2)=0),"k = "&I$107,"") | J108: =IF(AND(J$107>='Synthetic Features (k-NN)'!$G$9,J$107<='Synthetic Features (k-NN)'!$G$10,MOD(J$107-'Synthetic Features (k-NN)'!$G$9,2)=0),"k = "&J$107,"")
A109: Neighbour | B109: =INDEX('Zhuravlev Distances'!$B$4:$K$4,B110) -> S₉ | C109: =INDEX('Zhuravlev Distances'!$B$4:$K$4,C110) -> S₁ | D109: =INDEX('Zhuravlev Distances'!$B$4:$K$4,D110) -> S₂ | E109: =INDEX('Zhuravlev Distances'!$B$4:$K$4,E110) -> S₈ | F109: =INDEX('Zhuravlev Distances'!$B$4:$K$4,F110) -> S₄ | G109: =INDEX('Zhuravlev Distances'!$B$4:$K$4,G110) -> S₆ | H109: =INDEX('Zhuravlev Distances'!$B$4:$K$4,H110) -> S₃ | I109: =INDEX('Zhuravlev Distances'!$B$4:$K$4,I110) -> S₅ | J109: =INDEX('Zhuravlev Distances'!$B$4:$K$4,J110) -> S₇
A110: Original index | B110: =MATCH(B$107,$B$14:$K$14,0) -> 9 | C110: =MATCH(C$107,$B$14:$K$14,0) -> 1 | D110: =MATCH(D$107,$B$14:$K$14,0) -> 2 | E110: =MATCH(E$107,$B$14:$K$14,0) -> 8 | F110: =MATCH(F$107,$B$14:$K$14,0) -> 4 | G110: =MATCH(G$107,$B$14:$K$14,0) -> 6 | H110: =MATCH(H$107,$B$14:$K$14,0) -> 3 | I110: =MATCH(I$107,$B$14:$K$14,0) -> 5 | J110: =MATCH(J$107,$B$14:$K$14,0) -> 7
A111: ρ(S₁₀, neighbour) | B111: =INDEX('Zhuravlev Distances'!$B$14:$K$14,B110) -> 3.0275696 | C111: =INDEX('Zhuravlev Distances'!$B$14:$K$14,C110) -> 4.2218875 | D111: =INDEX('Zhuravlev Distances'!$B$14:$K$14,D110) -> 4.2267936 | E111: =INDEX('Zhuravlev Distances'!$B$14:$K$14,E110) -> 5.2444549 | F111: =INDEX('Zhuravlev Distances'!$B$14:$K$14,F110) -> 6.3981614 | G111: =INDEX('Zhuravlev Distances'!$B$14:$K$14,G110) -> 6.6181794 | H111: =INDEX('Zhuravlev Distances'!$B$14:$K$14,H110) -> 7.5342785 | I111: =INDEX('Zhuravlev Distances'!$B$14:$K$14,I110) -> 7.8920592 | J111: =INDEX('Zhuravlev Distances'!$B$14:$K$14,J110) -> 8.0250887
...

Sheet Synthetic Features (k-NN)
A1: Step 4 · Synthetic Features based on k-NN — same-class neighbours of Sᵢ for k = k_min … k_max
A3: Synthetic Features based on k-NN | F3: Experiment parameters
A4: № | B4: =IF($G$9<=$G$10,$G$9,"—") -> 3 | C4: =IF($G$9+2<=$G$10,$G$9+2,"—") -> 5 | D4: Class | F4: Objects m | G4: =COUNT(Dataset!O3:O12) -> 10
A5: S₁ | B5: =IF(ISNUMBER(B$4),INDEX('Sorted Neighbors'!$B$24:$J$24,B$4),"—") -> 3 | C5: =IF(ISNUMBER(C$4),INDEX('Sorted Neighbors'!$B$24:$J$24,C$4),"—") -> 3 | D5: =Dataset!O3 -> 2 | F5: Neighbours per object (m − 1) | G5: =G4-1 -> 9
A6: S₂ | B6: =IF(ISNUMBER(B$4),INDEX('Sorted Neighbors'!$B$34:$J$34,B$4),"—") -> 0 | C6: =IF(ISNUMBER(C$4),INDEX('Sorted Neighbors'!$B$34:$J$34,C$4),"—") -> 1 | D6: =Dataset!O4 -> 1 | F6: |K1| (objects of class 1) | G6: =COUNTIF(Dataset!O3:O12,1) -> 4
A7: S₃ | B7: =IF(ISNUMBER(B$4),INDEX('Sorted Neighbors'!$B$44:$J$44,B$4),"—") -> 1 | C7: =IF(ISNUMBER(C$4),INDEX('Sorted Neighbors'!$B$44:$J$44,C$4),"—") -> 2 | D7: =Dataset!O5 -> 2 | F7: |K2| (objects of class 2) | G7: =COUNTIF(Dataset!O3:O12,2) -> 6
A8: S₄ | B8: =IF(ISNUMBER(B$4),INDEX('Sorted Neighbors'!$B$54:$J$54,B$4),"—") -> 1 | C8: =IF(ISNUMBER(C$4),INDEX('Sorted Neighbors'!$B$54:$J$54,C$4),"—") -> 1 | D8: =Dataset!O6 -> 1 | F8: min |Kᵢ| (smallest class) | G8: =MIN(G6,G7) -> 4
A9: S₅ | B9: =IF(ISNUMBER(B$4),INDEX('Sorted Neighbors'!$B$64:$J$64,B$4),"—") -> 1 | C9: =IF(ISNUMBER(C$4),INDEX('Sorted Neighbors'!$B$64:$J$64,C$4),"—") -> 2 | D9: =Dataset!O7 -> 1 | F9: k_min (fixed for every dataset) | G9: 3
A10: S₆ | B10: =IF(ISNUMBER(B$4),INDEX('Sorted Neighbors'!$B$74:$J$74,B$4),"—") -> 1 | C10: =IF(ISNUMBER(C$4),INDEX('Sorted Neighbors'!$B$74:$J$74,C$4),"—") -> 2 | D10: =Dataset!O8 -> 1 | F10: k_max = 2 · min |Kᵢ| − 3 | G10: =2*G8-3 -> 5
A11: S₇ | B11: =IF(ISNUMBER(B$4),INDEX('Sorted Neighbors'!$B$84:$J$84,B$4),"—") -> 2 | C11: =IF(ISNUMBER(C$4),INDEX('Sorted Neighbors'!$B$84:$J$84,C$4),"—") -> 4 | D11: =Dataset!O9 -> 2 | F11: Permitted k (odd, k_min … k_max) | G11: =IF(ISNUMBER(B4),B4&IF(ISNUMBER(C4),", "&C4,""),"none") -> 3, 5
A12: S₈ | B12: =IF(ISNUMBER(B$4),INDEX('Sorted Neighbors'!$B$94:$J$94,B$4),"—") -> 2 | C12: =IF(ISNUMBER(C$4),INDEX('Sorted Neighbors'!$B$94:$J$94,C$4),"—") -> 3 | D12: =Dataset!O10 -> 2 | F12: Number of permitted k | G12: =IF(G10<G9,0,INT((G10-G9)/2)+1) -> 2
A13: S₉ | B13: =IF(ISNUMBER(B$4),INDEX('Sorted Neighbors'!$B$104:$J$104,B$4),"—") -> 3 | C13: =IF(ISNUMBER(C$4),INDEX('Sorted Neighbors'!$B$104:$J$104,C$4),"—") -> 3 | D13: =Dataset!O11 -> 2 | F13: Table check | G13: =IF(G12=2,"✓ all permitted k are in the table",IF(G12>2,"⚠ "&G12&" permitted k: add "&(G12-2)&" column(s)","✓ "&G12&" permitted k; unused columns show —")) -> ✓ all permitted k are in the table
A14: S₁₀ | B14: =IF(ISNUMBER(B$4),INDEX('Sorted Neighbors'!$B$114:$J$114,B$4),"—") -> 2 | C14: =IF(ISNUMBER(C$4),INDEX('Sorted Neighbors'!$B$114:$J$114,C$4),"—") -> 3 | D14: =Dataset!O12 -> 2 | F14: Metric | G14: Zhuravlev
F15: Tie rule | G15: smaller original index first
A17: Cell value = number of the k nearest neighbours (Step 3 order) whose class equals the class of Sᵢ.
A18: Only the k permitted by k_max = 2 · min |Kᵢ| − 3 are used: odd k from k_min = 3 (fixed for every dataset) up to k_max. |K1| and |K2| are counted from the Dataset classes, so k_max follows the data.
A19: At k = k_max a same-class majority needs (k + 1) / 2 = min |Kᵢ| − 1 neighbours, i.e. all other objects of the smallest class.
A20: Headers are formulas k_min + 2t shown as “k = …”; a column shows “—” if its k leaves the range, and the check row reports when the class sizes call for a different number of columns. If min |Kᵢ| < 3, no k is permitted.
