Workbook

Sheet Overview
B2: Regularized Stacking Ensemble with HAG
B3: Experiment on the Heart-Disease dataset · 10 objects · 13 features · 2 classes
B5: Workbook map
B6: # | C6: Sheet | D6: Stage | E6: What it contains
B7: 1 | C7: Dataset | D7: 1 · Input data | E7: Original sample: 10 objects (S₁–S₁₀) × 13 features (x₁–x₁₃) with class labels (K1 = 4, K2 = 6); feature-type flags (1 = quantitative, 0 = nominal) and the split into 6 quantitative and 7 nominal features.
B8: 2 | C8: Quantitative | D8: 2 · Feature analysis | E8: Quantitative features: Criterion 1 boundary values and weights, per-feature class-sorted tables, conversion to a nominal scale, gradations, weights and contributions of gradations, and the features expressed as contribution values.
B9: 3 | C9: Nominal | D9: 2 · Feature analysis | E9: Nominal features: class-sorted table, gradations with a helper list, gradation parameters, λ, β and weight ω of each feature, contributions of gradations, and the features expressed as contribution values.
B10: 4 | C10: Dataset (Contribution & Weight) | D10: 3 · Weighted dataset | E10: All 13 features expressed as contribution values, with the weight of every feature and its rank (1 = highest weight).
B11: 5 | C11: Greedy upon Weight (1-Latent) | D11: 4 · Latent feature 1 | E11: Greedy search upon weight: STEP 1 initialisation, STEP 2 selection of the highest-weight feature, STEP 3 generalised assessment of every remaining candidate, and STEP 4 majorizing (sigmoid) function → latent feature 1.
B12: 6 | C12: Greedy upon Weight (2-Latent) | D12: 4 · Latent feature 2 | E12: Same greedy procedure (STEPS 3–4, majorizing function, STEP 4 check) building latent feature 2.
B13: 7 | C13: Greedy upon Weight (3-Latent) | D13: 4 · Latent feature 3 | E13: Same greedy procedure (STEPS 3–4, majorizing function, STEP 4 check) building latent feature 3.
B14: 8 | C14: Greedy upon Weight (4-Latent) | D14: 4 · Latent feature 4 | E14: Same greedy procedure (STEPS 3–4, majorizing function, STEP 4 check) building latent feature 4.
B15: 9 | C15: Dataset for Meta-algorithm | D15: 5 · Output | E15: Final dataset for the meta-algorithm: 5 initial features y₀–y₄ (from x₃, x₆, x₁₃, x₄, x₉) and 4 latent features r₁–r₄, with class labels.
B17: Key figures
B18: # | C18: Figure | D18: Value | E18: Linked to
B19: 1 | C19: Objects (samples) | D19: =COUNT(Dataset!O3:O12) -> 10 | E19: Dataset · O3:O12
B20: 2 | C20: Features in the original dataset | D20: =COUNT(Dataset!B3:N3) -> 13 | E20: Dataset · B3:N3
B21: 3 | C21: Classes | D21: =SUMPRODUCT(1/COUNTIF(Dataset!O3:O12,Dataset!O3:O12)) -> 2 | E21: Dataset · O3:O12
B22: 4 | C22: Objects in class 1 (K1) | D22: =COUNTIF(Dataset!O3:O12,1) -> 4 | E22: Dataset · O3:O12
B23: 5 | C23: Objects in class 2 (K2) | D23: =COUNTIF(Dataset!O3:O12,2) -> 6 | E23: Dataset · O3:O12
B24: 6 | C24: Quantitative features | D24: =Dataset!F17 -> 6 | E24: Dataset · F17
B25: 7 | C25: Nominal features | D25: =Dataset!P17 -> 7 | E25: Dataset · P17
B26: 8 | C26: Initial features kept for the meta-algorithm | D26: ='Dataset for Meta-algorithm'!E14 -> 5 | E26: Dataset for Meta-algorithm · E14
B27: 9 | C27: Latent (additional) features created | D27: ='Dataset for Meta-algorithm'!M14 -> 4 | E27: Dataset for Meta-algorithm · M14
B28: 10 | C28: Features in the meta-dataset | D28: =D26+D27 -> 9 | E28: D26 + D27 (initial kept + latent)
B30: Colour legend
B31: Aa | C31: Sheet title / main table title
B32: Aa | C32: Section title, STEP box
B33: Aa | C33: Column header (feature symbols x₁…x₁₃, y, r, …)
B34: Aa | C34: Object label S₁…S₁₀ and row captions
B35: Aa | C35: Quantitative feature values
B36: Aa | C36: Nominal feature values
B37: Aa | C37: Class label (1 / 2)
B38: Aa | C38: Selected feature / highlighted result
B39: Aa | C39: Initial features in the meta-dataset
B40: Aa | C40: Additional (latent) features in the meta-dataset
B41: Aa | C41: Key label (counts, sign / colour keys)
B43: Notes
B44: • Symbols such as x₁, S₁, ω_c and η_c in the sheets are Office-Math equation objects placed over the cells; they display fully in Excel for Windows / Mac.
B45: • All numbers, formulas and results are identical to the original workbook; only formatting, colours, print setup and this Overview sheet were added. Numbers keep the original General display.
B46: • Every sheet is set up to print landscape on A4, one page wide, with the workbook name, sheet name and page numbers in the header / footer.

Sheet Dataset
A1: Heart + Disease (10, 13, 2)
A2: № | O2: Class | Q2: K1 = 4
B3: 70 | C3: 1 | D3: 4 | E3: 130 | F3: 322 | G3: 0 | H3: 2 | I3: 109 | J3: 0 | K3: 2.4 | L3: 2 | M3: 3 | N3: 3 | O3: 2 | Q3: K2 = 6
B4: 67 | C4: 0 | D4: 3 | E4: 115 | F4: 564 | G4: 0 | H4: 2 | I4: 160 | J4: 0 | K4: 1.6 | L4: 2 | M4: 0 | N4: 7 | O4: 1
B5: 57 | C5: 1 | D5: 2 | E5: 124 | F5: 261 | G5: 0 | H5: 0 | I5: 141 | J5: 0 | K5: 0.3 | L5: 1 | M5: 0 | N5: 7 | O5: 2 | Q5: Sign of Quantitative Features - | T5: 1
B6: 64 | C6: 1 | D6: 4 | E6: 128 | F6: 263 | G6: 0 | H6: 0 | I6: 105 | J6: 1 | K6: 0.2 | L6: 2 | M6: 1 | N6: 7 | O6: 1 | Q6: Sign of Nominal Features - | T6: 0
B7: 74 | C7: 0 | D7: 2 | E7: 120 | F7: 269 | G7: 0 | H7: 2 | I7: 121 | J7: 1 | K7: 0.2 | L7: 1 | M7: 1 | N7: 3 | O7: 1
B8: 65 | C8: 1 | D8: 4 | E8: 120 | F8: 177 | G8: 0 | H8: 0 | I8: 140 | J8: 0 | K8: 0.4 | L8: 1 | M8: 0 | N8: 7 | O8: 1
B9: 56 | C9: 1 | D9: 3 | E9: 130 | F9: 256 | G9: 1 | H9: 2 | I9: 142 | J9: 1 | K9: 0.6 | L9: 2 | M9: 1 | N9: 6 | O9: 2
B10: 59 | C10: 1 | D10: 4 | E10: 110 | F10: 239 | G10: 0 | H10: 2 | I10: 142 | J10: 1 | K10: 1.2 | L10: 2 | M10: 1 | N10: 7 | O10: 2
B11: 60 | C11: 1 | D11: 4 | E11: 140 | F11: 293 | G11: 0 | H11: 2 | I11: 170 | J11: 0 | K11: 1.2 | L11: 2 | M11: 2 | N11: 7 | O11: 2
B12: 63 | C12: 0 | D12: 4 | E12: 150 | F12: 407 | G12: 0 | H12: 2 | I12: 154 | J12: 0 | K12: 4 | L12: 2 | M12: 3 | N12: 7 | O12: 2
B13: 1 | C13: 0 | D13: 0 | E13: 1 | F13: 1 | G13: 0 | H13: 0 | I13: 1 | J13: 0 | K13: 1 | L13: 0 | M13: 1 | N13: 0
B17: Total Number of Quantitative Features - | F17: 6 | L17: Total Number of Nominal Features - | P17: 7
A19: Quantitative Features | K19: Nominal Features
A20: № | H20: Class | K20: № | S20: Class
B21: 70 | C21: 130 | D21: 322 | E21: 109 | F21: 2.4 | G21: 3 | H21: 2 | L21: 1 | M21: 4 | N21: 0 | O21: 2 | P21: 0 | Q21: 2 | R21: 3 | S21: 2
B22: 67 | C22: 115 | D22: 564 | E22: 160 | F22: 1.6 | G22: 0 | H22: 1 | L22: 0 | M22: 3 | N22: 0 | O22: 2 | P22: 0 | Q22: 2 | R22: 7 | S22: 1
B23: 57 | C23: 124 | D23: 261 | E23: 141 | F23: 0.3 | G23: 0 | H23: 2 | L23: 1 | M23: 2 | N23: 0 | O23: 0 | P23: 0 | Q23: 1 | R23: 7 | S23: 2
B24: 64 | C24: 128 | D24: 263 | E24: 105 | F24: 0.2 | G24: 1 | H24: 1 | L24: 1 | M24: 4 | N24: 0 | O24: 0 | P24: 1 | Q24: 2 | R24: 7 | S24: 1
B25: 74 | C25: 120 | D25: 269 | E25: 121 | F25: 0.2 | G25: 1 | H25: 1 | L25: 0 | M25: 2 | N25: 0 | O25: 2 | P25: 1 | Q25: 1 | R25: 3 | S25: 1
B26: 65 | C26: 120 | D26: 177 | E26: 140 | F26: 0.4 | G26: 0 | H26: 1 | L26: 1 | M26: 4 | N26: 0 | O26: 0 | P26: 0 | Q26: 1 | R26: 7 | S26: 1
B27: 56 | C27: 130 | D27: 256 | E27: 142 | F27: 0.6 | G27: 1 | H27: 2 | L27: 1 | M27: 3 | N27: 1 | O27: 2 | P27: 1 | Q27: 2 | R27: 6 | S27: 2
B28: 59 | C28: 110 | D28: 239 | E28: 142 | F28: 1.2 | G28: 1 | H28: 2 | L28: 1 | M28: 4 | N28: 0 | O28: 2 | P28: 1 | Q28: 2 | R28: 7 | S28: 2
B29: 60 | C29: 140 | D29: 293 | E29: 170 | F29: 1.2 | G29: 2 | H29: 2 | L29: 1 | M29: 4 | N29: 0 | O29: 2 | P29: 0 | Q29: 2 | R29: 7 | S29: 2
B30: 63 | C30: 150 | D30: 407 | E30: 154 | F30: 4 | G30: 3 | H30: 2 | L30: 0 | M30: 4 | N30: 0 | O30: 2 | P30: 0 | Q30: 2 | R30: 7 | S30: 2
B31: 1 | C31: 1 | D31: 1 | E31: 1 | F31: 1 | G31: 1 | L31: 0 | M31: 0 | N31: 0 | O31: 0 | P31: 0 | Q31: 0 | R31: 0

Sheet Quantitative
A1: Quantitative Features
A2: № | H2: Class | K2: K1 = 4
B3: 70 | C3: 130 | D3: 322 | E3: 109 | F3: 2.4 | G3: 3 | H3: 2 | K3: K2 = 6 | M3: Color and Sign of Quantitative Features - | Q3: 1
B4: 67 | C4: 115 | D4: 564 | E4: 160 | F4: 1.6 | G4: 0 | H4: 1
B5: 57 | C5: 124 | D5: 261 | E5: 141 | F5: 0.3 | G5: 0 | H5: 2
B6: 64 | C6: 128 | D6: 263 | E6: 105 | F6: 0.2 | G6: 1 | H6: 1 | K6: Criterion 1
B7: 74 | C7: 120 | D7: 269 | E7: 121 | F7: 0.2 | G7: 1 | H7: 1 | K7: №
B8: 65 | C8: 120 | D8: 177 | E8: 140 | F8: 0.4 | G8: 0 | H8: 1 | L8: 56 | M8: 63 | N8: 74 | O8: 0.634921
B9: 56 | C9: 130 | D9: 256 | E9: 142 | F9: 0.6 | G9: 1 | H9: 2 | L9: 110 | M9: 120 | N9: 150 | O9: 0.412698
B10: 59 | C10: 110 | D10: 239 | E10: 142 | F10: 1.2 | G10: 1 | H10: 2 | L10: 177 | M10: 177 | N10: 564 | O10: 0.214286
B11: 60 | C11: 140 | D11: 293 | E11: 170 | F11: 1.2 | G11: 2 | H11: 2 | L11: 105 | M11: 140 | N11: 170 | O11: 0.412698
B12: 63 | C12: 150 | D12: 407 | E12: 154 | F12: 4 | G12: 3 | H12: 2 | L12: 0.2 | M12: 0.4 | N12: 4 | O12: 0.412698
B13: 1 | C13: 1 | D13: 1 | E13: 1 | F13: 1 | G13: 1 | L13: 0 | M13: 0 | N13: 3 | O13: 0.285714
A17: № | C17: Class | E17: № | G17: Class | I17: № | K17: Class | M17: № | O17: Class | Q17: № | S17: Class | U17: № | W17: Class
B18: 56 | C18: 2 | F18: 110 | G18: 2 | J18: 177 | K18: 1 | N18: 105 | O18: 1 | R18: 0.2 | S18: 1 | V18: 0 | W18: 1
B19: 57 | C19: 2 | F19: 115 | G19: 1 | J19: 239 | K19: 2 | N19: 109 | O19: 2 | R19: 0.2 | S19: 1 | V19: 0 | W19: 2
B20: 59 | C20: 2 | F20: 120 | G20: 1 | J20: 256 | K20: 2 | N20: 121 | O20: 1 | R20: 0.3 | S20: 2 | V20: 0 | W20: 1
B21: 60 | C21: 2 | F21: 120 | G21: 1 | J21: 261 | K21: 2 | N21: 140 | O21: 1 | R21: 0.4 | S21: 1 | V21: 1 | W21: 1
B22: 63 | C22: 2 | F22: 124 | G22: 2 | J22: 263 | K22: 1 | N22: 141 | O22: 2 | R22: 0.6 | S22: 2 | V22: 1 | W22: 1
B23: 64 | C23: 1 | F23: 128 | G23: 1 | J23: 269 | K23: 1 | N23: 142 | O23: 2 | R23: 1.2 | S23: 2 | V23: 1 | W23: 2
B24: 65 | C24: 1 | F24: 130 | G24: 2 | J24: 293 | K24: 2 | N24: 142 | O24: 2 | R24: 1.2 | S24: 2 | V24: 1 | W24: 2
B25: 67 | C25: 1 | F25: 130 | G25: 2 | J25: 322 | K25: 2 | N25: 154 | O25: 2 | R25: 1.6 | S25: 1 | V25: 2 | W25: 2
B26: 70 | C26: 2 | F26: 140 | G26: 2 | J26: 407 | K26: 2 | N26: 160 | O26: 1 | R26: 2.4 | S26: 2 | V26: 3 | W26: 2
B27: 74 | C27: 1 | F27: 150 | G27: 2 | J27: 564 | K27: 1 | N27: 170 | O27: 2 | R27: 4 | S27: 2 | V27: 3 | W27: 2
B29: =AVERAGE(B22,B23) -> 63.5 | F29: =AVERAGE(F21,F22) -> 122 | J29: =AVERAGE(J18,J19) -> 208 | N29: =AVERAGE(N21,N22) -> 140.5 | R29: =AVERAGE(R21,R22) -> 0.5 | V29: =AVERAGE(V20,V21) -> 0.5
A33: Quantitative features on a Nominal scale
A34: № | H34: Class
B35: =IF(B3<$B$29,1,2) -> 2 | C35: =IF(C3<$F$29,1,2) -> 2 | D35: =IF(D3<$J$29,1,2) -> 2 | E35: =IF(E3<$N$29,1,2) -> 1 | F35: =IF(F3<$R$29,1,2) -> 2 | G35: =IF(G3<$V$29,1,2) -> 2 | H35: 2
B36: =IF(B4<$B$29,1,2) -> 2 | C36: =IF(C4<$F$29,1,2) -> 1 | D36: =IF(D4<$J$29,1,2) -> 2 | E36: =IF(E4<$N$29,1,2) -> 2 | F36: =IF(F4<$R$29,1,2) -> 2 | G36: =IF(G4<$V$29,1,2) -> 1 | H36: 1
B37: =IF(B5<$B$29,1,2) -> 1 | C37: =IF(C5<$F$29,1,2) -> 2 | D37: =IF(D5<$J$29,1,2) -> 2 | E37: =IF(E5<$N$29,1,2) -> 2 | F37: =IF(F5<$R$29,1,2) -> 1 | G37: =IF(G5<$V$29,1,2) -> 1 | H37: 2
B38: =IF(B6<$B$29,1,2) -> 2 | C38: =IF(C6<$F$29,1,2) -> 2 | D38: =IF(D6<$J$29,1,2) -> 2 | E38: =IF(E6<$N$29,1,2) -> 1 | F38: =IF(F6<$R$29,1,2) -> 1 | G38: =IF(G6<$V$29,1,2) -> 2 | H38: 1
B39: =IF(B7<$B$29,1,2) -> 2 | C39: =IF(C7<$F$29,1,2) -> 1 | D39: =IF(D7<$J$29,1,2) -> 2 | E39: =IF(E7<$N$29,1,2) -> 1 | F39: =IF(F7<$R$29,1,2) -> 1 | G39: =IF(G7<$V$29,1,2) -> 2 | H39: 1
B40: =IF(B8<$B$29,1,2) -> 2 | C40: =IF(C8<$F$29,1,2) -> 1 | D40: =IF(D8<$J$29,1,2) -> 1 | E40: =IF(E8<$N$29,1,2) -> 1 | F40: =IF(F8<$R$29,1,2) -> 1 | G40: =IF(G8<$V$29,1,2) -> 1 | H40: 1
B41: =IF(B9<$B$29,1,2) -> 1 | C41: =IF(C9<$F$29,1,2) -> 2 | D41: =IF(D9<$J$29,1,2) -> 2 | E41: =IF(E9<$N$29,1,2) -> 2 | F41: =IF(F9<$R$29,1,2) -> 2 | G41: =IF(G9<$V$29,1,2) -> 2 | H41: 2
B42: =IF(B10<$B$29,1,2) -> 1 | C42: =IF(C10<$F$29,1,2) -> 1 | D42: =IF(D10<$J$29,1,2) -> 2 | E42: =IF(E10<$N$29,1,2) -> 2 | F42: =IF(F10<$R$29,1,2) -> 2 | G42: =IF(G10<$V$29,1,2) -> 2 | H42: 2
B43: =IF(B11<$B$29,1,2) -> 1 | C43: =IF(C11<$F$29,1,2) -> 2 | D43: =IF(D11<$J$29,1,2) -> 2 | E43: =IF(E11<$N$29,1,2) -> 2 | F43: =IF(F11<$R$29,1,2) -> 2 | G43: =IF(G11<$V$29,1,2) -> 2 | H43: 2
B44: =IF(B12<$B$29,1,2) -> 1 | C44: =IF(C12<$F$29,1,2) -> 2 | D44: =IF(D12<$J$29,1,2) -> 2 | E44: =IF(E12<$N$29,1,2) -> 2 | F44: =IF(F12<$R$29,1,2) -> 2 | G44: =IF(G12<$V$29,1,2) -> 2 | H44: 2
A47: Sorted by Classes of Quantitative features on a Nominal scale
A48: № | H48: Class
B49: =IF(B4<$B$29,1,2) -> 2 | C49: =IF(C4<$F$29,1,2) -> 1 | D49: =IF(D4<$J$29,1,2) -> 2 | E49: =IF(E4<$N$29,1,2) -> 2 | F49: =IF(F4<$R$29,1,2) -> 2 | G49: =IF(G4<$V$29,1,2) -> 1 | H49: 1
B50: =IF(B6<$B$29,1,2) -> 2 | C50: =IF(C6<$F$29,1,2) -> 2 | D50: =IF(D6<$J$29,1,2) -> 2 | E50: =IF(E6<$N$29,1,2) -> 1 | F50: =IF(F6<$R$29,1,2) -> 1 | G50: =IF(G6<$V$29,1,2) -> 2 | H50: 1
B51: =IF(B7<$B$29,1,2) -> 2 | C51: =IF(C7<$F$29,1,2) -> 1 | D51: =IF(D7<$J$29,1,2) -> 2 | E51: =IF(E7<$N$29,1,2) -> 1 | F51: =IF(F7<$R$29,1,2) -> 1 | G51: =IF(G7<$V$29,1,2) -> 2 | H51: 1
B52: =IF(B8<$B$29,1,2) -> 2 | C52: =IF(C8<$F$29,1,2) -> 1 | D52: =IF(D8<$J$29,1,2) -> 1 | E52: =IF(E8<$N$29,1,2) -> 1 | F52: =IF(F8<$R$29,1,2) -> 1 | G52: =IF(G8<$V$29,1,2) -> 1 | H52: 1
B53: =IF(B3<$B$29,1,2) -> 2 | C53: =IF(C3<$F$29,1,2) -> 2 | D53: =IF(D3<$J$29,1,2) -> 2 | E53: =IF(E3<$N$29,1,2) -> 1 | F53: =IF(F3<$R$29,1,2) -> 2 | G53: =IF(G3<$V$29,1,2) -> 2 | H53: 2
B54: =IF(B5<$B$29,1,2) -> 1 | C54: =IF(C5<$F$29,1,2) -> 2 | D54: =IF(D5<$J$29,1,2) -> 2 | E54: =IF(E5<$N$29,1,2) -> 2 | F54: =IF(F5<$R$29,1,2) -> 1 | G54: =IF(G5<$V$29,1,2) -> 1 | H54: 2
B55: =IF(B9<$B$29,1,2) -> 1 | C55: =IF(C9<$F$29,1,2) -> 2 | D55: =IF(D9<$J$29,1,2) -> 2 | E55: =IF(E9<$N$29,1,2) -> 2 | F55: =IF(F9<$R$29,1,2) -> 2 | G55: =IF(G9<$V$29,1,2) -> 2 | H55: 2
B56: =IF(B10<$B$29,1,2) -> 1 | C56: =IF(C10<$F$29,1,2) -> 1 | D56: =IF(D10<$J$29,1,2) -> 2 | E56: =IF(E10<$N$29,1,2) -> 2 | F56: =IF(F10<$R$29,1,2) -> 2 | G56: =IF(G10<$V$29,1,2) -> 2 | H56: 2
B57: =IF(B11<$B$29,1,2) -> 1 | C57: =IF(C11<$F$29,1,2) -> 2 | D57: =IF(D11<$J$29,1,2) -> 2 | E57: =IF(E11<$N$29,1,2) -> 2 | F57: =IF(F11<$R$29,1,2) -> 2 | G57: =IF(G11<$V$29,1,2) -> 2 | H57: 2
B58: =IF(B12<$B$29,1,2) -> 1 | C58: =IF(C12<$F$29,1,2) -> 2 | D58: =IF(D12<$J$29,1,2) -> 2 | E58: =IF(E12<$N$29,1,2) -> 2 | F58: =IF(F12<$R$29,1,2) -> 2 | G58: =IF(G12<$V$29,1,2) -> 2 | H58: 2
A62: Gradations of Quantitative Features on a Nominal scale
A63: Gradations | B63: {1,2} | C63: {1,2} | D63: {1,2} | E63: {1,2} | F63: {1,2} | G63: {1,2} | H63: Class
B64: =COUNTIFS(B$49:B$58, 1+MOD(INT((ROW()-ROW($B$64))/2),2), $H$49:$H$58, VALUE(RIGHT($H64,1))) -> 0 | C64: =COUNTIFS(C$49:C$58, 1+MOD(INT((ROW()-ROW($B$64))/2),2), $H$49:$H$58, VALUE(RIGHT($H64,1))) -> 3 | D64: =COUNTIFS(D$49:D$58, 1+MOD(INT((ROW()-ROW($B$64))/2),2), $H$49:$H$58, VALUE(RIGHT($H64,1))) -> 1 | E64: =COUNTIFS(E$49:E$58, 1+MOD(INT((ROW()-ROW($B$64))/2),2), $H$49:$H$58, VALUE(RIGHT($H64,1))) -> 3 | F64: =COUNTIFS(F$49:F$58, 1+MOD(INT((ROW()-ROW($B$64))/2),2), $H$49:$H$58, VALUE(RIGHT($H64,1))) -> 3 | G64: =COUNTIFS(G$49:G$58, 1+MOD(INT((ROW()-ROW($B$64))/2),2), $H$49:$H$58, VALUE(RIGHT($H64,1))) -> 2 | H64: 1
B65: =COUNTIFS(B$49:B$58, 1+MOD(INT((ROW()-ROW($B$64))/2),2), $H$49:$H$58, VALUE(RIGHT($H65,1))) -> 5 | C65: =COUNTIFS(C$49:C$58, 1+MOD(INT((ROW()-ROW($B$64))/2),2), $H$49:$H$58, VALUE(RIGHT($H65,1))) -> 1 | D65: =COUNTIFS(D$49:D$58, 1+MOD(INT((ROW()-ROW($B$64))/2),2), $H$49:$H$58, VALUE(RIGHT($H65,1))) -> 0 | E65: =COUNTIFS(E$49:E$58, 1+MOD(INT((ROW()-ROW($B$64))/2),2), $H$49:$H$58, VALUE(RIGHT($H65,1))) -> 1 | F65: =COUNTIFS(F$49:F$58, 1+MOD(INT((ROW()-ROW($B$64))/2),2), $H$49:$H$58, VALUE(RIGHT($H65,1))) -> 1 | G65: =COUNTIFS(G$49:G$58, 1+MOD(INT((ROW()-ROW($B$64))/2),2), $H$49:$H$58, VALUE(RIGHT($H65,1))) -> 1 | H65: 2
B66: =COUNTIFS(B$49:B$58, 1+MOD(INT((ROW()-ROW($B$64))/2),2), $H$49:$H$58, VALUE(RIGHT($H66,1))) -> 4 | C66: =COUNTIFS(C$49:C$58, 1+MOD(INT((ROW()-ROW($B$64))/2),2), $H$49:$H$58, VALUE(RIGHT($H66,1))) -> 1 | D66: =COUNTIFS(D$49:D$58, 1+MOD(INT((ROW()-ROW($B$64))/2),2), $H$49:$H$58, VALUE(RIGHT($H66,1))) -> 3 | E66: =COUNTIFS(E$49:E$58, 1+MOD(INT((ROW()-ROW($B$64))/2),2), $H$49:$H$58, VALUE(RIGHT($H66,1))) -> 1 | F66: =COUNTIFS(F$49:F$58, 1+MOD(INT((ROW()-ROW($B$64))/2),2), $H$49:$H$58, VALUE(RIGHT($H66,1))) -> 1 | G66: =COUNTIFS(G$49:G$58, 1+MOD(INT((ROW()-ROW($B$64))/2),2), $H$49:$H$58, VALUE(RIGHT($H66,1))) -> 2 | H66: 1
B67: =COUNTIFS(B$49:B$58, 1+MOD(INT((ROW()-ROW($B$64))/2),2), $H$49:$H$58, VALUE(RIGHT($H67,1))) -> 1 | C67: =COUNTIFS(C$49:C$58, 1+MOD(INT((ROW()-ROW($B$64))/2),2), $H$49:$H$58, VALUE(RIGHT($H67,1))) -> 5 | D67: =COUNTIFS(D$49:D$58, 1+MOD(INT((ROW()-ROW($B$64))/2),2), $H$49:$H$58, VALUE(RIGHT($H67,1))) -> 6 | E67: =COUNTIFS(E$49:E$58, 1+MOD(INT((ROW()-ROW($B$64))/2),2), $H$49:$H$58, VALUE(RIGHT($H67,1))) -> 5 | F67: =COUNTIFS(F$49:F$58, 1+MOD(INT((ROW()-ROW($B$64))/2),2), $H$49:$H$58, VALUE(RIGHT($H67,1))) -> 5 | G67: =COUNTIFS(G$49:G$58, 1+MOD(INT((ROW()-ROW($B$64))/2),2), $H$49:$H$58, VALUE(RIGHT($H67,1))) -> 5 | H67: 2
A70: Weight of Quantitative Features on a Nominal scale
B71: 0.634921 | C71: 0.412698 | D71: 0.214286 | E71: 0.412698 | F71: 0.412698 | G71: 0.285714
A74: Contribution of Gradations of Quantitative Features on a Nominal scale
A75: Contributions of Gradations | B75: {1,2} | C75: {1,2} | D75: {1,2} | E75: {1,2} | F75: {1,2} | G75: {1,2}
B76: =B$71*(B$64/COUNTIF($H$3:$H$12,1) - B$65/COUNTIF($H$3:$H$12,2)) -> -0.52910083 | C76: =C$71*(C$64/COUNTIF($H$3:$H$12,1) - C$65/COUNTIF($H$3:$H$12,2)) -> 0.2407405 | D76: =D$71*(D$64/COUNTIF($H$3:$H$12,1) - D$65/COUNTIF($H$3:$H$12,2)) -> 0.0535715 | E76: =E$71*(E$64/COUNTIF($H$3:$H$12,1) - E$65/COUNTIF($H$3:$H$12,2)) -> 0.2407405 | F76: =F$71*(F$64/COUNTIF($H$3:$H$12,1) - F$65/COUNTIF($H$3:$H$12,2)) -> 0.2407405 | G76: =G$71*(G$64/COUNTIF($H$3:$H$12,1) - G$65/COUNTIF($H$3:$H$12,2)) -> 0.095238
B77: =B$71*(B$66/COUNTIF($H$3:$H$12,1) - B$67/COUNTIF($H$3:$H$12,2)) -> 0.52910083 | C77: =C$71*(C$66/COUNTIF($H$3:$H$12,1) - C$67/COUNTIF($H$3:$H$12,2)) -> -0.2407405 | D77: =D$71*(D$66/COUNTIF($H$3:$H$12,1) - D$67/COUNTIF($H$3:$H$12,2)) -> -0.0535715 | E77: =E$71*(E$66/COUNTIF($H$3:$H$12,1) - E$67/COUNTIF($H$3:$H$12,2)) -> -0.2407405 | F77: =F$71*(F$66/COUNTIF($H$3:$H$12,1) - F$67/COUNTIF($H$3:$H$12,2)) -> -0.2407405 | G77: =G$71*(G$66/COUNTIF($H$3:$H$12,1) - G$67/COUNTIF($H$3:$H$12,2)) -> -0.095238
A81: Quantitative Features with Contribution Values
A82: № | H82: Class
B83: =IFERROR(IF(B35=1, B$76, IF(B35=2, B$77, "Error!!!")), "Error!!!") -> 0.52910083 | C83: =IFERROR(IF(C35=1, C$76, IF(C35=2, C$77, "Error!!!")), "Error!!!") -> -0.2407405 | D83: =IFERROR(IF(D35=1, D$76, IF(D35=2, D$77, "Error!!!")), "Error!!!") -> -0.0535715 | E83: =IFERROR(IF(E35=1, E$76, IF(E35=2, E$77, "Error!!!")), "Error!!!") -> 0.2407405 | F83: =IFERROR(IF(F35=1, F$76, IF(F35=2, F$77, "Error!!!")), "Error!!!") -> -0.2407405 | G83: =IFERROR(IF(G35=1, G$76, IF(G35=2, G$77, "Error!!!")), "Error!!!") -> -0.095238 | H83: 2
B84: =IFERROR(IF(B36=1, B$76, IF(B36=2, B$77, "Error!!!")), "Error!!!") -> 0.52910083 | C84: =IFERROR(IF(C36=1, C$76, IF(C36=2, C$77, "Error!!!")), "Error!!!") -> 0.2407405 | D84: =IFERROR(IF(D36=1, D$76, IF(D36=2, D$77, "Error!!!")), "Error!!!") -> -0.0535715 | E84: =IFERROR(IF(E36=1, E$76, IF(E36=2, E$77, "Error!!!")), "Error!!!") -> -0.2407405 | F84: =IFERROR(IF(F36=1, F$76, IF(F36=2, F$77, "Error!!!")), "Error!!!") -> -0.2407405 | G84: =IFERROR(IF(G36=1, G$76, IF(G36=2, G$77, "Error!!!")), "Error!!!") -> 0.095238 | H84: 1
B85: =IFERROR(IF(B37=1, B$76, IF(B37=2, B$77, "Error!!!")), "Error!!!") -> -0.52910083 | C85: =IFERROR(IF(C37=1, C$76, IF(C37=2, C$77, "Error!!!")), "Error!!!") -> -0.2407405 | D85: =IFERROR(IF(D37=1, D$76, IF(D37=2, D$77, "Error!!!")), "Error!!!") -> -0.0535715 | E85: =IFERROR(IF(E37=1, E$76, IF(E37=2, E$77, "Error!!!")), "Error!!!") -> -0.2407405 | F85: =IFERROR(IF(F37=1, F$76, IF(F37=2, F$77, "Error!!!")), "Error!!!") -> 0.2407405 | G85: =IFERROR(IF(G37=1, G$76, IF(G37=2, G$77, "Error!!!")), "Error!!!") -> 0.095238 | H85: 2
B86: =IFERROR(IF(B38=1, B$76, IF(B38=2, B$77, "Error!!!")), "Error!!!") -> 0.52910083 | C86: =IFERROR(IF(C38=1, C$76, IF(C38=2, C$77, "Error!!!")), "Error!!!") -> -0.2407405 | D86: =IFERROR(IF(D38=1, D$76, IF(D38=2, D$77, "Error!!!")), "Error!!!") -> -0.0535715 | E86: =IFERROR(IF(E38=1, E$76, IF(E38=2, E$77, "Error!!!")), "Error!!!") -> 0.2407405 | F86: =IFERROR(IF(F38=1, F$76, IF(F38=2, F$77, "Error!!!")), "Error!!!") -> 0.2407405 | G86: =IFERROR(IF(G38=1, G$76, IF(G38=2, G$77, "Error!!!")), "Error!!!") -> -0.095238 | H86: 1
B87: =IFERROR(IF(B39=1, B$76, IF(B39=2, B$77, "Error!!!")), "Error!!!") -> 0.52910083 | C87: =IFERROR(IF(C39=1, C$76, IF(C39=2, C$77, "Error!!!")), "Error!!!") -> 0.2407405 | D87: =IFERROR(IF(D39=1, D$76, IF(D39=2, D$77, "Error!!!")), "Error!!!") -> -0.0535715 | E87: =IFERROR(IF(E39=1, E$76, IF(E39=2, E$77, "Error!!!")), "Error!!!") -> 0.2407405 | F87: =IFERROR(IF(F39=1, F$76, IF(F39=2, F$77, "Error!!!")), "Error!!!") -> 0.2407405 | G87: =IFERROR(IF(G39=1, G$76, IF(G39=2, G$77, "Error!!!")), "Error!!!") -> -0.095238 | H87: 1
B88: =IFERROR(IF(B40=1, B$76, IF(B40=2, B$77, "Error!!!")), "Error!!!") -> 0.52910083 | C88: =IFERROR(IF(C40=1, C$76, IF(C40=2, C$77, "Error!!!")), "Error!!!") -> 0.2407405 | D88: =IFERROR(IF(D40=1, D$76, IF(D40=2, D$77, "Error!!!")), "Error!!!") -> 0.0535715 | E88: =IFERROR(IF(E40=1, E$76, IF(E40=2, E$77, "Error!!!")), "Error!!!") -> 0.2407405 | F88: =IFERROR(IF(F40=1, F$76, IF(F40=2, F$77, "Error!!!")), "Error!!!") -> 0.2407405 | G88: =IFERROR(IF(G40=1, G$76, IF(G40=2, G$77, "Error!!!")), "Error!!!") -> 0.095238 | H88: 1
B89: =IFERROR(IF(B41=1, B$76, IF(B41=2, B$77, "Error!!!")), "Error!!!") -> -0.52910083 | C89: =IFERROR(IF(C41=1, C$76, IF(C41=2, C$77, "Error!!!")), "Error!!!") -> -0.2407405 | D89: =IFERROR(IF(D41=1, D$76, IF(D41=2, D$77, "Error!!!")), "Error!!!") -> -0.0535715 | E89: =IFERROR(IF(E41=1, E$76, IF(E41=2, E$77, "Error!!!")), "Error!!!") -> -0.2407405 | F89: =IFERROR(IF(F41=1, F$76, IF(F41=2, F$77, "Error!!!")), "Error!!!") -> -0.2407405 | G89: =IFERROR(IF(G41=1, G$76, IF(G41=2, G$77, "Error!!!")), "Error!!!") -> -0.095238 | H89: 2
B90: =IFERROR(IF(B42=1, B$76, IF(B42=2, B$77, "Error!!!")), "Error!!!") -> -0.52910083 | C90: =IFERROR(IF(C42=1, C$76, IF(C42=2, C$77, "Error!!!")), "Error!!!") -> 0.2407405 | D90: =IFERROR(IF(D42=1, D$76, IF(D42=2, D$77, "Error!!!")), "Error!!!") -> -0.0535715 | E90: =IFERROR(IF(E42=1, E$76, IF(E42=2, E$77, "Error!!!")), "Error!!!") -> -0.2407405 | F90: =IFERROR(IF(F42=1, F$76, IF(F42=2, F$77, "Error!!!")), "Error!!!") -> -0.2407405 | G90: =IFERROR(IF(G42=1, G$76, IF(G42=2, G$77, "Error!!!")), "Error!!!") -> -0.095238 | H90: 2
B91: =IFERROR(IF(B43=1, B$76, IF(B43=2, B$77, "Error!!!")), "Error!!!") -> -0.52910083 | C91: =IFERROR(IF(C43=1, C$76, IF(C43=2, C$77, "Error!!!")), "Error!!!") -> -0.2407405 | D91: =IFERROR(IF(D43=1, D$76, IF(D43=2, D$77, "Error!!!")), "Error!!!") -> -0.0535715 | E91: =IFERROR(IF(E43=1, E$76, IF(E43=2, E$77, "Error!!!")), "Error!!!") -> -0.2407405 | F91: =IFERROR(IF(F43=1, F$76, IF(F43=2, F$77, "Error!!!")), "Error!!!") -> -0.2407405 | G91: =IFERROR(IF(G43=1, G$76, IF(G43=2, G$77, "Error!!!")), "Error!!!") -> -0.095238 | H91: 2
B92: =IFERROR(IF(B44=1, B$76, IF(B44=2, B$77, "Error!!!")), "Error!!!") -> -0.52910083 | C92: =IFERROR(IF(C44=1, C$76, IF(C44=2, C$77, "Error!!!")), "Error!!!") -> -0.2407405 | D92: =IFERROR(IF(D44=1, D$76, IF(D44=2, D$77, "Error!!!")), "Error!!!") -> -0.0535715 | E92: =IFERROR(IF(E44=1, E$76, IF(E44=2, E$77, "Error!!!")), "Error!!!") -> -0.2407405 | F92: =IFERROR(IF(F44=1, F$76, IF(F44=2, F$77, "Error!!!")), "Error!!!") -> -0.2407405 | G92: =IFERROR(IF(G44=1, G$76, IF(G44=2, G$77, "Error!!!")), "Error!!!") -> -0.095238 | H92: 2
B93: 1 | C93: 1 | D93: 1 | E93: 1 | F93: 1 | G93: 1

Sheet Nominal
A1: Nominal Features
A2: № | I2: Class | L2: K1 = 4
B3: 1 | C3: 4 | D3: 0 | E3: 2 | F3: 0 | G3: 2 | H3: 3 | I3: 2 | L3: K2 = 6 | N3: Color and Sign of Nominal Features - | R3: 0
B4: 0 | C4: 3 | D4: 0 | E4: 2 | F4: 0 | G4: 2 | H4: 7 | I4: 1
B5: 1 | C5: 2 | D5: 0 | E5: 0 | F5: 0 | G5: 1 | H5: 7 | I5: 2
B6: 1 | C6: 4 | D6: 0 | E6: 0 | F6: 1 | G6: 2 | H6: 7 | I6: 1
B7: 0 | C7: 2 | D7: 0 | E7: 2 | F7: 1 | G7: 1 | H7: 3 | I7: 1
B8: 1 | C8: 4 | D8: 0 | E8: 0 | F8: 0 | G8: 1 | H8: 7 | I8: 1
B9: 1 | C9: 3 | D9: 1 | E9: 2 | F9: 1 | G9: 2 | H9: 6 | I9: 2
B10: 1 | C10: 4 | D10: 0 | E10: 2 | F10: 1 | G10: 2 | H10: 7 | I10: 2
B11: 1 | C11: 4 | D11: 0 | E11: 2 | F11: 0 | G11: 2 | H11: 7 | I11: 2
B12: 0 | C12: 4 | D12: 0 | E12: 2 | F12: 0 | G12: 2 | H12: 7 | I12: 2
B13: 0 | C13: 0 | D13: 0 | E13: 0 | F13: 0 | G13: 0 | H13: 0
A17: Nominal Features
A18: № | I18: Class
B19: 0 | C19: 3 | D19: 0 | E19: 2 | F19: 0 | G19: 2 | H19: 7 | I19: 1
B20: 1 | C20: 4 | D20: 0 | E20: 0 | F20: 1 | G20: 2 | H20: 7 | I20: 1
B21: 0 | C21: 2 | D21: 0 | E21: 2 | F21: 1 | G21: 1 | H21: 3 | I21: 1
B22: 1 | C22: 4 | D22: 0 | E22: 0 | F22: 0 | G22: 1 | H22: 7 | I22: 1
B23: 1 | C23: 4 | D23: 0 | E23: 2 | F23: 0 | G23: 2 | H23: 3 | I23: 2
B24: 1 | C24: 2 | D24: 0 | E24: 0 | F24: 0 | G24: 1 | H24: 7 | I24: 2
B25: 1 | C25: 3 | D25: 1 | E25: 2 | F25: 1 | G25: 2 | H25: 6 | I25: 2
B26: 1 | C26: 4 | D26: 0 | E26: 2 | F26: 1 | G26: 2 | H26: 7 | I26: 2
B27: 1 | C27: 4 | D27: 0 | E27: 2 | F27: 0 | G27: 2 | H27: 7 | I27: 2
B28: 0 | C28: 4 | D28: 0 | E28: 2 | F28: 0 | G28: 2 | H28: 7 | I28: 2
A32: Gradations of Nominal Features | L32: Helper List Spreadsheet for Gradations of Nominal Features
A33: Gradations | B33: {0,1} | C33: {2,3,4} | D33: {0,1} | E33: {0,2} | F33: {0,1} | G33: {1,2} | H33: {3,6,7} | I33: Class | L33: L31:L32 | M33: M31:M33 | N33: N31:N32 | O33: O31:O32 | P33: P31:P32 | Q33: Q31:Q32 | R33: R31:R33
B34: {=IFERROR(SUMPRODUCT(((B$19:B$28)*1=INDEX($L$34:$L$35,INT((ROW()-34)/2)+1))*((($I$19:$I$28)*1)=1+MOD(ROW()-34,2))),"")} -> 2 | C34: {=IFERROR(SUMPRODUCT(((C$19:C$28)*1=INDEX($M$34:$M$36,INT((ROW()-34)/2)+1))*((($I$19:$I$28)*1)=1+MOD(ROW()-34,2))),"")} -> 1 | D34: {=IFERROR(SUMPRODUCT(((D$19:D$28)*1=INDEX($N$34:$N$35,INT((ROW()-34)/2)+1))*((($I$19:$I$28)*1)=1+MOD(ROW()-34,2))),"")} -> 4 | E34: {=IFERROR(SUMPRODUCT(((E$19:E$28)*1=INDEX($O$34:$O$35,INT((ROW()-34)/2)+1))*((($I$19:$I$28)*1)=1+MOD(ROW()-34,2))),"")} -> 2 | F34: {=IFERROR(SUMPRODUCT(((F$19:F$28)*1=INDEX($P$34:$P$35,INT((ROW()-34)/2)+1))*((($I$19:$I$28)*1)=1+MOD(ROW()-34,2))),"")} -> 2 | G34: {=IFERROR(SUMPRODUCT(((G$19:G$28)*1=INDEX($Q$34:$Q$35,INT((ROW()-34)/2)+1))*((($I$19:$I$28)*1)=1+MOD(ROW()-34,2))),"")} -> 2 | H34: {=IFERROR(SUMPRODUCT(((H$19:H$28)*1=INDEX($R$34:$R$36,INT((ROW()-34)/2)+1))*((($I$19:$I$28)*1)=1+MOD(ROW()-34,2))),"")} -> 1 | I34: 1 | L34: 0 | M34: 2 | N34: 0 | O34: 0 | P34: 0 | Q34: 1 | R34: 3
B35: {=IFERROR(SUMPRODUCT(((B$19:B$28)*1=INDEX($L$34:$L$35,INT((ROW()-34)/2)+1))*((($I$19:$I$28)*1)=1+MOD(ROW()-34,2))),"")} -> 1 | C35: {=IFERROR(SUMPRODUCT(((C$19:C$28)*1=INDEX($M$34:$M$36,INT((ROW()-34)/2)+1))*((($I$19:$I$28)*1)=1+MOD(ROW()-34,2))),"")} -> 1 | D35: {=IFERROR(SUMPRODUCT(((D$19:D$28)*1=INDEX($N$34:$N$35,INT((ROW()-34)/2)+1))*((($I$19:$I$28)*1)=1+MOD(ROW()-34,2))),"")} -> 5 | E35: {=IFERROR(SUMPRODUCT(((E$19:E$28)*1=INDEX($O$34:$O$35,INT((ROW()-34)/2)+1))*((($I$19:$I$28)*1)=1+MOD(ROW()-34,2))),"")} -> 1 | F35: {=IFERROR(SUMPRODUCT(((F$19:F$28)*1=INDEX($P$34:$P$35,INT((ROW()-34)/2)+1))*((($I$19:$I$28)*1)=1+MOD(ROW()-34,2))),"")} -> 4 | G35: {=IFERROR(SUMPRODUCT(((G$19:G$28)*1=INDEX($Q$34:$Q$35,INT((ROW()-34)/2)+1))*((($I$19:$I$28)*1)=1+MOD(ROW()-34,2))),"")} -> 1 | H35: {=IFERROR(SUMPRODUCT(((H$19:H$28)*1=INDEX($R$34:$R$36,INT((ROW()-34)/2)+1))*((($I$19:$I$28)*1)=1+MOD(ROW()-34,2))),"")} -> 1 | I35: 2 | L35: 1 | M35: 3 | N35: 1 | O35: 2 | P35: 1 | Q35: 2 | R35: 6
B36: {=IFERROR(SUMPRODUCT(((B$19:B$28)*1=INDEX($L$34:$L$35,INT((ROW()-34)/2)+1))*((($I$19:$I$28)*1)=1+MOD(ROW()-34,2))),"")} -> 2 | C36: {=IFERROR(SUMPRODUCT(((C$19:C$28)*1=INDEX($M$34:$M$36,INT((ROW()-34)/2)+1))*((($I$19:$I$28)*1)=1+MOD(ROW()-34,2))),"")} -> 1 | D36: {=IFERROR(SUMPRODUCT(((D$19:D$28)*1=INDEX($N$34:$N$35,INT((ROW()-34)/2)+1))*((($I$19:$I$28)*1)=1+MOD(ROW()-34,2))),"")} -> 0 | E36: {=IFERROR(SUMPRODUCT(((E$19:E$28)*1=INDEX($O$34:$O$35,INT((ROW()-34)/2)+1))*((($I$19:$I$28)*1)=1+MOD(ROW()-34,2))),"")} -> 2 | F36: {=IFERROR(SUMPRODUCT(((F$19:F$28)*1=INDEX($P$34:$P$35,INT((ROW()-34)/2)+1))*((($I$19:$I$28)*1)=1+MOD(ROW()-34,2))),"")} -> 2 | G36: {=IFERROR(SUMPRODUCT(((G$19:G$28)*1=INDEX($Q$34:$Q$35,INT((ROW()-34)/2)+1))*((($I$19:$I$28)*1)=1+MOD(ROW()-34,2))),"")} -> 2 | H36: {=IFERROR(SUMPRODUCT(((H$19:H$28)*1=INDEX($R$34:$R$36,INT((ROW()-34)/2)+1))*((($I$19:$I$28)*1)=1+MOD(ROW()-34,2))),"")} -> 0 | I36: 1 | M36: 4 | R36: 7
B37: {=IFERROR(SUMPRODUCT(((B$19:B$28)*1=INDEX($L$34:$L$35,INT((ROW()-34)/2)+1))*((($I$19:$I$28)*1)=1+MOD(ROW()-34,2))),"")} -> 5 | C37: {=IFERROR(SUMPRODUCT(((C$19:C$28)*1=INDEX($M$34:$M$36,INT((ROW()-34)/2)+1))*((($I$19:$I$28)*1)=1+MOD(ROW()-34,2))),"")} -> 1 | D37: {=IFERROR(SUMPRODUCT(((D$19:D$28)*1=INDEX($N$34:$N$35,INT((ROW()-34)/2)+1))*((($I$19:$I$28)*1)=1+MOD(ROW()-34,2))),"")} -> 1 | E37: {=IFERROR(SUMPRODUCT(((E$19:E$28)*1=INDEX($O$34:$O$35,INT((ROW()-34)/2)+1))*((($I$19:$I$28)*1)=1+MOD(ROW()-34,2))),"")} -> 5 | F37: {=IFERROR(SUMPRODUCT(((F$19:F$28)*1=INDEX($P$34:$P$35,INT((ROW()-34)/2)+1))*((($I$19:$I$28)*1)=1+MOD(ROW()-34,2))),"")} -> 2 | G37: {=IFERROR(SUMPRODUCT(((G$19:G$28)*1=INDEX($Q$34:$Q$35,INT((ROW()-34)/2)+1))*((($I$19:$I$28)*1)=1+MOD(ROW()-34,2))),"")} -> 5 | H37: {=IFERROR(SUMPRODUCT(((H$19:H$28)*1=INDEX($R$34:$R$36,INT((ROW()-34)/2)+1))*((($I$19:$I$28)*1)=1+MOD(ROW()-34,2))),"")} -> 1 | I37: 2
C38: {=IFERROR(SUMPRODUCT(((C$19:C$28)*1=INDEX($M$34:$M$36,INT((ROW()-34)/2)+1))*((($I$19:$I$28)*1)=1+MOD(ROW()-34,2))),"")} -> 2 | H38: {=IFERROR(SUMPRODUCT(((H$19:H$28)*1=INDEX($R$34:$R$36,INT((ROW()-34)/2)+1))*((($I$19:$I$28)*1)=1+MOD(ROW()-34,2))),"")} -> 3 | I38: 1
C39: {=IFERROR(SUMPRODUCT(((C$19:C$28)*1=INDEX($M$34:$M$36,INT((ROW()-34)/2)+1))*((($I$19:$I$28)*1)=1+MOD(ROW()-34,2))),"")} -> 4 | H39: {=IFERROR(SUMPRODUCT(((H$19:H$28)*1=INDEX($R$34:$R$36,INT((ROW()-34)/2)+1))*((($I$19:$I$28)*1)=1+MOD(ROW()-34,2))),"")} -> 4 | I39: 2
B44: =COUNTA(_xlfn.UNIQUE(B3:B12)) -> 2 | C44: =COUNTA(_xlfn.UNIQUE(C3:C12)) -> 3 | D44: =COUNTA(_xlfn.UNIQUE(D3:D12)) -> 2 | E44: =COUNTA(_xlfn.UNIQUE(E3:E12)) -> 2 | F44: =COUNTA(_xlfn.UNIQUE(F3:F12)) -> 2 | G44: =COUNTA(_xlfn.UNIQUE(G3:G12)) -> 2 | H44: =COUNTA(_xlfn.UNIQUE(H3:H12)) -> 3 | J44: K1 = | K44: 4
B45: =COUNTA(_xlfn.UNIQUE(B19:B22)) -> 2 | C45: =COUNTA(_xlfn.UNIQUE(C19:C22)) -> 3 | D45: =COUNTA(_xlfn.UNIQUE(D19:D22)) -> 1 | E45: =COUNTA(_xlfn.UNIQUE(E19:E22)) -> 2 | F45: =COUNTA(_xlfn.UNIQUE(F19:F22)) -> 2 | G45: =COUNTA(_xlfn.UNIQUE(G19:G22)) -> 2 | H45: =COUNTA(_xlfn.UNIQUE(H19:H22)) -> 2 | J45: K2 = | K45: 6
B46: =COUNTA(_xlfn.UNIQUE(B23:B28)) -> 2 | C46: =COUNTA(_xlfn.UNIQUE(C23:C28)) -> 3 | D46: =COUNTA(_xlfn.UNIQUE(D23:D28)) -> 2 | E46: =COUNTA(_xlfn.UNIQUE(E23:E28)) -> 2 | F46: =COUNTA(_xlfn.UNIQUE(F23:F28)) -> 2 | G46: =COUNTA(_xlfn.UNIQUE(G23:G28)) -> 2 | H46: =COUNTA(_xlfn.UNIQUE(H23:H28)) -> 3
B47: =IFERROR(IF(B$44>2, ($K44-B45+1)*($K44-B45), $K44*($K44-1)), "Error!!!") -> 12 | C47: =IFERROR(IF(C$44>2, ($K44-C45+1)*($K44-C45), $K44*($K44-1)), "Error!!!") -> 2 | D47: =IFERROR(IF(D$44>2, ($K44-D45+1)*($K44-D45), $K44*($K44-1)), "Error!!!") -> 12 | E47: =IFERROR(IF(E$44>2, ($K44-E45+1)*($K44-E45), $K44*($K44-1)), "Error!!!") -> 12 | F47: =IFERROR(IF(F$44>2, ($K44-F45+1)*($K44-F45), $K44*($K44-1)), "Error!!!") -> 12 | G47: =IFERROR(IF(G$44>2, ($K44-G45+1)*($K44-G45), $K44*($K44-1)), "Error!!!") -> 12 | H47: =IFERROR(IF(H$44>2, ($K44-H45+1)*($K44-H45), $K44*($K44-1)), "Error!!!") -> 6
B48: =IFERROR(IF(B$44>2, ($K45-B46+1)*($K45-B46), $K45*($K45-1)), "Error!!!") -> 30 | C48: =IFERROR(IF(C$44>2, ($K45-C46+1)*($K45-C46), $K45*($K45-1)), "Error!!!") -> 12 | D48: =IFERROR(IF(D$44>2, ($K45-D46+1)*($K45-D46), $K45*($K45-1)), "Error!!!") -> 30 | E48: =IFERROR(IF(E$44>2, ($K45-E46+1)*($K45-E46), $K45*($K45-1)), "Error!!!") -> 30 | F48: =IFERROR(IF(F$44>2, ($K45-F46+1)*($K45-F46), $K45*($K45-1)), "Error!!!") -> 30 | G48: =IFERROR(IF(G$44>2, ($K45-G46+1)*($K45-G46), $K45*($K45-1)), "Error!!!") -> 30 | H48: =IFERROR(IF(H$44>2, ($K45-H46+1)*($K45-H46), $K45*($K45-1)), "Error!!!") -> 12
A52: Lambda, Beta and Weight of Nominal Features
A53: Weight
B54: =1-((B34*B35+B36*B37+B38*B39)/(2*$K$44*$K$45)) -> 0.75 | C54: =1-((C34*C35+C36*C37+C38*C39)/(2*$K$44*$K$45)) -> 0.79166667 | D54: =1-((D34*D35+D36*D37+D38*D39)/(2*$K$44*$K$45)) -> 0.58333333 | E54: =1-((E34*E35+E36*E37+E38*E39)/(2*$K$44*$K$45)) -> 0.75 | F54: =1-((F34*F35+F36*F37+F38*F39)/(2*$K$44*$K$45)) -> 0.75 | G54: =1-((G34*G35+G36*G37+G38*G39)/(2*$K$44*$K$45)) -> 0.75 | H54: =1-((H34*H35+H36*H37+H38*H39)/(2*$K$44*$K$45)) -> 0.72916667
B55: =IFERROR(IF(B47+B48>0, ((B34*(B34-1)+B35*(B35-1))+(B36*(B36-1)+B37*(B37-1))+(B38*(B38-1)+B39*(B39-1)))/(B47+B48), 0), "Error!!!") -> 0.57142857 | C55: =IFERROR(IF(C47+C48>0, ((C34*(C34-1)+C35*(C35-1))+(C36*(C36-1)+C37*(C37-1))+(C38*(C38-1)+C39*(C39-1)))/(C47+C48), 0), "Error!!!") -> 1 | D55: =IFERROR(IF(D47+D48>0, ((D34*(D34-1)+D35*(D35-1))+(D36*(D36-1)+D37*(D37-1))+(D38*(D38-1)+D39*(D39-1)))/(D47+D48), 0), "Error!!!") -> 0.76190476 | E55: =IFERROR(IF(E47+E48>0, ((E34*(E34-1)+E35*(E35-1))+(E36*(E36-1)+E37*(E37-1))+(E38*(E38-1)+E39*(E39-1)))/(E47+E48), 0), "Error!!!") -> 0.57142857 | F55: =IFERROR(IF(F47+F48>0, ((F34*(F34-1)+F35*(F35-1))+(F36*(F36-1)+F37*(F37-1))+(F38*(F38-1)+F39*(F39-1)))/(F47+F48), 0), "Error!!!") -> 0.42857143 | G55: =IFERROR(IF(G47+G48>0, ((G34*(G34-1)+G35*(G35-1))+(G36*(G36-1)+G37*(G37-1))+(G38*(G38-1)+G39*(G39-1)))/(G47+G48), 0), "Error!!!") -> 0.57142857 | H55: =IFERROR(IF(H47+H48>0, ((H34*(H34-1)+H35*(H35-1))+(H36*(H36-1)+H37*(H37-1))+(H38*(H38-1)+H39*(H39-1)))/(H47+H48), 0), "Error!!!") -> 1
B56: =B54*B55 -> 0.42857143 | C56: =C54*C55 -> 0.79166667 | D56: =D54*D55 -> 0.44444444 | E56: =E54*E55 -> 0.42857143 | F56: =F54*F55 -> 0.32142857 | G56: =G54*G55 -> 0.42857143 | H56: =H54*H55 -> 0.72916667
A60: Contribution of Gradations of Nominal Features
A61: Contributions of Gradations | B61: {0,1} | C61: {2,3,4} | D61: {0,1} | E61: {0,2} | F61: {0,1} | G61: {1,2} | H61: {3,6,7}
B62: =B$56*(B$34/COUNTIF($I$3:$I$12,1) - B$35/COUNTIF($I$3:$I$12,2)) -> 0.14285714 | C62: =C$56*(C$34/COUNTIF($I$3:$I$12,1) - C$35/COUNTIF($I$3:$I$12,2)) -> 0.065972222 | D62: =D$56*(D$34/COUNTIF($I$3:$I$12,1) - D$35/COUNTIF($I$3:$I$12,2)) -> 0.074074074 | E62: =E$56*(E$34/COUNTIF($I$3:$I$12,1) - E$35/COUNTIF($I$3:$I$12,2)) -> 0.14285714 | F62: =F$56*(F$34/COUNTIF($I$3:$I$12,1) - F$35/COUNTIF($I$3:$I$12,2)) -> -0.053571429 | G62: =G$56*(G$34/COUNTIF($I$3:$I$12,1) - G$35/COUNTIF($I$3:$I$12,2)) -> 0.14285714 | H62: =H$56*(H$34/COUNTIF($I$3:$I$12,1) - H$35/COUNTIF($I$3:$I$12,2)) -> 0.060763889
B63: =B$56*(B$36/COUNTIF($I$3:$I$12,1) - B$37/COUNTIF($I$3:$I$12,2)) -> -0.14285714 | C63: =C$56*(C$36/COUNTIF($I$3:$I$12,1) - C$37/COUNTIF($I$3:$I$12,2)) -> 0.065972222 | D63: =D$56*(D$36/COUNTIF($I$3:$I$12,1) - D$37/COUNTIF($I$3:$I$12,2)) -> -0.074074074 | E63: =E$56*(E$36/COUNTIF($I$3:$I$12,1) - E$37/COUNTIF($I$3:$I$12,2)) -> -0.14285714 | F63: =F$56*(F$36/COUNTIF($I$3:$I$12,1) - F$37/COUNTIF($I$3:$I$12,2)) -> 0.053571429 | G63: =G$56*(G$36/COUNTIF($I$3:$I$12,1) - G$37/COUNTIF($I$3:$I$12,2)) -> -0.14285714 | H63: =H$56*(H$36/COUNTIF($I$3:$I$12,1) - H$37/COUNTIF($I$3:$I$12,2)) -> -0.12152778
C64: =C$56*(C$38/COUNTIF($I$3:$I$12,1) - C$39/COUNTIF($I$3:$I$12,2)) -> -0.13194444 | H64: =H$56*(H$38/COUNTIF($I$3:$I$12,1) - H$39/COUNTIF($I$3:$I$12,2)) -> 0.060763889
A68: Nominal Features with Contribution Values
A69: № | I69: Class
B70: =IFERROR(IF(B3=0, B$62, IF(B3=1, B$63, "Error!!!")), "Error!!!") -> -0.14285714 | C70: =IFERROR(IF(C3=2, C$62, IF(C3=3, C$63, IF(C3=4, C$64, "Error!!!"))), "Error!!!") -> -0.13194444 | D70: =IFERROR(IF(D3=0, D$62, IF(D3=1, D$63, "Error!!!")), "Error!!!") -> 0.074074074 | E70: =IFERROR(IF(E3=0, E$62, IF(E3=2, E$63, "Error!!!")), "Error!!!") -> -0.14285714 | F70: =IFERROR(IF(F3=0, F$62, IF(F3=1, F$63, "Error!!!")), "Error!!!") -> -0.053571429 | G70: =IFERROR(IF(G3=1, G$62, IF(G3=2, G$63, "Error!!!")), "Error!!!") -> -0.14285714 | H70: =IFERROR(IF(H3=3, H$62, IF(H3=6, H$63, IF(H3=7, H$64, "Error!!!"))), "Error!!!") -> 0.060763889 | I70: 2
B71: =IFERROR(IF(B4=0, B$62, IF(B4=1, B$63, "Error!!!")), "Error!!!") -> 0.14285714 | C71: =IFERROR(IF(C4=2, C$62, IF(C4=3, C$63, IF(C4=4, C$64, "Error!!!"))), "Error!!!") -> 0.065972222 | D71: =IFERROR(IF(D4=0, D$62, IF(D4=1, D$63, "Error!!!")), "Error!!!") -> 0.074074074 | E71: =IFERROR(IF(E4=0, E$62, IF(E4=2, E$63, "Error!!!")), "Error!!!") -> -0.14285714 | F71: =IFERROR(IF(F4=0, F$62, IF(F4=1, F$63, "Error!!!")), "Error!!!") -> -0.053571429 | G71: =IFERROR(IF(G4=1, G$62, IF(G4=2, G$63, "Error!!!")), "Error!!!") -> -0.14285714 | H71: =IFERROR(IF(H4=3, H$62, IF(H4=6, H$63, IF(H4=7, H$64, "Error!!!"))), "Error!!!") -> 0.060763889 | I71: 1
B72: =IFERROR(IF(B5=0, B$62, IF(B5=1, B$63, "Error!!!")), "Error!!!") -> -0.14285714 | C72: =IFERROR(IF(C5=2, C$62, IF(C5=3, C$63, IF(C5=4, C$64, "Error!!!"))), "Error!!!") -> 0.065972222 | D72: =IFERROR(IF(D5=0, D$62, IF(D5=1, D$63, "Error!!!")), "Error!!!") -> 0.074074074 | E72: =IFERROR(IF(E5=0, E$62, IF(E5=2, E$63, "Error!!!")), "Error!!!") -> 0.14285714 | F72: =IFERROR(IF(F5=0, F$62, IF(F5=1, F$63, "Error!!!")), "Error!!!") -> -0.053571429 | G72: =IFERROR(IF(G5=1, G$62, IF(G5=2, G$63, "Error!!!")), "Error!!!") -> 0.14285714 | H72: =IFERROR(IF(H5=3, H$62, IF(H5=6, H$63, IF(H5=7, H$64, "Error!!!"))), "Error!!!") -> 0.060763889 | I72: 2
B73: =IFERROR(IF(B6=0, B$62, IF(B6=1, B$63, "Error!!!")), "Error!!!") -> -0.14285714 | C73: =IFERROR(IF(C6=2, C$62, IF(C6=3, C$63, IF(C6=4, C$64, "Error!!!"))), "Error!!!") -> -0.13194444 | D73: =IFERROR(IF(D6=0, D$62, IF(D6=1, D$63, "Error!!!")), "Error!!!") -> 0.074074074 | E73: =IFERROR(IF(E6=0, E$62, IF(E6=2, E$63, "Error!!!")), "Error!!!") -> 0.14285714 | F73: =IFERROR(IF(F6=0, F$62, IF(F6=1, F$63, "Error!!!")), "Error!!!") -> 0.053571429 | G73: =IFERROR(IF(G6=1, G$62, IF(G6=2, G$63, "Error!!!")), "Error!!!") -> -0.14285714 | H73: =IFERROR(IF(H6=3, H$62, IF(H6=6, H$63, IF(H6=7, H$64, "Error!!!"))), "Error!!!") -> 0.060763889 | I73: 1
B74: =IFERROR(IF(B7=0, B$62, IF(B7=1, B$63, "Error!!!")), "Error!!!") -> 0.14285714 | C74: =IFERROR(IF(C7=2, C$62, IF(C7=3, C$63, IF(C7=4, C$64, "Error!!!"))), "Error!!!") -> 0.065972222 | D74: =IFERROR(IF(D7=0, D$62, IF(D7=1, D$63, "Error!!!")), "Error!!!") -> 0.074074074 | E74: =IFERROR(IF(E7=0, E$62, IF(E7=2, E$63, "Error!!!")), "Error!!!") -> -0.14285714 | F74: =IFERROR(IF(F7=0, F$62, IF(F7=1, F$63, "Error!!!")), "Error!!!") -> 0.053571429 | G74: =IFERROR(IF(G7=1, G$62, IF(G7=2, G$63, "Error!!!")), "Error!!!") -> 0.14285714 | H74: =IFERROR(IF(H7=3, H$62, IF(H7=6, H$63, IF(H7=7, H$64, "Error!!!"))), "Error!!!") -> 0.060763889 | I74: 1
B75: =IFERROR(IF(B8=0, B$62, IF(B8=1, B$63, "Error!!!")), "Error!!!") -> -0.14285714 | C75: =IFERROR(IF(C8=2, C$62, IF(C8=3, C$63, IF(C8=4, C$64, "Error!!!"))), "Error!!!") -> -0.13194444 | D75: =IFERROR(IF(D8=0, D$62, IF(D8=1, D$63, "Error!!!")), "Error!!!") -> 0.074074074 | E75: =IFERROR(IF(E8=0, E$62, IF(E8=2, E$63, "Error!!!")), "Error!!!") -> 0.14285714 | F75: =IFERROR(IF(F8=0, F$62, IF(F8=1, F$63, "Error!!!")), "Error!!!") -> -0.053571429 | G75: =IFERROR(IF(G8=1, G$62, IF(G8=2, G$63, "Error!!!")), "Error!!!") -> 0.14285714 | H75: =IFERROR(IF(H8=3, H$62, IF(H8=6, H$63, IF(H8=7, H$64, "Error!!!"))), "Error!!!") -> 0.060763889 | I75: 1
B76: =IFERROR(IF(B9=0, B$62, IF(B9=1, B$63, "Error!!!")), "Error!!!") -> -0.14285714 | C76: =IFERROR(IF(C9=2, C$62, IF(C9=3, C$63, IF(C9=4, C$64, "Error!!!"))), "Error!!!") -> 0.065972222 | D76: =IFERROR(IF(D9=0, D$62, IF(D9=1, D$63, "Error!!!")), "Error!!!") -> -0.074074074 | E76: =IFERROR(IF(E9=0, E$62, IF(E9=2, E$63, "Error!!!")), "Error!!!") -> -0.14285714 | F76: =IFERROR(IF(F9=0, F$62, IF(F9=1, F$63, "Error!!!")), "Error!!!") -> 0.053571429 | G76: =IFERROR(IF(G9=1, G$62, IF(G9=2, G$63, "Error!!!")), "Error!!!") -> -0.14285714 | H76: =IFERROR(IF(H9=3, H$62, IF(H9=6, H$63, IF(H9=7, H$64, "Error!!!"))), "Error!!!") -> -0.12152778 | I76: 2
B77: =IFERROR(IF(B10=0, B$62, IF(B10=1, B$63, "Error!!!")), "Error!!!") -> -0.14285714 | C77: =IFERROR(IF(C10=2, C$62, IF(C10=3, C$63, IF(C10=4, C$64, "Error!!!"))), "Error!!!") -> -0.13194444 | D77: =IFERROR(IF(D10=0, D$62, IF(D10=1, D$63, "Error!!!")), "Error!!!") -> 0.074074074 | E77: =IFERROR(IF(E10=0, E$62, IF(E10=2, E$63, "Error!!!")), "Error!!!") -> -0.14285714 | F77: =IFERROR(IF(F10=0, F$62, IF(F10=1, F$63, "Error!!!")), "Error!!!") -> 0.053571429 | G77: =IFERROR(IF(G10=1, G$62, IF(G10=2, G$63, "Error!!!")), "Error!!!") -> -0.14285714 | H77: =IFERROR(IF(H10=3, H$62, IF(H10=6, H$63, IF(H10=7, H$64, "Error!!!"))), "Error!!!") -> 0.060763889 | I77: 2
B78: =IFERROR(IF(B11=0, B$62, IF(B11=1, B$63, "Error!!!")), "Error!!!") -> -0.14285714 | C78: =IFERROR(IF(C11=2, C$62, IF(C11=3, C$63, IF(C11=4, C$64, "Error!!!"))), "Error!!!") -> -0.13194444 | D78: =IFERROR(IF(D11=0, D$62, IF(D11=1, D$63, "Error!!!")), "Error!!!") -> 0.074074074 | E78: =IFERROR(IF(E11=0, E$62, IF(E11=2, E$63, "Error!!!")), "Error!!!") -> -0.14285714 | F78: =IFERROR(IF(F11=0, F$62, IF(F11=1, F$63, "Error!!!")), "Error!!!") -> -0.053571429 | G78: =IFERROR(IF(G11=1, G$62, IF(G11=2, G$63, "Error!!!")), "Error!!!") -> -0.14285714 | H78: =IFERROR(IF(H11=3, H$62, IF(H11=6, H$63, IF(H11=7, H$64, "Error!!!"))), "Error!!!") -> 0.060763889 | I78: 2
B79: =IFERROR(IF(B12=0, B$62, IF(B12=1, B$63, "Error!!!")), "Error!!!") -> 0.14285714 | C79: =IFERROR(IF(C12=2, C$62, IF(C12=3, C$63, IF(C12=4, C$64, "Error!!!"))), "Error!!!") -> -0.13194444 | D79: =IFERROR(IF(D12=0, D$62, IF(D12=1, D$63, "Error!!!")), "Error!!!") -> 0.074074074 | E79: =IFERROR(IF(E12=0, E$62, IF(E12=2, E$63, "Error!!!")), "Error!!!") -> -0.14285714 | F79: =IFERROR(IF(F12=0, F$62, IF(F12=1, F$63, "Error!!!")), "Error!!!") -> -0.053571429 | G79: =IFERROR(IF(G12=1, G$62, IF(G12=2, G$63, "Error!!!")), "Error!!!") -> -0.14285714 | H79: =IFERROR(IF(H12=3, H$62, IF(H12=6, H$63, IF(H12=7, H$64, "Error!!!"))), "Error!!!") -> 0.060763889 | I79: 2
B80: 0 | C80: 0 | D80: 0 | E80: 0 | F80: 0 | G80: 0 | H80: 0

Sheet Dataset (Contribution & Weight)
A1: Heart + Disease with Contribution Values (10, 13, 2)
A2: № | O2: Class
B3: 0.52910083 | C3: -0.14285714 | D3: -0.13194444 | E3: -0.2407405 | F3: -0.0535715 | G3: 0.074074074 | H3: -0.14285714 | I3: 0.2407405 | J3: -0.053571429 | K3: -0.2407405 | L3: -0.14285714 | M3: -0.095238 | N3: 0.060763889 | O3: 2
B4: 0.52910083 | C4: 0.14285714 | D4: 0.065972222 | E4: 0.2407405 | F4: -0.0535715 | G4: 0.074074074 | H4: -0.14285714 | I4: -0.2407405 | J4: -0.053571429 | K4: -0.2407405 | L4: -0.14285714 | M4: 0.095238 | N4: 0.060763889 | O4: 1
B5: -0.52910083 | C5: -0.14285714 | D5: 0.065972222 | E5: -0.2407405 | F5: -0.0535715 | G5: 0.074074074 | H5: 0.14285714 | I5: -0.2407405 | J5: -0.053571429 | K5: 0.2407405 | L5: 0.14285714 | M5: 0.095238 | N5: 0.060763889 | O5: 2
B6: 0.52910083 | C6: -0.14285714 | D6: -0.13194444 | E6: -0.2407405 | F6: -0.0535715 | G6: 0.074074074 | H6: 0.14285714 | I6: 0.2407405 | J6: 0.053571429 | K6: 0.2407405 | L6: -0.14285714 | M6: -0.095238 | N6: 0.060763889 | O6: 1
B7: 0.52910083 | C7: 0.14285714 | D7: 0.065972222 | E7: 0.2407405 | F7: -0.0535715 | G7: 0.074074074 | H7: -0.14285714 | I7: 0.2407405 | J7: 0.053571429 | K7: 0.2407405 | L7: 0.14285714 | M7: -0.095238 | N7: 0.060763889 | O7: 1
B8: 0.52910083 | C8: -0.14285714 | D8: -0.13194444 | E8: 0.2407405 | F8: 0.0535715 | G8: 0.074074074 | H8: 0.14285714 | I8: 0.2407405 | J8: -0.053571429 | K8: 0.2407405 | L8: 0.14285714 | M8: 0.095238 | N8: 0.060763889 | O8: 1
B9: -0.52910083 | C9: -0.14285714 | D9: 0.065972222 | E9: -0.2407405 | F9: -0.0535715 | G9: -0.074074074 | H9: -0.14285714 | I9: -0.2407405 | J9: 0.053571429 | K9: -0.2407405 | L9: -0.14285714 | M9: -0.095238 | N9: -0.12152778 | O9: 2
B10: -0.52910083 | C10: -0.14285714 | D10: -0.13194444 | E10: 0.2407405 | F10: -0.0535715 | G10: 0.074074074 | H10: -0.14285714 | I10: -0.2407405 | J10: 0.053571429 | K10: -0.2407405 | L10: -0.14285714 | M10: -0.095238 | N10: 0.060763889 | O10: 2
B11: -0.52910083 | C11: -0.14285714 | D11: -0.13194444 | E11: -0.2407405 | F11: -0.0535715 | G11: 0.074074074 | H11: -0.14285714 | I11: -0.2407405 | J11: -0.053571429 | K11: -0.2407405 | L11: -0.14285714 | M11: -0.095238 | N11: 0.060763889 | O11: 2
B12: -0.52910083 | C12: 0.14285714 | D12: -0.13194444 | E12: -0.2407405 | F12: -0.0535715 | G12: 0.074074074 | H12: -0.14285714 | I12: -0.2407405 | J12: -0.053571429 | K12: -0.2407405 | L12: -0.14285714 | M12: -0.095238 | N12: 0.060763889 | O12: 2
B13: 1 | C13: 0 | D13: 0 | E13: 1 | F13: 1 | G13: 0 | H13: 0 | I13: 1 | J13: 0 | K13: 1 | L13: 0 | M13: 1 | N13: 0
B16: Weight [Heart-Disease (10, 13, 2)]
B18: 0.634921 | C18: 0.42857143 | D18: 0.79166667 | E18: 0.412698 | F18: 0.214286 | G18: 0.44444444 | H18: 0.42857143 | I18: 0.412698 | J18: 0.32142857 | K18: 0.412698 | L18: 0.42857143 | M18: 0.285714 | N18: 0.72916667
B19: =COUNTIF($B$18:$N$18, ">" & B18) + COUNTIF($B$18:B18, "=" & B18) -> 3 | C19: =COUNTIF($B$18:$N$18, ">" & C18) + COUNTIF($B$18:C18, "=" & C18) -> 5 | D19: =COUNTIF($B$18:$N$18, ">" & D18) + COUNTIF($B$18:D18, "=" & D18) -> 1 | E19: =COUNTIF($B$18:$N$18, ">" & E18) + COUNTIF($B$18:E18, "=" & E18) -> 8 | F19: =COUNTIF($B$18:$N$18, ">" & F18) + COUNTIF($B$18:F18, "=" & F18) -> 13 | G19: =COUNTIF($B$18:$N$18, ">" & G18) + COUNTIF($B$18:G18, "=" & G18) -> 4 | H19: =COUNTIF($B$18:$N$18, ">" & H18) + COUNTIF($B$18:H18, "=" & H18) -> 6 | I19: =COUNTIF($B$18:$N$18, ">" & I18) + COUNTIF($B$18:I18, "=" & I18) -> 9 | ... N19: =COUNTIF($B$18:$N$18, ">" & N18) + COUNTIF($B$18:N18, "=" & N18) -> 2

Sheet Greedy upon Weight (1-Latent)
A1: Heart + Disease with Contribution Values (10, 13, 2)
A2: № | O2: Class | Q2: K1 = | R2: 4 | U2: STEP 1 — Initialization | Z2: Class Mean (K1)
B3: 0.52910083 | C3: -0.14285714 | D3: -0.13194444 | E3: -0.2407405 | F3: -0.0535715 | G3: 0.074074074 | H3: -0.14285714 | I3: 0.2407405 | J3: -0.053571429 | K3: -0.2407405 | L3: -0.14285714 | M3: -0.095238 | N3: 0.060763889 | O3: 2 | Q3: K2 = | R3: 6 | U3: P = | V3: {x1, x2, …, x13}
B4: 0.52910083 | C4: 0.14285714 | D4: 0.065972222 | E4: 0.2407405 | F4: -0.0535715 | G4: 0.074074074 | H4: -0.14285714 | I4: -0.2407405 | J4: -0.053571429 | K4: -0.2407405 | L4: -0.14285714 | M4: 0.095238 | N4: 0.060763889 | O4: 1 | U4: |P| = | V4: =13 -> 13
B5: -0.52910083 | C5: -0.14285714 | D5: 0.065972222 | E5: -0.2407405 | F5: -0.0535715 | G5: 0.074074074 | H5: 0.14285714 | I5: -0.2407405 | J5: -0.053571429 | K5: 0.2407405 | L5: 0.14285714 | M5: 0.095238 | N5: 0.060763889 | O5: 2 | Q5: t = | U5: SET = | V5: ∅
B6: 0.52910083 | C6: -0.14285714 | D6: -0.13194444 | E6: -0.2407405 | F6: -0.0535715 | G6: 0.074074074 | H6: 0.14285714 | I6: 0.2407405 | J6: 0.053571429 | K6: 0.2407405 | L6: -0.14285714 | M6: -0.095238 | N6: 0.060763889 | O6: 1 | U6: counter = | V6: 0 | Z6: Class Mean (K2)
B7: 0.52910083 | C7: 0.14285714 | D7: 0.065972222 | E7: 0.2407405 | F7: -0.0535715 | G7: 0.074074074 | H7: -0.14285714 | I7: 0.2407405 | J7: 0.053571429 | K7: 0.2407405 | L7: 0.14285714 | M7: -0.095238 | N7: 0.060763889 | O7: 1 | Q7: t = m = | R7: 10
B8: 0.52910083 | C8: -0.14285714 | D8: -0.13194444 | E8: 0.2407405 | F8: 0.0535715 | G8: 0.074074074 | H8: 0.14285714 | I8: 0.2407405 | J8: -0.053571429 | K8: 0.2407405 | L8: 0.14285714 | M8: 0.095238 | N8: 0.060763889 | O8: 1
B9: -0.52910083 | C9: -0.14285714 | D9: 0.065972222 | E9: -0.2407405 | F9: -0.0535715 | G9: -0.074074074 | H9: -0.14285714 | I9: -0.2407405 | J9: 0.053571429 | K9: -0.2407405 | L9: -0.14285714 | M9: -0.095238 | N9: -0.12152778 | O9: 2 | Q9: u =
B10: -0.52910083 | C10: -0.14285714 | D10: -0.13194444 | E10: 0.2407405 | F10: -0.0535715 | G10: 0.074074074 | H10: -0.14285714 | I10: -0.2407405 | J10: 0.053571429 | K10: -0.2407405 | L10: -0.14285714 | M10: -0.095238 | N10: 0.060763889 | O10: 2
B11: -0.52910083 | C11: -0.14285714 | D11: -0.13194444 | E11: -0.2407405 | F11: -0.0535715 | G11: 0.074074074 | H11: -0.14285714 | I11: -0.2407405 | J11: -0.053571429 | K11: -0.2407405 | L11: -0.14285714 | M11: -0.095238 | N11: 0.060763889 | O11: 2 | Q11: q = u = | R11: argmin {θ/γ} | Z11: Intra-Class Similarity (Compactness)
B12: -0.52910083 | C12: 0.14285714 | D12: -0.13194444 | E12: -0.2407405 | F12: -0.0535715 | G12: 0.074074074 | H12: -0.14285714 | I12: -0.2407405 | J12: -0.053571429 | K12: -0.2407405 | L12: -0.14285714 | M12: -0.095238 | N12: 0.060763889 | O12: 2
B13: 1 | C13: 0 | D13: 0 | E13: 1 | F13: 1 | G13: 0 | H13: 0 | I13: 1 | J13: 0 | K13: 1 | L13: 0 | M13: 1 | N13: 0
Z15: Inter-Class Difference (Separability)
B16: Weight [Heart-Disease (10, 13, 2)] | Q16: cr1 =
T17: STEP 2 — Select initial feature (max weight)
B18: 0.634921 | C18: 0.42857143 | D18: 0.79166667 | E18: 0.412698 | F18: 0.214286 | G18: 0.44444444 | H18: 0.42857143 | I18: 0.412698 | J18: 0.32142857 | K18: 0.412698 | L18: 0.42857143 | M18: 0.285714 | N18: 0.72916667 | Q18: crit = | U18: max(W)=0.7917 ⇒ x3
B19: =COUNTIF($B$18:$N$18, ">" & B18) + COUNTIF($B$18:B18, "=" & B18) -> 3 | C19: =COUNTIF($B$18:$N$18, ">" & C18) + COUNTIF($B$18:C18, "=" & C18) -> 5 | D19: =COUNTIF($B$18:$N$18, ">" & D18) + COUNTIF($B$18:D18, "=" & D18) -> 1 | E19: =COUNTIF($B$18:$N$18, ">" & E18) + COUNTIF($B$18:E18, "=" & E18) -> 8 | F19: =COUNTIF($B$18:$N$18, ">" & F18) + COUNTIF($B$18:F18, "=" & F18) -> 13 | G19: =COUNTIF($B$18:$N$18, ">" & G18) + COUNTIF($B$18:G18, "=" & G18) -> 4 | H19: =COUNTIF($B$18:$N$18, ">" & H18) + COUNTIF($B$18:H18, "=" & H18) -> 6 | I19: =COUNTIF($B$18:$N$18, ">" & I18) + COUNTIF($B$18:I18, "=" & I18) -> 9 | ... N19: =COUNTIF($B$18:$N$18, ">" & N18) + COUNTIF($B$18:N18, "=" & N18) -> 2 | U19: SET = {5}
U20: counter = 1 | Z20: Majorizing Function (Sigmoid || Logistic)
C23: 10 | N23: 0.3
C24: 10 | K24: 1 | N24: 0.1
F25: ⇒ | I25: ⇒ | N25: 5
F26: 0 | K26: =V4-1 -> 12
A30: Calculation of Generalized Assessment | H30: STEPS
C31: + | E31: = | G31: Classes | P31: STEP 3 | U31: STEP 3 — Try adding each remaining feature
B32: -0.13194444 | C32: + | D32: 0.52910083 | E32: = | F32: =SUM(B32,D32) -> 0.39715639 | G32: 2 | H32: =IF(OR($G32=1,$G32=2), $F32 + IF($G32=1,1,-1)*$N$23*(EXP(-$F32)/(1+EXP(-$F32))), NA()) -> 0.27655767 | I32: =IF(G32=1,H32+N(I31),N(I31)) -> 0 | J32: =IF(G32=2,H32+N(J31),N(J31)) -> 0.27655767 | K32: =IFERROR(I32/COUNTIF($G$32:$G$41,1),"ERROR!!!") -> 0 | L32: =IFERROR(J32/COUNTIF($G$32:$G$41,2),"ERROR!!!") -> 0.046092945 | M32: =IF(ROW()=32, 0, M31) + ABS(H32 - IF($G32=1, $K32, $L32)) -> 0.23046472 | N32: =IF(ROW()=32, 0, N31) + ABS(H32 - IF($G32=1, $L32, $K32)) -> 0.27655767 | S32: =IF(O41<C23,O41,C23) -> 0.3805993 | V32: x ∈ P \ {x3}
B33: 0.065972222 | C33: + | D33: 0.52910083 | E33: = | F33: =SUM(B33,D33) -> 0.59507306 | G33: 1 | H33: =IF(OR($G33=1,$G33=2), $F33 + IF($G33=1,1,-1)*$N$23*(EXP(-$F33)/(1+EXP(-$F33))), NA()) -> 0.70171457 | I33: =IF(G33=1,H33+N(I32),N(I32)) -> 0.70171457 | J33: =IF(G33=2,H33+N(J32),N(J32)) -> 0.27655767 | K33: =IFERROR(I33/COUNTIF($G$32:$G$41,1),"ERROR!!!") -> 0.17542864 | L33: =IFERROR(J33/COUNTIF($G$32:$G$41,2),"ERROR!!!") -> 0.046092945 | M33: =IF(ROW()=32, 0, M32) + ABS(H33 - IF($G33=1, $K33, $L33)) -> 0.75675065 | N33: =IF(ROW()=32, 0, N32) + ABS(H33 - IF($G33=1, $L33, $K33)) -> 0.93217929 | S33: 1 | U33: Candidate: add x1
B34: 0.065972222 | C34: + | D34: -0.52910083 | E34: = | F34: =SUM(B34,D34) -> -0.46312861 | G34: 2 | H34: =IF(OR($G34=1,$G34=2), $F34 + IF($G34=1,1,-1)*$N$23*(EXP(-$F34)/(1+EXP(-$F34))), NA()) -> -0.64725544 | I34: =IF(G34=1,H34+N(I33),N(I33)) -> 0.70171457 | J34: =IF(G34=2,H34+N(J33),N(J33)) -> -0.37069778 | K34: =IFERROR(I34/COUNTIF($G$32:$G$41,1),"ERROR!!!") -> 0.17542864 | L34: =IFERROR(J34/COUNTIF($G$32:$G$41,2),"ERROR!!!") -> -0.061782963 | M34: =IF(ROW()=32, 0, M33) + ABS(H34 - IF($G34=1, $K34, $L34)) -> 1.3422231 | N34: =IF(ROW()=32, 0, N33) + ABS(H34 - IF($G34=1, $L34, $K34)) -> 1.7548634 | S34: =IF(O41<C23,S33,F26) -> 1 | U34: New temporary latent value:
B35: -0.13194444 | C35: + | D35: 0.52910083 | E35: = | F35: =SUM(B35,D35) -> 0.39715639 | G35: 1 | H35: =IF(OR($G35=1,$G35=2), $F35 + IF($G35=1,1,-1)*$N$23*(EXP(-$F35)/(1+EXP(-$F35))), NA()) -> 0.51775511 | I35: =IF(G35=1,H35+N(I34),N(I34)) -> 1.2194697 | J35: =IF(G35=2,H35+N(J34),N(J34)) -> -0.37069778 | K35: =IFERROR(I35/COUNTIF($G$32:$G$41,1),"ERROR!!!") -> 0.30486742 | L35: =IFERROR(J35/COUNTIF($G$32:$G$41,2),"ERROR!!!") -> -0.061782963 | M35: =IF(ROW()=32, 0, M34) + ABS(H35 - IF($G35=1, $K35, $L35)) -> 1.5551108 | N35: =IF(ROW()=32, 0, N34) + ABS(H35 - IF($G35=1, $L35, $K35)) -> 2.3344014
B36: 0.065972222 | C36: + | D36: 0.52910083 | E36: = | F36: =SUM(B36,D36) -> 0.59507306 | G36: 1 | H36: =IF(OR($G36=1,$G36=2), $F36 + IF($G36=1,1,-1)*$N$23*(EXP(-$F36)/(1+EXP(-$F36))), NA()) -> 0.70171457 | I36: =IF(G36=1,H36+N(I35),N(I35)) -> 1.9211842 | J36: =IF(G36=2,H36+N(J35),N(J35)) -> -0.37069778 | K36: =IFERROR(I36/COUNTIF($G$32:$G$41,1),"ERROR!!!") -> 0.48029606 | L36: =IFERROR(J36/COUNTIF($G$32:$G$41,2),"ERROR!!!") -> -0.061782963 | M36: =IF(ROW()=32, 0, M35) + ABS(H36 - IF($G36=1, $K36, $L36)) -> 1.7765293 | N36: =IF(ROW()=32, 0, N35) + ABS(H36 - IF($G36=1, $L36, $K36)) -> 3.097899
B37: -0.13194444 | C37: + | D37: 0.52910083 | E37: = | F37: =SUM(B37,D37) -> 0.39715639 | G37: 1 | H37: =IF(OR($G37=1,$G37=2), $F37 + IF($G37=1,1,-1)*$N$23*(EXP(-$F37)/(1+EXP(-$F37))), NA()) -> 0.51775511 | I37: =IF(G37=1,H37+N(I36),N(I36)) -> 2.4389394 | J37: =IF(G37=2,H37+N(J36),N(J36)) -> -0.37069778 | K37: =IFERROR(I37/COUNTIF($G$32:$G$41,1),"ERROR!!!") -> 0.60973484 | L37: =IFERROR(J37/COUNTIF($G$32:$G$41,2),"ERROR!!!") -> -0.061782963 | M37: =IF(ROW()=32, 0, M36) + ABS(H37 - IF($G37=1, $K37, $L37)) -> 1.8685091 | N37: =IF(ROW()=32, 0, N36) + ABS(H37 - IF($G37=1, $L37, $K37)) -> 3.6774371
B38: 0.065972222 | C38: + | D38: -0.52910083 | E38: = | F38: =SUM(B38,D38) -> -0.46312861 | G38: 2 | H38: =IF(OR($G38=1,$G38=2), $F38 + IF($G38=1,1,-1)*$N$23*(EXP(-$F38)/(1+EXP(-$F38))), NA()) -> -0.64725544 | I38: =IF(G38=1,H38+N(I37),N(I37)) -> 2.4389394 | J38: =IF(G38=2,H38+N(J37),N(J37)) -> -1.0179532 | K38: =IFERROR(I38/COUNTIF($G$32:$G$41,1),"ERROR!!!") -> 0.60973484 | L38: =IFERROR(J38/COUNTIF($G$32:$G$41,2),"ERROR!!!") -> -0.16965887 | M38: =IF(ROW()=32, 0, M37) + ABS(H38 - IF($G38=1, $K38, $L38)) -> 2.3461056 | N38: =IF(ROW()=32, 0, N37) + ABS(H38 - IF($G38=1, $L38, $K38)) -> 4.9344273
B39: -0.13194444 | C39: + | D39: -0.52910083 | E39: = | F39: =SUM(B39,D39) -> -0.66104528 | G39: 2 | H39: =IF(OR($G39=1,$G39=2), $F39 + IF($G39=1,1,-1)*$N$23*(EXP(-$F39)/(1+EXP(-$F39))), NA()) -> -0.85889382 | I39: =IF(G39=1,H39+N(I38),N(I38)) -> 2.4389394 | J39: =IF(G39=2,H39+N(J38),N(J38)) -> -1.876847 | K39: =IFERROR(I39/COUNTIF($G$32:$G$41,1),"ERROR!!!") -> 0.60973484 | L39: =IFERROR(J39/COUNTIF($G$32:$G$41,2),"ERROR!!!") -> -0.31280784 | M39: =IF(ROW()=32, 0, M38) + ABS(H39 - IF($G39=1, $K39, $L39)) -> 2.8921916 | N39: =IF(ROW()=32, 0, N38) + ABS(H39 - IF($G39=1, $L39, $K39)) -> 6.403056
B40: -0.13194444 | C40: + | D40: -0.52910083 | E40: = | F40: =SUM(B40,D40) -> -0.66104528 | G40: 2 | H40: =IF(OR($G40=1,$G40=2), $F40 + IF($G40=1,1,-1)*$N$23*(EXP(-$F40)/(1+EXP(-$F40))), NA()) -> -0.85889382 | I40: =IF(G40=1,H40+N(I39),N(I39)) -> 2.4389394 | J40: =IF(G40=2,H40+N(J39),N(J39)) -> -2.7357409 | K40: =IFERROR(I40/COUNTIF($G$32:$G$41,1),"ERROR!!!") -> 0.60973484 | L40: =IFERROR(J40/COUNTIF($G$32:$G$41,2),"ERROR!!!") -> -0.45595681 | M40: =IF(ROW()=32, 0, M39) + ABS(H40 - IF($G40=1, $K40, $L40)) -> 3.2951286 | N40: =IF(ROW()=32, 0, N39) + ABS(H40 - IF($G40=1, $L40, $K40)) -> 7.8716847
B41: -0.13194444 | C41: + | D41: -0.52910083 | E41: = | F41: =SUM(B41,D41) -> -0.66104528 | G41: 2 | H41: =IF(OR($G41=1,$G41=2), $F41 + IF($G41=1,1,-1)*$N$23*(EXP(-$F41)/(1+EXP(-$F41))), NA()) -> -0.85889382 | I41: =IF(G41=1,H41+N(I40),N(I40)) -> 2.4389394 | J41: =IF(G41=2,H41+N(J40),N(J40)) -> -3.5946347 | K41: =IFERROR(I41/COUNTIF($G$32:$G$41,1),"ERROR!!!") -> 0.60973484 | L41: =IFERROR(J41/COUNTIF($G$32:$G$41,2),"ERROR!!!") -> -0.59910578 | M41: =IF(ROW()=32, 0, M40) + ABS(H41 - IF($G41=1, $K41, $L41)) -> 3.5549167 | N41: =IF(ROW()=32, 0, N40) + ABS(H41 - IF($G41=1, $L41, $K41)) -> 9.3403133 | O41: =M41/N41 -> 0.3805993
A45: Calculation of Generalized Assessment | H45: STEPS
C46: + | E46: = | G46: Classes | P46: STEP 3 | U46: STEP 3 — Try adding each remaining feature
B47: -0.13194444 | C47: + | D47: -0.14285714 | E47: = | F47: =SUM(B47,D47) -> -0.27480159 | G47: 2 | H47: =IF(OR($G47=1,$G47=2), $F47 + IF($G47=1,1,-1)*$N$23*(EXP(-$F47)/(1+EXP(-$F47))), NA()) -> -0.44528298 | I47: =IF(G47=1,H47+N(I46),N(I46)) -> 0 | J47: =IF(G47=2,H47+N(J46),N(J46)) -> -0.44528298 | K47: =IFERROR(I47/COUNTIF($G$47:$G$56,1),"ERROR!!!") -> 0 | L47: =IFERROR(J47/COUNTIF($G$47:$G$56,2),"ERROR!!!") -> -0.07421383 | M47: =IF(ROW()=47, 0, M46) + ABS(H47 - IF($G47=1, $K47, $L47)) -> 0.37106915 | N47: =IF(ROW()=47, 0, N46) + ABS(H47 - IF($G47=1, $L47, $K47)) -> 0.44528298 | R47: cr1 = | S47: =IF(O56<S32,O56,S32) -> 0.3805993 | V47: x ∈ P \ {x3}
B48: 0.065972222 | C48: + | D48: 0.14285714 | E48: = | F48: =SUM(B48,D48) -> 0.20882937 | G48: 1 | H48: =IF(OR($G48=1,$G48=2), $F48 + IF($G48=1,1,-1)*$N$23*(EXP(-$F48)/(1+EXP(-$F48))), NA()) -> 0.34322383 | I48: =IF(G48=1,H48+N(I47),N(I47)) -> 0.34322383 | J48: =IF(G48=2,H48+N(J47),N(J47)) -> -0.44528298 | K48: =IFERROR(I48/COUNTIF($G$47:$G$56,1),"ERROR!!!") -> 0.085805959 | L48: =IFERROR(J48/COUNTIF($G$47:$G$56,2),"ERROR!!!") -> -0.07421383 | M48: =IF(ROW()=47, 0, M47) + ABS(H48 - IF($G48=1, $K48, $L48)) -> 0.62848702 | N48: =IF(ROW()=47, 0, N47) + ABS(H48 - IF($G48=1, $L48, $K48)) -> 0.86272064 | R48: u = | S48: 2 | U48: Candidate: add x2
B49: 0.065972222 | C49: + | D49: -0.14285714 | E49: = | F49: =SUM(B49,D49) -> -0.076884921 | G49: 2 | H49: =IF(OR($G49=1,$G49=2), $F49 + IF($G49=1,1,-1)*$N$23*(EXP(-$F49)/(1+EXP(-$F49))), NA()) -> -0.23264845 | I49: =IF(G49=1,H49+N(I48),N(I48)) -> 0.34322383 | J49: =IF(G49=2,H49+N(J48),N(J48)) -> -0.67793143 | K49: =IFERROR(I49/COUNTIF($G$47:$G$56,1),"ERROR!!!") -> 0.085805959 | L49: =IFERROR(J49/COUNTIF($G$47:$G$56,2),"ERROR!!!") -> -0.11298857 | M49: =IF(ROW()=47, 0, M48) + ABS(H49 - IF($G49=1, $K49, $L49)) -> 0.7481469 | N49: =IF(ROW()=47, 0, N48) + ABS(H49 - IF($G49=1, $L49, $K49)) -> 1.1811751 | R49: q = | S49: =IF(O56<S32,S48,S34) -> 1 | U49: New temporary latent value:
B50: -0.13194444 | C50: + | D50: -0.14285714 | E50: = | F50: =SUM(B50,D50) -> -0.27480159 | G50: 1 | H50: =IF(OR($G50=1,$G50=2), $F50 + IF($G50=1,1,-1)*$N$23*(EXP(-$F50)/(1+EXP(-$F50))), NA()) -> -0.1043202 | I50: =IF(G50=1,H50+N(I49),N(I49)) -> 0.23890364 | J50: =IF(G50=2,H50+N(J49),N(J49)) -> -0.67793143 | K50: =IFERROR(I50/COUNTIF($G$47:$G$56,1),"ERROR!!!") -> 0.05972591 | L50: =IFERROR(J50/COUNTIF($G$47:$G$56,2),"ERROR!!!") -> -0.11298857 | M50: =IF(ROW()=47, 0, M49) + ABS(H50 - IF($G50=1, $K50, $L50)) -> 0.91219301 | N50: =IF(ROW()=47, 0, N49) + ABS(H50 - IF($G50=1, $L50, $K50)) -> 1.1898434
B51: 0.065972222 | C51: + | D51: 0.14285714 | E51: = | F51: =SUM(B51,D51) -> 0.20882937 | G51: 1 | H51: =IF(OR($G51=1,$G51=2), $F51 + IF($G51=1,1,-1)*$N$23*(EXP(-$F51)/(1+EXP(-$F51))), NA()) -> 0.34322383 | I51: =IF(G51=1,H51+N(I50),N(I50)) -> 0.58212747 | J51: =IF(G51=2,H51+N(J50),N(J50)) -> -0.67793143 | K51: =IFERROR(I51/COUNTIF($G$47:$G$56,1),"ERROR!!!") -> 0.14553187 | L51: =IFERROR(J51/COUNTIF($G$47:$G$56,2),"ERROR!!!") -> -0.11298857 | M51: =IF(ROW()=47, 0, M50) + ABS(H51 - IF($G51=1, $K51, $L51)) -> 1.109885 | N51: =IF(ROW()=47, 0, N50) + ABS(H51 - IF($G51=1, $L51, $K51)) -> 1.6460558
B52: -0.13194444 | C52: + | D52: -0.14285714 | E52: = | F52: =SUM(B52,D52) -> -0.27480159 | G52: 1 | H52: =IF(OR($G52=1,$G52=2), $F52 + IF($G52=1,1,-1)*$N$23*(EXP(-$F52)/(1+EXP(-$F52))), NA()) -> -0.1043202 | I52: =IF(G52=1,H52+N(I51),N(I51)) -> 0.47780728 | J52: =IF(G52=2,H52+N(J51),N(J51)) -> -0.67793143 | K52: =IFERROR(I52/COUNTIF($G$47:$G$56,1),"ERROR!!!") -> 0.11945182 | L52: =IFERROR(J52/COUNTIF($G$47:$G$56,2),"ERROR!!!") -> -0.11298857 | M52: =IF(ROW()=47, 0, M51) + ABS(H52 - IF($G52=1, $K52, $L52)) -> 1.333657 | N52: =IF(ROW()=47, 0, N51) + ABS(H52 - IF($G52=1, $L52, $K52)) -> 1.6547242
B53: 0.065972222 | C53: + | D53: -0.14285714 | E53: = | F53: =SUM(B53,D53) -> -0.076884921 | G53: 2 | H53: =IF(OR($G53=1,$G53=2), $F53 + IF($G53=1,1,-1)*$N$23*(EXP(-$F53)/(1+EXP(-$F53))), NA()) -> -0.23264845 | I53: =IF(G53=1,H53+N(I52),N(I52)) -> 0.47780728 | J53: =IF(G53=2,H53+N(J52),N(J52)) -> -0.91057988 | K53: =IFERROR(I53/COUNTIF($G$47:$G$56,1),"ERROR!!!") -> 0.11945182 | L53: =IFERROR(J53/COUNTIF($G$47:$G$56,2),"ERROR!!!") -> -0.15176331 | M53: =IF(ROW()=47, 0, M52) + ABS(H53 - IF($G53=1, $K53, $L53)) -> 1.4145421 | N53: =IF(ROW()=47, 0, N52) + ABS(H53 - IF($G53=1, $L53, $K53)) -> 2.0068245
B54: -0.13194444 | C54: + | D54: -0.14285714 | E54: = | F54: =SUM(B54,D54) -> -0.27480159 | G54: 2 | H54: =IF(OR($G54=1,$G54=2), $F54 + IF($G54=1,1,-1)*$N$23*(EXP(-$F54)/(1+EXP(-$F54))), NA()) -> -0.44528298 | I54: =IF(G54=1,H54+N(I53),N(I53)) -> 0.47780728 | J54: =IF(G54=2,H54+N(J53),N(J53)) -> -1.3558629 | K54: =IFERROR(I54/COUNTIF($G$47:$G$56,1),"ERROR!!!") -> 0.11945182 | L54: =IFERROR(J54/COUNTIF($G$47:$G$56,2),"ERROR!!!") -> -0.22597714 | M54: =IF(ROW()=47, 0, M53) + ABS(H54 - IF($G54=1, $K54, $L54)) -> 1.633848 | N54: =IF(ROW()=47, 0, N53) + ABS(H54 - IF($G54=1, $L54, $K54)) -> 2.5715593
B55: -0.13194444 | C55: + | D55: -0.14285714 | E55: = | F55: =SUM(B55,D55) -> -0.27480159 | G55: 2 | H55: =IF(OR($G55=1,$G55=2), $F55 + IF($G55=1,1,-1)*$N$23*(EXP(-$F55)/(1+EXP(-$F55))), NA()) -> -0.44528298 | I55: =IF(G55=1,H55+N(I54),N(I54)) -> 0.47780728 | J55: =IF(G55=2,H55+N(J54),N(J54)) -> -1.8011458 | K55: =IFERROR(I55/COUNTIF($G$47:$G$56,1),"ERROR!!!") -> 0.11945182 | L55: =IFERROR(J55/COUNTIF($G$47:$G$56,2),"ERROR!!!") -> -0.30019097 | M55: =IF(ROW()=47, 0, M54) + ABS(H55 - IF($G55=1, $K55, $L55)) -> 1.77894 | N55: =IF(ROW()=47, 0, N54) + ABS(H55 - IF($G55=1, $L55, $K55)) -> 3.1362941
B56: -0.13194444 | C56: + | D56: 0.14285714 | E56: = | F56: =SUM(B56,D56) -> 0.010912698 | G56: 2 | H56: =IF(OR($G56=1,$G56=2), $F56 + IF($G56=1,1,-1)*$N$23*(EXP(-$F56)/(1+EXP(-$F56))), NA()) -> -0.13826886 | I56: =IF(G56=1,H56+N(I55),N(I55)) -> 0.47780728 | J56: =IF(G56=2,H56+N(J55),N(J55)) -> -1.9394147 | K56: =IFERROR(I56/COUNTIF($G$47:$G$56,1),"ERROR!!!") -> 0.11945182 | L56: =IFERROR(J56/COUNTIF($G$47:$G$56,2),"ERROR!!!") -> -0.32323578 | M56: =IF(ROW()=47, 0, M55) + ABS(H56 - IF($G56=1, $K56, $L56)) -> 1.9639069 | N56: =IF(ROW()=47, 0, N55) + ABS(H56 - IF($G56=1, $L56, $K56)) -> 3.3940148 | O56: =M56/N56 -> 0.57863829
A60: Calculation of Generalized Assessment | H60: STEPS
C61: + | E61: = | G61: Classes | P61: STEP 3
B62: -0.13194444 | C62: + | D62: -0.2407405 | E62: = | F62: =SUM(B62,D62) -> -0.37268494 | G62: 2 | H62: =IF(OR($G62=1,$G62=2), $F62 + IF($G62=1,1,-1)*$N$23*(EXP(-$F62)/(1+EXP(-$F62))), NA()) -> -0.55031722 | I62: =IF(G62=1,H62+N(I61),N(I61)) -> 0 | J62: =IF(G62=2,H62+N(J61),N(J61)) -> -0.55031722 | K62: =IFERROR(I62/COUNTIF($G$62:$G$71,1),"ERROR!!!") -> 0 | L62: =IFERROR(J62/COUNTIF($G$62:$G$71,2),"ERROR!!!") -> -0.091719537 | M62: =IF(ROW()=62, 0, M61) + ABS(H62 - IF($G62=1, $K62, $L62)) -> 0.45859769 | N62: =IF(ROW()=62, 0, N61) + ABS(H62 - IF($G62=1, $L62, $K62)) -> 0.55031722 | R62: cr1 = | S62: =IF(O71<S47,O71,S47) -> 0.3805993
B63: 0.065972222 | C63: + | D63: 0.2407405 | E63: = | F63: =SUM(B63,D63) -> 0.30671272 | G63: 1 | H63: =IF(OR($G63=1,$G63=2), $F63 + IF($G63=1,1,-1)*$N$23*(EXP(-$F63)/(1+EXP(-$F63))), NA()) -> 0.43388792 | I63: =IF(G63=1,H63+N(I62),N(I62)) -> 0.43388792 | J63: =IF(G63=2,H63+N(J62),N(J62)) -> -0.55031722 | K63: =IFERROR(I63/COUNTIF($G$62:$G$71,1),"ERROR!!!") -> 0.10847198 | L63: =IFERROR(J63/COUNTIF($G$62:$G$71,2),"ERROR!!!") -> -0.091719537 | M63: =IF(ROW()=62, 0, M62) + ABS(H63 - IF($G63=1, $K63, $L63)) -> 0.78401363 | N63: =IF(ROW()=62, 0, N62) + ABS(H63 - IF($G63=1, $L63, $K63)) -> 1.0759247 | R63: u = | S63: 4
B64: 0.065972222 | C64: + | D64: -0.2407405 | E64: = | F64: =SUM(B64,D64) -> -0.17476828 | G64: 2 | H64: =IF(OR($G64=1,$G64=2), $F64 + IF($G64=1,1,-1)*$N$23*(EXP(-$F64)/(1+EXP(-$F64))), NA()) -> -0.33784264 | I64: =IF(G64=1,H64+N(I63),N(I63)) -> 0.43388792 | J64: =IF(G64=2,H64+N(J63),N(J63)) -> -0.88815986 | K64: =IFERROR(I64/COUNTIF($G$62:$G$71,1),"ERROR!!!") -> 0.10847198 | L64: =IFERROR(J64/COUNTIF($G$62:$G$71,2),"ERROR!!!") -> -0.14802664 | M64: =IF(ROW()=62, 0, M63) + ABS(H64 - IF($G64=1, $K64, $L64)) -> 0.97382962 | N64: =IF(ROW()=62, 0, N63) + ABS(H64 - IF($G64=1, $L64, $K64)) -> 1.5222393 | R64: q = | S64: =IF(O71<S47,S63,S49) -> 1
B65: -0.13194444 | C65: + | D65: -0.2407405 | E65: = | F65: =SUM(B65,D65) -> -0.37268494 | G65: 1 | H65: =IF(OR($G65=1,$G65=2), $F65 + IF($G65=1,1,-1)*$N$23*(EXP(-$F65)/(1+EXP(-$F65))), NA()) -> -0.19505267 | I65: =IF(G65=1,H65+N(I64),N(I64)) -> 0.23883526 | J65: =IF(G65=2,H65+N(J64),N(J64)) -> -0.88815986 | K65: =IFERROR(I65/COUNTIF($G$62:$G$71,1),"ERROR!!!") -> 0.059708814 | L65: =IFERROR(J65/COUNTIF($G$62:$G$71,2),"ERROR!!!") -> -0.14802664 | M65: =IF(ROW()=62, 0, M64) + ABS(H65 - IF($G65=1, $K65, $L65)) -> 1.2285911 | N65: =IF(ROW()=62, 0, N64) + ABS(H65 - IF($G65=1, $L65, $K65)) -> 1.5692653
B66: 0.065972222 | C66: + | D66: 0.2407405 | E66: = | F66: =SUM(B66,D66) -> 0.30671272 | G66: 1 | H66: =IF(OR($G66=1,$G66=2), $F66 + IF($G66=1,1,-1)*$N$23*(EXP(-$F66)/(1+EXP(-$F66))), NA()) -> 0.43388792 | I66: =IF(G66=1,H66+N(I65),N(I65)) -> 0.67272318 | J66: =IF(G66=2,H66+N(J65),N(J65)) -> -0.88815986 | K66: =IFERROR(I66/COUNTIF($G$62:$G$71,1),"ERROR!!!") -> 0.16818079 | L66: =IFERROR(J66/COUNTIF($G$62:$G$71,2),"ERROR!!!") -> -0.14802664 | M66: =IF(ROW()=62, 0, M65) + ABS(H66 - IF($G66=1, $K66, $L66)) -> 1.4942982 | N66: =IF(ROW()=62, 0, N65) + ABS(H66 - IF($G66=1, $L66, $K66)) -> 2.1511799
B67: -0.13194444 | C67: + | D67: 0.2407405 | E67: = | F67: =SUM(B67,D67) -> 0.10879606 | G67: 1 | H67: =IF(OR($G67=1,$G67=2), $F67 + IF($G67=1,1,-1)*$N$23*(EXP(-$F67)/(1+EXP(-$F67))), NA()) -> 0.25064439 | I67: =IF(G67=1,H67+N(I66),N(I66)) -> 0.92336757 | J67: =IF(G67=2,H67+N(J66),N(J66)) -> -0.88815986 | K67: =IFERROR(I67/COUNTIF($G$62:$G$71,1),"ERROR!!!") -> 0.23084189 | L67: =IFERROR(J67/COUNTIF($G$62:$G$71,2),"ERROR!!!") -> -0.14802664 | M67: =IF(ROW()=62, 0, M66) + ABS(H67 - IF($G67=1, $K67, $L67)) -> 1.5141007 | N67: =IF(ROW()=62, 0, N66) + ABS(H67 - IF($G67=1, $L67, $K67)) -> 2.5498509
B68: 0.065972222 | C68: + | D68: -0.2407405 | E68: = | F68: =SUM(B68,D68) -> -0.17476828 | G68: 2 | H68: =IF(OR($G68=1,$G68=2), $F68 + IF($G68=1,1,-1)*$N$23*(EXP(-$F68)/(1+EXP(-$F68))), NA()) -> -0.33784264 | I68: =IF(G68=1,H68+N(I67),N(I67)) -> 0.92336757 | J68: =IF(G68=2,H68+N(J67),N(J67)) -> -1.2260025 | K68: =IFERROR(I68/COUNTIF($G$62:$G$71,1),"ERROR!!!") -> 0.23084189 | L68: =IFERROR(J68/COUNTIF($G$62:$G$71,2),"ERROR!!!") -> -0.20433375 | M68: =IF(ROW()=62, 0, M67) + ABS(H68 - IF($G68=1, $K68, $L68)) -> 1.6476096 | N68: =IF(ROW()=62, 0, N67) + ABS(H68 - IF($G68=1, $L68, $K68)) -> 3.1185354
B69: -0.13194444 | C69: + | D69: 0.2407405 | E69: = | F69: =SUM(B69,D69) -> 0.10879606 | G69: 2 | H69: =IF(OR($G69=1,$G69=2), $F69 + IF($G69=1,1,-1)*$N$23*(EXP(-$F69)/(1+EXP(-$F69))), NA()) -> -0.033052279 | I69: =IF(G69=1,H69+N(I68),N(I68)) -> 0.92336757 | J69: =IF(G69=2,H69+N(J68),N(J68)) -> -1.2590548 | K69: =IFERROR(I69/COUNTIF($G$62:$G$71,1),"ERROR!!!") -> 0.23084189 | L69: =IFERROR(J69/COUNTIF($G$62:$G$71,2),"ERROR!!!") -> -0.20984246 | M69: =IF(ROW()=62, 0, M68) + ABS(H69 - IF($G69=1, $K69, $L69)) -> 1.8243998 | N69: =IF(ROW()=62, 0, N68) + ABS(H69 - IF($G69=1, $L69, $K69)) -> 3.3824296
B70: -0.13194444 | C70: + | D70: -0.2407405 | E70: = | F70: =SUM(B70,D70) -> -0.37268494 | G70: 2 | H70: =IF(OR($G70=1,$G70=2), $F70 + IF($G70=1,1,-1)*$N$23*(EXP(-$F70)/(1+EXP(-$F70))), NA()) -> -0.55031722 | I70: =IF(G70=1,H70+N(I69),N(I69)) -> 0.92336757 | J70: =IF(G70=2,H70+N(J69),N(J69)) -> -1.809372 | K70: =IFERROR(I70/COUNTIF($G$62:$G$71,1),"ERROR!!!") -> 0.23084189 | L70: =IFERROR(J70/COUNTIF($G$62:$G$71,2),"ERROR!!!") -> -0.301562 | M70: =IF(ROW()=62, 0, M69) + ABS(H70 - IF($G70=1, $K70, $L70)) -> 2.073155 | N70: =IF(ROW()=62, 0, N69) + ABS(H70 - IF($G70=1, $L70, $K70)) -> 4.1635887
B71: -0.13194444 | C71: + | D71: -0.2407405 | E71: = | F71: =SUM(B71,D71) -> -0.37268494 | G71: 2 | H71: =IF(OR($G71=1,$G71=2), $F71 + IF($G71=1,1,-1)*$N$23*(EXP(-$F71)/(1+EXP(-$F71))), NA()) -> -0.55031722 | I71: =IF(G71=1,H71+N(I70),N(I70)) -> 0.92336757 | J71: =IF(G71=2,H71+N(J70),N(J70)) -> -2.3596892 | K71: =IFERROR(I71/COUNTIF($G$62:$G$71,1),"ERROR!!!") -> 0.23084189 | L71: =IFERROR(J71/COUNTIF($G$62:$G$71,2),"ERROR!!!") -> -0.39328154 | M71: =IF(ROW()=62, 0, M70) + ABS(H71 - IF($G71=1, $K71, $L71)) -> 2.2301907 | N71: =IF(ROW()=62, 0, N70) + ABS(H71 - IF($G71=1, $L71, $K71)) -> 4.9447478 | O71: =M71/N71 -> 0.45102213
A75: Calculation of Generalized Assessment | H75: STEPS
C76: + | E76: = | G76: Classes | P76: STEP 3
B77: -0.13194444 | C77: + | D77: -0.0535715 | E77: = | F77: =SUM(B77,D77) -> -0.18551594 | G77: 2 | H77: =IF(OR($G77=1,$G77=2), $F77 + IF($G77=1,1,-1)*$N$23*(EXP(-$F77)/(1+EXP(-$F77))), NA()) -> -0.34938987 | I77: =IF(G77=1,H77+N(I76),N(I76)) -> 0 | J77: =IF(G77=2,H77+N(J76),N(J76)) -> -0.34938987 | K77: =IFERROR(I77/COUNTIF($G$77:$G$86,1),"ERROR!!!") -> 0 | L77: =IFERROR(J77/COUNTIF($G$77:$G$86,2),"ERROR!!!") -> -0.058231645 | M77: =IF(ROW()=77, 0, M76) + ABS(H77 - IF($G77=1, $K77, $L77)) -> 0.29115823 | N77: =IF(ROW()=77, 0, N76) + ABS(H77 - IF($G77=1, $L77, $K77)) -> 0.34938987 | R77: cr1 = | S77: =IF(O86<S62,O86,S62) -> 0.37837967
B78: 0.065972222 | C78: + | D78: -0.0535715 | E78: = | F78: =SUM(B78,D78) -> 0.012400722 | G78: 1 | H78: =IF(OR($G78=1,$G78=2), $F78 + IF($G78=1,1,-1)*$N$23*(EXP(-$F78)/(1+EXP(-$F78))), NA()) -> 0.16147068 | I78: =IF(G78=1,H78+N(I77),N(I77)) -> 0.16147068 | J78: =IF(G78=2,H78+N(J77),N(J77)) -> -0.34938987 | K78: =IFERROR(I78/COUNTIF($G$77:$G$86,1),"ERROR!!!") -> 0.04036767 | L78: =IFERROR(J78/COUNTIF($G$77:$G$86,2),"ERROR!!!") -> -0.058231645 | M78: =IF(ROW()=77, 0, M77) + ABS(H78 - IF($G78=1, $K78, $L78)) -> 0.41226124 | N78: =IF(ROW()=77, 0, N77) + ABS(H78 - IF($G78=1, $L78, $K78)) -> 0.5690922 | R78: u = | S78: 5
B79: 0.065972222 | C79: + | D79: -0.0535715 | E79: = | F79: =SUM(B79,D79) -> 0.012400722 | G79: 2 | H79: =IF(OR($G79=1,$G79=2), $F79 + IF($G79=1,1,-1)*$N$23*(EXP(-$F79)/(1+EXP(-$F79))), NA()) -> -0.13666924 | I79: =IF(G79=1,H79+N(I78),N(I78)) -> 0.16147068 | J79: =IF(G79=2,H79+N(J78),N(J78)) -> -0.48605911 | K79: =IFERROR(I79/COUNTIF($G$77:$G$86,1),"ERROR!!!") -> 0.04036767 | L79: =IFERROR(J79/COUNTIF($G$77:$G$86,2),"ERROR!!!") -> -0.081009851 | M79: =IF(ROW()=77, 0, M78) + ABS(H79 - IF($G79=1, $K79, $L79)) -> 0.46792062 | N79: =IF(ROW()=77, 0, N78) + ABS(H79 - IF($G79=1, $L79, $K79)) -> 0.7461291 | R79: q = | S79: =IF(O86<S62,S78,S64) -> 5
B80: -0.13194444 | C80: + | D80: -0.0535715 | E80: = | F80: =SUM(B80,D80) -> -0.18551594 | G80: 1 | H80: =IF(OR($G80=1,$G80=2), $F80 + IF($G80=1,1,-1)*$N$23*(EXP(-$F80)/(1+EXP(-$F80))), NA()) -> -0.021642016 | I80: =IF(G80=1,H80+N(I79),N(I79)) -> 0.13982866 | J80: =IF(G80=2,H80+N(J79),N(J79)) -> -0.48605911 | K80: =IFERROR(I80/COUNTIF($G$77:$G$86,1),"ERROR!!!") -> 0.034957166 | L80: =IFERROR(J80/COUNTIF($G$77:$G$86,2),"ERROR!!!") -> -0.081009851 | M80: =IF(ROW()=77, 0, M79) + ABS(H80 - IF($G80=1, $K80, $L80)) -> 0.5245198 | N80: =IF(ROW()=77, 0, N79) + ABS(H80 - IF($G80=1, $L80, $K80)) -> 0.80549694
B81: 0.065972222 | C81: + | D81: -0.0535715 | E81: = | F81: =SUM(B81,D81) -> 0.012400722 | G81: 1 | H81: =IF(OR($G81=1,$G81=2), $F81 + IF($G81=1,1,-1)*$N$23*(EXP(-$F81)/(1+EXP(-$F81))), NA()) -> 0.16147068 | I81: =IF(G81=1,H81+N(I80),N(I80)) -> 0.30129934 | J81: =IF(G81=2,H81+N(J80),N(J80)) -> -0.48605911 | K81: =IFERROR(I81/COUNTIF($G$77:$G$86,1),"ERROR!!!") -> 0.075324836 | L81: =IFERROR(J81/COUNTIF($G$77:$G$86,2),"ERROR!!!") -> -0.081009851 | M81: =IF(ROW()=77, 0, M80) + ABS(H81 - IF($G81=1, $K81, $L81)) -> 0.61066565 | N81: =IF(ROW()=77, 0, N80) + ABS(H81 - IF($G81=1, $L81, $K81)) -> 1.0479775
B82: -0.13194444 | C82: + | D82: 0.0535715 | E82: = | F82: =SUM(B82,D82) -> -0.078372944 | G82: 1 | H82: =IF(OR($G82=1,$G82=2), $F82 + IF($G82=1,1,-1)*$N$23*(EXP(-$F82)/(1+EXP(-$F82))), NA()) -> 0.07750202 | I82: =IF(G82=1,H82+N(I81),N(I81)) -> 0.37880136 | J82: =IF(G82=2,H82+N(J81),N(J81)) -> -0.48605911 | K82: =IFERROR(I82/COUNTIF($G$77:$G$86,1),"ERROR!!!") -> 0.094700341 | L82: =IFERROR(J82/COUNTIF($G$77:$G$86,2),"ERROR!!!") -> -0.081009851 | M82: =IF(ROW()=77, 0, M81) + ABS(H82 - IF($G82=1, $K82, $L82)) -> 0.62786397 | N82: =IF(ROW()=77, 0, N81) + ABS(H82 - IF($G82=1, $L82, $K82)) -> 1.2064893
B83: 0.065972222 | C83: + | D83: -0.0535715 | E83: = | F83: =SUM(B83,D83) -> 0.012400722 | G83: 2 | H83: =IF(OR($G83=1,$G83=2), $F83 + IF($G83=1,1,-1)*$N$23*(EXP(-$F83)/(1+EXP(-$F83))), NA()) -> -0.13666924 | I83: =IF(G83=1,H83+N(I82),N(I82)) -> 0.37880136 | J83: =IF(G83=2,H83+N(J82),N(J82)) -> -0.62272834 | K83: =IFERROR(I83/COUNTIF($G$77:$G$86,1),"ERROR!!!") -> 0.094700341 | L83: =IFERROR(J83/COUNTIF($G$77:$G$86,2),"ERROR!!!") -> -0.10378806 | M83: =IF(ROW()=77, 0, M82) + ABS(H83 - IF($G83=1, $K83, $L83)) -> 0.66074515 | N83: =IF(ROW()=77, 0, N82) + ABS(H83 - IF($G83=1, $L83, $K83)) -> 1.4378589
B84: -0.13194444 | C84: + | D84: -0.0535715 | E84: = | F84: =SUM(B84,D84) -> -0.18551594 | G84: 2 | H84: =IF(OR($G84=1,$G84=2), $F84 + IF($G84=1,1,-1)*$N$23*(EXP(-$F84)/(1+EXP(-$F84))), NA()) -> -0.34938987 | I84: =IF(G84=1,H84+N(I83),N(I83)) -> 0.37880136 | J84: =IF(G84=2,H84+N(J83),N(J83)) -> -0.97211822 | K84: =IFERROR(I84/COUNTIF($G$77:$G$86,1),"ERROR!!!") -> 0.094700341 | L84: =IFERROR(J84/COUNTIF($G$77:$G$86,2),"ERROR!!!") -> -0.1620197 | M84: =IF(ROW()=77, 0, M83) + ABS(H84 - IF($G84=1, $K84, $L84)) -> 0.84811532 | N84: =IF(ROW()=77, 0, N83) + ABS(H84 - IF($G84=1, $L84, $K84)) -> 1.8819491
B85: -0.13194444 | C85: + | D85: -0.0535715 | E85: = | F85: =SUM(B85,D85) -> -0.18551594 | G85: 2 | H85: =IF(OR($G85=1,$G85=2), $F85 + IF($G85=1,1,-1)*$N$23*(EXP(-$F85)/(1+EXP(-$F85))), NA()) -> -0.34938987 | I85: =IF(G85=1,H85+N(I84),N(I84)) -> 0.37880136 | J85: =IF(G85=2,H85+N(J84),N(J84)) -> -1.3215081 | K85: =IFERROR(I85/COUNTIF($G$77:$G$86,1),"ERROR!!!") -> 0.094700341 | L85: =IFERROR(J85/COUNTIF($G$77:$G$86,2),"ERROR!!!") -> -0.22025135 | M85: =IF(ROW()=77, 0, M84) + ABS(H85 - IF($G85=1, $K85, $L85)) -> 0.97725384 | N85: =IF(ROW()=77, 0, N84) + ABS(H85 - IF($G85=1, $L85, $K85)) -> 2.3260393
B86: -0.13194444 | C86: + | D86: -0.0535715 | E86: = | F86: =SUM(B86,D86) -> -0.18551594 | G86: 2 | H86: =IF(OR($G86=1,$G86=2), $F86 + IF($G86=1,1,-1)*$N$23*(EXP(-$F86)/(1+EXP(-$F86))), NA()) -> -0.34938987 | I86: =IF(G86=1,H86+N(I85),N(I85)) -> 0.37880136 | J86: =IF(G86=2,H86+N(J85),N(J85)) -> -1.670898 | K86: =IFERROR(I86/COUNTIF($G$77:$G$86,1),"ERROR!!!") -> 0.094700341 | L86: =IFERROR(J86/COUNTIF($G$77:$G$86,2),"ERROR!!!") -> -0.27848299 | M86: =IF(ROW()=77, 0, M85) + ABS(H86 - IF($G86=1, $K86, $L86)) -> 1.0481607 | N86: =IF(ROW()=77, 0, N85) + ABS(H86 - IF($G86=1, $L86, $K86)) -> 2.7701296 | O86: =M86/N86 -> 0.37837967
A90: Calculation of Generalized Assessment | H90: STEPS
C91: + | E91: = | G91: Classes | P91: STEP 3
B92: -0.13194444 | C92: + | D92: 0.074074074 | E92: = | F92: =SUM(B92,D92) -> -0.05787037 | G92: 2 | H92: =IF(OR($G92=1,$G92=2), $F92 + IF($G92=1,1,-1)*$N$23*(EXP(-$F92)/(1+EXP(-$F92))), NA()) -> -0.21220944 | I92: =IF(G92=1,H92+N(I91),N(I91)) -> 0 | J92: =IF(G92=2,H92+N(J91),N(J91)) -> -0.21220944 | K92: =IFERROR(I92/COUNTIF($G$92:$G$101,1),"ERROR!!!") -> 0 | L92: =IFERROR(J92/COUNTIF($G$92:$G$101,2),"ERROR!!!") -> -0.03536824 | M92: =IF(ROW()=92, 0, M91) + ABS(H92 - IF($G92=1, $K92, $L92)) -> 0.1768412 | N92: =IF(ROW()=92, 0, N91) + ABS(H92 - IF($G92=1, $L92, $K92)) -> 0.21220944 | R92: cr1 = | S92: =IF(O101<S77,O101,S77) -> 0.35566388
B93: 0.065972222 | C93: + | D93: 0.074074074 | E93: = | F93: =SUM(B93,D93) -> 0.1400463 | G93: 1 | H93: =IF(OR($G93=1,$G93=2), $F93 + IF($G93=1,1,-1)*$N$23*(EXP(-$F93)/(1+EXP(-$F93))), NA()) -> 0.27955996 | I93: =IF(G93=1,H93+N(I92),N(I92)) -> 0.27955996 | J93: =IF(G93=2,H93+N(J92),N(J92)) -> -0.21220944 | K93: =IFERROR(I93/COUNTIF($G$92:$G$101,1),"ERROR!!!") -> 0.069889989 | L93: =IFERROR(J93/COUNTIF($G$92:$G$101,2),"ERROR!!!") -> -0.03536824 | M93: =IF(ROW()=92, 0, M92) + ABS(H93 - IF($G93=1, $K93, $L93)) -> 0.38651117 | N93: =IF(ROW()=92, 0, N92) + ABS(H93 - IF($G93=1, $L93, $K93)) -> 0.52713763 | R93: u = | S93: 6
B94: 0.065972222 | C94: + | D94: 0.074074074 | E94: = | F94: =SUM(B94,D94) -> 0.1400463 | G94: 2 | H94: =IF(OR($G94=1,$G94=2), $F94 + IF($G94=1,1,-1)*$N$23*(EXP(-$F94)/(1+EXP(-$F94))), NA()) -> 0.0005326351 | I94: =IF(G94=1,H94+N(I93),N(I93)) -> 0.27955996 | J94: =IF(G94=2,H94+N(J93),N(J93)) -> -0.2116768 | K94: =IFERROR(I94/COUNTIF($G$92:$G$101,1),"ERROR!!!") -> 0.069889989 | L94: =IFERROR(J94/COUNTIF($G$92:$G$101,2),"ERROR!!!") -> -0.035279467 | M94: =IF(ROW()=92, 0, M93) + ABS(H94 - IF($G94=1, $K94, $L94)) -> 0.42232327 | N94: =IF(ROW()=92, 0, N93) + ABS(H94 - IF($G94=1, $L94, $K94)) -> 0.59649499 | R94: q = | S94: =IF(O101<S77,S93,S79) -> 6
B95: -0.13194444 | C95: + | D95: 0.074074074 | E95: = | F95: =SUM(B95,D95) -> -0.05787037 | G95: 1 | H95: =IF(OR($G95=1,$G95=2), $F95 + IF($G95=1,1,-1)*$N$23*(EXP(-$F95)/(1+EXP(-$F95))), NA()) -> 0.096468697 | I95: =IF(G95=1,H95+N(I94),N(I94)) -> 0.37602865 | J95: =IF(G95=2,H95+N(J94),N(J94)) -> -0.2116768 | K95: =IFERROR(I95/COUNTIF($G$92:$G$101,1),"ERROR!!!") -> 0.094007164 | L95: =IFERROR(J95/COUNTIF($G$92:$G$101,2),"ERROR!!!") -> -0.035279467 | M95: =IF(ROW()=92, 0, M94) + ABS(H95 - IF($G95=1, $K95, $L95)) -> 0.4247848 | N95: =IF(ROW()=92, 0, N94) + ABS(H95 - IF($G95=1, $L95, $K95)) -> 0.72824315
B96: 0.065972222 | C96: + | D96: 0.074074074 | E96: = | F96: =SUM(B96,D96) -> 0.1400463 | G96: 1 | H96: =IF(OR($G96=1,$G96=2), $F96 + IF($G96=1,1,-1)*$N$23*(EXP(-$F96)/(1+EXP(-$F96))), NA()) -> 0.27955996 | I96: =IF(G96=1,H96+N(I95),N(I95)) -> 0.65558861 | J96: =IF(G96=2,H96+N(J95),N(J95)) -> -0.2116768 | K96: =IFERROR(I96/COUNTIF($G$92:$G$101,1),"ERROR!!!") -> 0.16389715 | L96: =IFERROR(J96/COUNTIF($G$92:$G$101,2),"ERROR!!!") -> -0.035279467 | M96: =IF(ROW()=92, 0, M95) + ABS(H96 - IF($G96=1, $K96, $L96)) -> 0.54044761 | N96: =IF(ROW()=92, 0, N95) + ABS(H96 - IF($G96=1, $L96, $K96)) -> 1.0430826
B97: -0.13194444 | C97: + | D97: 0.074074074 | E97: = | F97: =SUM(B97,D97) -> -0.05787037 | G97: 1 | H97: =IF(OR($G97=1,$G97=2), $F97 + IF($G97=1,1,-1)*$N$23*(EXP(-$F97)/(1+EXP(-$F97))), NA()) -> 0.096468697 | I97: =IF(G97=1,H97+N(I96),N(I96)) -> 0.75205731 | J97: =IF(G97=2,H97+N(J96),N(J96)) -> -0.2116768 | K97: =IFERROR(I97/COUNTIF($G$92:$G$101,1),"ERROR!!!") -> 0.18801433 | L97: =IFERROR(J97/COUNTIF($G$92:$G$101,2),"ERROR!!!") -> -0.035279467 | M97: =IF(ROW()=92, 0, M96) + ABS(H97 - IF($G97=1, $K97, $L97)) -> 0.63199324 | N97: =IF(ROW()=92, 0, N96) + ABS(H97 - IF($G97=1, $L97, $K97)) -> 1.1748307
B98: 0.065972222 | C98: + | D98: -0.074074074 | E98: = | F98: =SUM(B98,D98) -> -0.0081018519 | G98: 2 | H98: =IF(OR($G98=1,$G98=2), $F98 + IF($G98=1,1,-1)*$N$23*(EXP(-$F98)/(1+EXP(-$F98))), NA()) -> -0.15870949 | I98: =IF(G98=1,H98+N(I97),N(I97)) -> 0.75205731 | J98: =IF(G98=2,H98+N(J97),N(J97)) -> -0.37038629 | K98: =IFERROR(I98/COUNTIF($G$92:$G$101,1),"ERROR!!!") -> 0.18801433 | L98: =IFERROR(J98/COUNTIF($G$92:$G$101,2),"ERROR!!!") -> -0.061731048 | M98: =IF(ROW()=92, 0, M97) + ABS(H98 - IF($G98=1, $K98, $L98)) -> 0.72897168 | N98: =IF(ROW()=92, 0, N97) + ABS(H98 - IF($G98=1, $L98, $K98)) -> 1.5215546
B99: -0.13194444 | C99: + | D99: 0.074074074 | E99: = | F99: =SUM(B99,D99) -> -0.05787037 | G99: 2 | H99: =IF(OR($G99=1,$G99=2), $F99 + IF($G99=1,1,-1)*$N$23*(EXP(-$F99)/(1+EXP(-$F99))), NA()) -> -0.21220944 | I99: =IF(G99=1,H99+N(I98),N(I98)) -> 0.75205731 | J99: =IF(G99=2,H99+N(J98),N(J98)) -> -0.58259573 | K99: =IFERROR(I99/COUNTIF($G$92:$G$101,1),"ERROR!!!") -> 0.18801433 | L99: =IFERROR(J99/COUNTIF($G$92:$G$101,2),"ERROR!!!") -> -0.097099288 | M99: =IF(ROW()=92, 0, M98) + ABS(H99 - IF($G99=1, $K99, $L99)) -> 0.84408182 | N99: =IF(ROW()=92, 0, N98) + ABS(H99 - IF($G99=1, $L99, $K99)) -> 1.9217783
B100: -0.13194444 | C100: + | D100: 0.074074074 | E100: = | F100: =SUM(B100,D100) -> -0.05787037 | G100: 2 | H100: =IF(OR($G100=1,$G100=2), $F100 + IF($G100=1,1,-1)*$N$23*(EXP(-$F100)/(1+EXP(-$F100))), NA()) -> -0.21220944 | I100: =IF(G100=1,H100+N(I99),N(I99)) -> 0.75205731 | J100: =IF(G100=2,H100+N(J99),N(J99)) -> -0.79480516 | K100: =IFERROR(I100/COUNTIF($G$92:$G$101,1),"ERROR!!!") -> 0.18801433 | L100: =IFERROR(J100/COUNTIF($G$92:$G$101,2),"ERROR!!!") -> -0.13246753 | M100: =IF(ROW()=92, 0, M99) + ABS(H100 - IF($G100=1, $K100, $L100)) -> 0.92382373 | N100: =IF(ROW()=92, 0, N99) + ABS(H100 - IF($G100=1, $L100, $K100)) -> 2.3220021
B101: -0.13194444 | C101: + | D101: 0.074074074 | E101: = | F101: =SUM(B101,D101) -> -0.05787037 | G101: 2 | H101: =IF(OR($G101=1,$G101=2), $F101 + IF($G101=1,1,-1)*$N$23*(EXP(-$F101)/(1+EXP(-$F101))), NA()) -> -0.21220944 | I101: =IF(G101=1,H101+N(I100),N(I100)) -> 0.75205731 | J101: =IF(G101=2,H101+N(J100),N(J100)) -> -1.0070146 | K101: =IFERROR(I101/COUNTIF($G$92:$G$101,1),"ERROR!!!") -> 0.18801433 | L101: =IFERROR(J101/COUNTIF($G$92:$G$101,2),"ERROR!!!") -> -0.16783577 | M101: =IF(ROW()=92, 0, M100) + ABS(H101 - IF($G101=1, $K101, $L101)) -> 0.9681974 | N101: =IF(ROW()=92, 0, N100) + ABS(H101 - IF($G101=1, $L101, $K101)) -> 2.7222258 | O101: =M101/N101 -> 0.35566388
A105: Calculation of Generalized Assessment | H105: STEPS
C106: + | E106: = | G106: Classes | P106: STEP 3
B107: -0.13194444 | C107: + | D107: -0.14285714 | E107: = | F107: =SUM(B107,D107) -> -0.27480159 | G107: 2 | H107: =IF(OR($G107=1,$G107=2), $F107 + IF($G107=1,1,-1)*$N$23*(EXP(-$F107)/(1+EXP(-$F107))), NA()) -> -0.44528298 | I107: =IF(G107=1,H107+N(I106),N(I106)) -> 0 | J107: =IF(G107=2,H107+N(J106),N(J106)) -> -0.44528298 | K107: =IFERROR(I107/COUNTIF($G$107:$G$116,1),"ERROR!!!") -> 0 | L107: =IFERROR(J107/COUNTIF($G$107:$G$116,2),"ERROR!!!") -> -0.07421383 | M107: =IF(ROW()=107, 0, M106) + ABS(H107 - IF($G107=1, $K107, $L107)) -> 0.37106915 | N107: =IF(ROW()=107, 0, N106) + ABS(H107 - IF($G107=1, $L107, $K107)) -> 0.44528298 | R107: cr1 = | S107: =IF(O116<S92,O116,S92) -> 0.35566388
B108: 0.065972222 | C108: + | D108: -0.14285714 | E108: = | F108: =SUM(B108,D108) -> -0.076884921 | G108: 1 | H108: =IF(OR($G108=1,$G108=2), $F108 + IF($G108=1,1,-1)*$N$23*(EXP(-$F108)/(1+EXP(-$F108))), NA()) -> 0.07887861 | I108: =IF(G108=1,H108+N(I107),N(I107)) -> 0.07887861 | J108: =IF(G108=2,H108+N(J107),N(J107)) -> -0.44528298 | K108: =IFERROR(I108/COUNTIF($G$107:$G$116,1),"ERROR!!!") -> 0.019719652 | L108: =IFERROR(J108/COUNTIF($G$107:$G$116,2),"ERROR!!!") -> -0.07421383 | M108: =IF(ROW()=107, 0, M107) + ABS(H108 - IF($G108=1, $K108, $L108)) -> 0.43022811 | N108: =IF(ROW()=107, 0, N107) + ABS(H108 - IF($G108=1, $L108, $K108)) -> 0.59837542 | R108: u = | S108: 7
B109: 0.065972222 | C109: + | D109: 0.14285714 | E109: = | F109: =SUM(B109,D109) -> 0.20882937 | G109: 2 | H109: =IF(OR($G109=1,$G109=2), $F109 + IF($G109=1,1,-1)*$N$23*(EXP(-$F109)/(1+EXP(-$F109))), NA()) -> 0.074434896 | I109: =IF(G109=1,H109+N(I108),N(I108)) -> 0.07887861 | J109: =IF(G109=2,H109+N(J108),N(J108)) -> -0.37084808 | K109: =IFERROR(I109/COUNTIF($G$107:$G$116,1),"ERROR!!!") -> 0.019719652 | L109: =IFERROR(J109/COUNTIF($G$107:$G$116,2),"ERROR!!!") -> -0.061808014 | M109: =IF(ROW()=107, 0, M108) + ABS(H109 - IF($G109=1, $K109, $L109)) -> 0.56647102 | N109: =IF(ROW()=107, 0, N108) + ABS(H109 - IF($G109=1, $L109, $K109)) -> 0.65309066 | R109: q = | S109: =IF(O116<S92,S108,S94) -> 6
B110: -0.13194444 | C110: + | D110: 0.14285714 | E110: = | F110: =SUM(B110,D110) -> 0.010912698 | G110: 1 | H110: =IF(OR($G110=1,$G110=2), $F110 + IF($G110=1,1,-1)*$N$23*(EXP(-$F110)/(1+EXP(-$F110))), NA()) -> 0.16009425 | I110: =IF(G110=1,H110+N(I109),N(I109)) -> 0.23897286 | J110: =IF(G110=2,H110+N(J109),N(J109)) -> -0.37084808 | K110: =IFERROR(I110/COUNTIF($G$107:$G$116,1),"ERROR!!!") -> 0.059743216 | L110: =IFERROR(J110/COUNTIF($G$107:$G$116,2),"ERROR!!!") -> -0.061808014 | M110: =IF(ROW()=107, 0, M109) + ABS(H110 - IF($G110=1, $K110, $L110)) -> 0.66682205 | N110: =IF(ROW()=107, 0, N109) + ABS(H110 - IF($G110=1, $L110, $K110)) -> 0.87499293
B111: 0.065972222 | C111: + | D111: -0.14285714 | E111: = | F111: =SUM(B111,D111) -> -0.076884921 | G111: 1 | H111: =IF(OR($G111=1,$G111=2), $F111 + IF($G111=1,1,-1)*$N$23*(EXP(-$F111)/(1+EXP(-$F111))), NA()) -> 0.07887861 | I111: =IF(G111=1,H111+N(I110),N(I110)) -> 0.31785147 | J111: =IF(G111=2,H111+N(J110),N(J110)) -> -0.37084808 | K111: =IFERROR(I111/COUNTIF($G$107:$G$116,1),"ERROR!!!") -> 0.079462868 | L111: =IFERROR(J111/COUNTIF($G$107:$G$116,2),"ERROR!!!") -> -0.061808014 | M111: =IF(ROW()=107, 0, M110) + ABS(H111 - IF($G111=1, $K111, $L111)) -> 0.66740631 | N111: =IF(ROW()=107, 0, N110) + ABS(H111 - IF($G111=1, $L111, $K111)) -> 1.0156796
B112: -0.13194444 | C112: + | D112: 0.14285714 | E112: = | F112: =SUM(B112,D112) -> 0.010912698 | G112: 1 | H112: =IF(OR($G112=1,$G112=2), $F112 + IF($G112=1,1,-1)*$N$23*(EXP(-$F112)/(1+EXP(-$F112))), NA()) -> 0.16009425 | I112: =IF(G112=1,H112+N(I111),N(I111)) -> 0.47794573 | J112: =IF(G112=2,H112+N(J111),N(J111)) -> -0.37084808 | K112: =IFERROR(I112/COUNTIF($G$107:$G$116,1),"ERROR!!!") -> 0.11948643 | L112: =IFERROR(J112/COUNTIF($G$107:$G$116,2),"ERROR!!!") -> -0.061808014 | M112: =IF(ROW()=107, 0, M111) + ABS(H112 - IF($G112=1, $K112, $L112)) -> 0.70801414 | N112: =IF(ROW()=107, 0, N111) + ABS(H112 - IF($G112=1, $L112, $K112)) -> 1.2375818
B113: 0.065972222 | C113: + | D113: -0.14285714 | E113: = | F113: =SUM(B113,D113) -> -0.076884921 | G113: 2 | H113: =IF(OR($G113=1,$G113=2), $F113 + IF($G113=1,1,-1)*$N$23*(EXP(-$F113)/(1+EXP(-$F113))), NA()) -> -0.23264845 | I113: =IF(G113=1,H113+N(I112),N(I112)) -> 0.47794573 | J113: =IF(G113=2,H113+N(J112),N(J112)) -> -0.60349653 | K113: =IFERROR(I113/COUNTIF($G$107:$G$116,1),"ERROR!!!") -> 0.11948643 | L113: =IFERROR(J113/COUNTIF($G$107:$G$116,2),"ERROR!!!") -> -0.10058276 | M113: =IF(ROW()=107, 0, M112) + ABS(H113 - IF($G113=1, $K113, $L113)) -> 0.84007983 | N113: =IF(ROW()=107, 0, N112) + ABS(H113 - IF($G113=1, $L113, $K113)) -> 1.5897167
B114: -0.13194444 | C114: + | D114: -0.14285714 | E114: = | F114: =SUM(B114,D114) -> -0.27480159 | G114: 2 | H114: =IF(OR($G114=1,$G114=2), $F114 + IF($G114=1,1,-1)*$N$23*(EXP(-$F114)/(1+EXP(-$F114))), NA()) -> -0.44528298 | I114: =IF(G114=1,H114+N(I113),N(I113)) -> 0.47794573 | J114: =IF(G114=2,H114+N(J113),N(J113)) -> -1.0487795 | K114: =IFERROR(I114/COUNTIF($G$107:$G$116,1),"ERROR!!!") -> 0.11948643 | L114: =IFERROR(J114/COUNTIF($G$107:$G$116,2),"ERROR!!!") -> -0.17479659 | M114: =IF(ROW()=107, 0, M113) + ABS(H114 - IF($G114=1, $K114, $L114)) -> 1.1105662 | N114: =IF(ROW()=107, 0, N113) + ABS(H114 - IF($G114=1, $L114, $K114)) -> 2.1544861
B115: -0.13194444 | C115: + | D115: -0.14285714 | E115: = | F115: =SUM(B115,D115) -> -0.27480159 | G115: 2 | H115: =IF(OR($G115=1,$G115=2), $F115 + IF($G115=1,1,-1)*$N$23*(EXP(-$F115)/(1+EXP(-$F115))), NA()) -> -0.44528298 | I115: =IF(G115=1,H115+N(I114),N(I114)) -> 0.47794573 | J115: =IF(G115=2,H115+N(J114),N(J114)) -> -1.4940625 | K115: =IFERROR(I115/COUNTIF($G$107:$G$116,1),"ERROR!!!") -> 0.11948643 | L115: =IFERROR(J115/COUNTIF($G$107:$G$116,2),"ERROR!!!") -> -0.24901042 | M115: =IF(ROW()=107, 0, M114) + ABS(H115 - IF($G115=1, $K115, $L115)) -> 1.3068388 | N115: =IF(ROW()=107, 0, N114) + ABS(H115 - IF($G115=1, $L115, $K115)) -> 2.7192555
B116: -0.13194444 | C116: + | D116: -0.14285714 | E116: = | F116: =SUM(B116,D116) -> -0.27480159 | G116: 2 | H116: =IF(OR($G116=1,$G116=2), $F116 + IF($G116=1,1,-1)*$N$23*(EXP(-$F116)/(1+EXP(-$F116))), NA()) -> -0.44528298 | I116: =IF(G116=1,H116+N(I115),N(I115)) -> 0.47794573 | J116: =IF(G116=2,H116+N(J115),N(J115)) -> -1.9393455 | K116: =IFERROR(I116/COUNTIF($G$107:$G$116,1),"ERROR!!!") -> 0.11948643 | L116: =IFERROR(J116/COUNTIF($G$107:$G$116,2),"ERROR!!!") -> -0.32322425 | M116: =IF(ROW()=107, 0, M115) + ABS(H116 - IF($G116=1, $K116, $L116)) -> 1.4288975 | N116: =IF(ROW()=107, 0, N115) + ABS(H116 - IF($G116=1, $L116, $K116)) -> 3.2840249 | O116: =M116/N116 -> 0.43510556
A120: Calculation of Generalized Assessment | H120: STEPS
C121: + | E121: = | G121: Classes | P121: STEP 3
B122: -0.13194444 | C122: + | D122: 0.2407405 | E122: = | F122: =SUM(B122,D122) -> 0.10879606 | G122: 2 | H122: =IF(OR($G122=1,$G122=2), $F122 + IF($G122=1,1,-1)*$N$23*(EXP(-$F122)/(1+EXP(-$F122))), NA()) -> -0.033052279 | I122: =IF(G122=1,H122+N(I121),N(I121)) -> 0 | J122: =IF(G122=2,H122+N(J121),N(J121)) -> -0.033052279 | K122: =IFERROR(I122/COUNTIF($G$122:$G$131,1),"ERROR!!!") -> 0 | L122: =IFERROR(J122/COUNTIF($G$122:$G$131,2),"ERROR!!!") -> -0.0055087132 | M122: =IF(ROW()=122, 0, M121) + ABS(H122 - IF($G122=1, $K122, $L122)) -> 0.027543566 | N122: =IF(ROW()=122, 0, N121) + ABS(H122 - IF($G122=1, $L122, $K122)) -> 0.033052279 | R122: cr1 = | S122: =IF(O131<S107,O131,S107) -> 0.35566388
B123: 0.065972222 | C123: + | D123: -0.2407405 | E123: = | F123: =SUM(B123,D123) -> -0.17476828 | G123: 1 | H123: =IF(OR($G123=1,$G123=2), $F123 + IF($G123=1,1,-1)*$N$23*(EXP(-$F123)/(1+EXP(-$F123))), NA()) -> -0.011693919 | I123: =IF(G123=1,H123+N(I122),N(I122)) -> -0.011693919 | J123: =IF(G123=2,H123+N(J122),N(J122)) -> -0.033052279 | K123: =IFERROR(I123/COUNTIF($G$122:$G$131,1),"ERROR!!!") -> -0.0029234796 | L123: =IFERROR(J123/COUNTIF($G$122:$G$131,2),"ERROR!!!") -> -0.0055087132 | M123: =IF(ROW()=122, 0, M122) + ABS(H123 - IF($G123=1, $K123, $L123)) -> 0.036314005 | N123: =IF(ROW()=122, 0, N122) + ABS(H123 - IF($G123=1, $L123, $K123)) -> 0.039237485 | R123: u = | S123: 8
B124: 0.065972222 | C124: + | D124: -0.2407405 | E124: = | F124: =SUM(B124,D124) -> -0.17476828 | G124: 2 | H124: =IF(OR($G124=1,$G124=2), $F124 + IF($G124=1,1,-1)*$N$23*(EXP(-$F124)/(1+EXP(-$F124))), NA()) -> -0.33784264 | I124: =IF(G124=1,H124+N(I123),N(I123)) -> -0.011693919 | J124: =IF(G124=2,H124+N(J123),N(J123)) -> -0.37089492 | K124: =IFERROR(I124/COUNTIF($G$122:$G$131,1),"ERROR!!!") -> -0.0029234796 | L124: =IFERROR(J124/COUNTIF($G$122:$G$131,2),"ERROR!!!") -> -0.061815819 | M124: =IF(ROW()=122, 0, M123) + ABS(H124 - IF($G124=1, $K124, $L124)) -> 0.31234082 | N124: =IF(ROW()=122, 0, N123) + ABS(H124 - IF($G124=1, $L124, $K124)) -> 0.37415664 | R124: q = | S124: =IF(O131<S107,S123,S109) -> 6
...

Sheet Greedy upon Weight (2-Latent)
A1: Heart + Disease with Contribution Values (10, 13, 2)
A2: № | O2: Class | Q2: K1 = | R2: 4 | V2: Class Mean (K1)
B3: 0.52910083 | C3: -0.14285714 | D3: The Organizer | E3: -0.2407405 | F3: -0.0535715 | G3: 0.074074074 | H3: -0.14285714 | I3: 0.2407405 | J3: -0.053571429 | K3: -0.2407405 | L3: -0.14285714 | M3: -0.095238 | N3: 0.060763889 | O3: 2 | Q3: K2 = | R3: 6
B4: 0.52910083 | C4: 0.14285714 | E4: 0.2407405 | F4: -0.0535715 | G4: 0.074074074 | H4: -0.14285714 | I4: -0.2407405 | J4: -0.053571429 | K4: -0.2407405 | L4: -0.14285714 | M4: 0.095238 | N4: 0.060763889 | O4: 1
B5: -0.52910083 | C5: -0.14285714 | E5: -0.2407405 | F5: -0.0535715 | G5: 0.074074074 | H5: 0.14285714 | I5: -0.2407405 | J5: -0.053571429 | K5: 0.2407405 | L5: 0.14285714 | M5: 0.095238 | N5: 0.060763889 | O5: 2 | Q5: t =
B6: 0.52910083 | C6: -0.14285714 | E6: -0.2407405 | F6: -0.0535715 | G6: 0.074074074 | H6: 0.14285714 | I6: 0.2407405 | J6: 0.053571429 | K6: 0.2407405 | L6: -0.14285714 | M6: -0.095238 | N6: 0.060763889 | O6: 1 | V6: Class Mean (K2)
B7: 0.52910083 | C7: 0.14285714 | E7: 0.2407405 | F7: -0.0535715 | G7: 0.074074074 | H7: -0.14285714 | I7: 0.2407405 | J7: 0.053571429 | K7: 0.2407405 | L7: 0.14285714 | M7: -0.095238 | N7: 0.060763889 | O7: 1 | Q7: t = m = | R7: 10
B8: 0.52910083 | C8: -0.14285714 | E8: 0.2407405 | F8: 0.0535715 | G8: 0.074074074 | H8: 0.14285714 | I8: 0.2407405 | J8: -0.053571429 | K8: 0.2407405 | L8: 0.14285714 | M8: 0.095238 | N8: 0.060763889 | O8: 1
B9: -0.52910083 | C9: -0.14285714 | E9: -0.2407405 | F9: -0.0535715 | G9: -0.074074074 | H9: -0.14285714 | I9: -0.2407405 | J9: 0.053571429 | K9: -0.2407405 | L9: -0.14285714 | M9: -0.095238 | N9: -0.12152778 | O9: 2 | Q9: u =
B10: -0.52910083 | C10: -0.14285714 | E10: 0.2407405 | F10: -0.0535715 | G10: 0.074074074 | H10: -0.14285714 | I10: -0.2407405 | J10: 0.053571429 | K10: -0.2407405 | L10: -0.14285714 | M10: -0.095238 | N10: 0.060763889 | O10: 2
B11: -0.52910083 | C11: -0.14285714 | E11: -0.2407405 | F11: -0.0535715 | G11: 0.074074074 | H11: -0.14285714 | I11: -0.2407405 | J11: -0.053571429 | K11: -0.2407405 | L11: -0.14285714 | M11: -0.095238 | N11: 0.060763889 | O11: 2 | Q11: q = u = | R11: argmin {θ/γ} | V11: Intra-Class Similarity (Compactness)
B12: -0.52910083 | C12: 0.14285714 | E12: -0.2407405 | F12: -0.0535715 | G12: 0.074074074 | H12: -0.14285714 | I12: -0.2407405 | J12: -0.053571429 | K12: -0.2407405 | L12: -0.14285714 | M12: -0.095238 | N12: 0.060763889 | O12: 2
B13: 1 | C13: 0 | D13: 0 | E13: 1 | F13: 1 | G13: 0 | H13: 0 | I13: 1 | J13: 0 | K13: 1 | L13: 0 | M13: 1 | N13: 0
V15: Inter-Class Difference (Separability)
B16: Weight [Heart-Disease (10, 13, 2)] | Q16: cr1 =
B18: 0.634921 | C18: 0.42857143 | D18: 0.79166667 | E18: 0.412698 | F18: 0.214286 | G18: 0.44444444 | H18: 0.42857143 | I18: 0.412698 | J18: 0.32142857 | K18: 0.412698 | L18: 0.42857143 | M18: 0.285714 | N18: 0.72916667 | Q18: crit =
B19: =COUNTIF($B$18:$N$18, ">" & B18) + COUNTIF($B$18:B18, "=" & B18) -> 3 | C19: =COUNTIF($B$18:$N$18, ">" & C18) + COUNTIF($B$18:C18, "=" & C18) -> 5 | D19: =COUNTIF($B$18:$N$18, ">" & D18) + COUNTIF($B$18:D18, "=" & D18) -> 1 | E19: =COUNTIF($B$18:$N$18, ">" & E18) + COUNTIF($B$18:E18, "=" & E18) -> 8 | F19: =COUNTIF($B$18:$N$18, ">" & F18) + COUNTIF($B$18:F18, "=" & F18) -> 13 | G19: =COUNTIF($B$18:$N$18, ">" & G18) + COUNTIF($B$18:G18, "=" & G18) -> 4 | H19: =COUNTIF($B$18:$N$18, ">" & H18) + COUNTIF($B$18:H18, "=" & H18) -> 6 | I19: =COUNTIF($B$18:$N$18, ">" & I18) + COUNTIF($B$18:I18, "=" & I18) -> 9 | ... N19: =COUNTIF($B$18:$N$18, ">" & N18) + COUNTIF($B$18:N18, "=" & N18) -> 2
V20: Majorizing Function (Sigmoid || Logistic)
C23: 10 | N23: 0.3
C24: 0.35566388 | K24: 2 | N24: 0.1
F25: ⇒ | I25: ⇒ | N25: 5
F26: 0 | K26: 11
A30: Calculation of Generalized Assessment | H30: STEPS
C31: + | E31: = | G31: Classes | P31: STEP 3 | U31: STEP 3 — Try adding each remaining feature
B32: -0.37806569 | C32: + | D32: 0.52910083 | E32: = | F32: =SUM(B32,D32) -> 0.15103515 | G32: 2 | H32: =IF(OR($G32=1,$G32=2), $F32 + IF($G32=1,1,-1)*$N$23*(EXP(-$F32)/(1+EXP(-$F32))), NA()) -> 0.0123413 | I32: =IF(G32=1,H32+N(I31),N(I31)) -> 0 | J32: =IF(G32=2,H32+N(J31),N(J31)) -> 0.0123413 | K32: =IFERROR(I32/COUNTIF($G$32:$G$41,1),"ERROR!!!") -> 0 | L32: =IFERROR(J32/COUNTIF($G$32:$G$41,2),"ERROR!!!") -> 0.0020568833 | M32: =IF(ROW()=32, 0, M31) + ABS(H32 - IF($G32=1, $K32, $L32)) -> 0.010284416 | N32: =IF(ROW()=32, 0, N31) + ABS(H32 - IF($G32=1, $L32, $K32)) -> 0.0123413 | S32: =IF(O41<C23,O41,C23) -> 0.31720235
B33: 0.40872846 | C33: + | D33: 0.52910083 | E33: = | F33: =SUM(B33,D33) -> 0.93782929 | G33: 1 | H33: =IF(OR($G33=1,$G33=2), $F33 + IF($G33=1,1,-1)*$N$23*(EXP(-$F33)/(1+EXP(-$F33))), NA()) -> 1.022231 | I33: =IF(G33=1,H33+N(I32),N(I32)) -> 1.022231 | J33: =IF(G33=2,H33+N(J32),N(J32)) -> 0.0123413 | K33: =IFERROR(I33/COUNTIF($G$32:$G$41,1),"ERROR!!!") -> 0.25555775 | L33: =IFERROR(J33/COUNTIF($G$32:$G$41,2),"ERROR!!!") -> 0.0020568833 | M33: =IF(ROW()=32, 0, M32) + ABS(H33 - IF($G33=1, $K33, $L33)) -> 0.77695766 | N33: =IF(ROW()=32, 0, N32) + ABS(H33 - IF($G33=1, $L33, $K33)) -> 1.0325154 | S33: 1 | U33: Candidate: add x1
B34: -0.14942742 | C34: + | D34: -0.52910083 | E34: = | F34: =SUM(B34,D34) -> -0.67852825 | G34: 2 | H34: =IF(OR($G34=1,$G34=2), $F34 + IF($G34=1,1,-1)*$N$23*(EXP(-$F34)/(1+EXP(-$F34))), NA()) -> -0.87755129 | I34: =IF(G34=1,H34+N(I33),N(I33)) -> 1.022231 | J34: =IF(G34=2,H34+N(J33),N(J33)) -> -0.86520999 | K34: =IFERROR(I34/COUNTIF($G$32:$G$41,1),"ERROR!!!") -> 0.25555775 | L34: =IFERROR(J34/COUNTIF($G$32:$G$41,2),"ERROR!!!") -> -0.14420167 | M34: =IF(ROW()=32, 0, M33) + ABS(H34 - IF($G34=1, $K34, $L34)) -> 1.5103073 | N34: =IF(ROW()=32, 0, N33) + ABS(H34 - IF($G34=1, $L34, $K34)) -> 2.1656245 | S34: =IF(O41<C23,S33,F26) -> 1 | U34: New temporary latent value:
B35: 0.23923915 | C35: + | D35: 0.52910083 | E35: = | F35: =SUM(B35,D35) -> 0.76833998 | G35: 1 | H35: =IF(OR($G35=1,$G35=2), $F35 + IF($G35=1,1,-1)*$N$23*(EXP(-$F35)/(1+EXP(-$F35))), NA()) -> 0.86339148 | I35: =IF(G35=1,H35+N(I34),N(I34)) -> 1.8856225 | J35: =IF(G35=2,H35+N(J34),N(J34)) -> -0.86520999 | K35: =IFERROR(I35/COUNTIF($G$32:$G$41,1),"ERROR!!!") -> 0.47140562 | L35: =IFERROR(J35/COUNTIF($G$32:$G$41,2),"ERROR!!!") -> -0.14420167 | M35: =IF(ROW()=32, 0, M34) + ABS(H35 - IF($G35=1, $K35, $L35)) -> 1.9022931 | N35: =IF(ROW()=32, 0, N34) + ABS(H35 - IF($G35=1, $L35, $K35)) -> 3.1732176
B36: 0.40872846 | C36: + | D36: 0.52910083 | E36: = | F36: =SUM(B36,D36) -> 0.93782929 | G36: 1 | H36: =IF(OR($G36=1,$G36=2), $F36 + IF($G36=1,1,-1)*$N$23*(EXP(-$F36)/(1+EXP(-$F36))), NA()) -> 1.022231 | I36: =IF(G36=1,H36+N(I35),N(I35)) -> 2.9078535 | J36: =IF(G36=2,H36+N(J35),N(J35)) -> -0.86520999 | K36: =IFERROR(I36/COUNTIF($G$32:$G$41,1),"ERROR!!!") -> 0.72696337 | L36: =IFERROR(J36/COUNTIF($G$32:$G$41,2),"ERROR!!!") -> -0.14420167 | M36: =IF(ROW()=32, 0, M35) + ABS(H36 - IF($G36=1, $K36, $L36)) -> 2.1975608 | N36: =IF(ROW()=32, 0, N35) + ABS(H36 - IF($G36=1, $L36, $K36)) -> 4.3396503
B37: 0.23923915 | C37: + | D37: 0.52910083 | E37: = | F37: =SUM(B37,D37) -> 0.76833998 | G37: 1 | H37: =IF(OR($G37=1,$G37=2), $F37 + IF($G37=1,1,-1)*$N$23*(EXP(-$F37)/(1+EXP(-$F37))), NA()) -> 0.86339148 | I37: =IF(G37=1,H37+N(I36),N(I36)) -> 3.7712449 | J37: =IF(G37=2,H37+N(J36),N(J36)) -> -0.86520999 | K37: =IFERROR(I37/COUNTIF($G$32:$G$41,1),"ERROR!!!") -> 0.94281124 | L37: =IFERROR(J37/COUNTIF($G$32:$G$41,2),"ERROR!!!") -> -0.14420167 | M37: =IF(ROW()=32, 0, M36) + ABS(H37 - IF($G37=1, $K37, $L37)) -> 2.2769805 | N37: =IF(ROW()=32, 0, N36) + ABS(H37 - IF($G37=1, $L37, $K37)) -> 5.3472434
B38: -0.32058778 | C38: + | D38: -0.52910083 | E38: = | F38: =SUM(B38,D38) -> -0.84968861 | G38: 2 | H38: =IF(OR($G38=1,$G38=2), $F38 + IF($G38=1,1,-1)*$N$23*(EXP(-$F38)/(1+EXP(-$F38))), NA()) -> -1.0598392 | I38: =IF(G38=1,H38+N(I37),N(I37)) -> 3.7712449 | J38: =IF(G38=2,H38+N(J37),N(J37)) -> -1.9250491 | K38: =IFERROR(I38/COUNTIF($G$32:$G$41,1),"ERROR!!!") -> 0.94281124 | L38: =IFERROR(J38/COUNTIF($G$32:$G$41,2),"ERROR!!!") -> -0.32084152 | M38: =IF(ROW()=32, 0, M37) + ABS(H38 - IF($G38=1, $K38, $L38)) -> 3.0159782 | N38: =IF(ROW()=32, 0, N37) + ABS(H38 - IF($G38=1, $L38, $K38)) -> 7.3498938
B39: -0.37806569 | C39: + | D39: -0.52910083 | E39: = | F39: =SUM(B39,D39) -> -0.90716652 | G39: 2 | H39: =IF(OR($G39=1,$G39=2), $F39 + IF($G39=1,1,-1)*$N$23*(EXP(-$F39)/(1+EXP(-$F39))), NA()) -> -1.1208925 | I39: =IF(G39=1,H39+N(I38),N(I38)) -> 3.7712449 | J39: =IF(G39=2,H39+N(J38),N(J38)) -> -3.0459417 | K39: =IFERROR(I39/COUNTIF($G$32:$G$41,1),"ERROR!!!") -> 0.94281124 | L39: =IFERROR(J39/COUNTIF($G$32:$G$41,2),"ERROR!!!") -> -0.50765694 | M39: =IF(ROW()=32, 0, M38) + ABS(H39 - IF($G39=1, $K39, $L39)) -> 3.6292137 | N39: =IF(ROW()=32, 0, N38) + ABS(H39 - IF($G39=1, $L39, $K39)) -> 9.4135975
B40: -0.37806569 | C40: + | D40: -0.52910083 | E40: = | F40: =SUM(B40,D40) -> -0.90716652 | G40: 2 | H40: =IF(OR($G40=1,$G40=2), $F40 + IF($G40=1,1,-1)*$N$23*(EXP(-$F40)/(1+EXP(-$F40))), NA()) -> -1.1208925 | I40: =IF(G40=1,H40+N(I39),N(I39)) -> 3.7712449 | J40: =IF(G40=2,H40+N(J39),N(J39)) -> -4.1668342 | K40: =IFERROR(I40/COUNTIF($G$32:$G$41,1),"ERROR!!!") -> 0.94281124 | L40: =IFERROR(J40/COUNTIF($G$32:$G$41,2),"ERROR!!!") -> -0.69447236 | M40: =IF(ROW()=32, 0, M39) + ABS(H40 - IF($G40=1, $K40, $L40)) -> 4.0556339 | N40: =IF(ROW()=32, 0, N39) + ABS(H40 - IF($G40=1, $L40, $K40)) -> 11.477301
B41: -0.37806569 | C41: + | D41: -0.52910083 | E41: = | F41: =SUM(B41,D41) -> -0.90716652 | G41: 2 | H41: =IF(OR($G41=1,$G41=2), $F41 + IF($G41=1,1,-1)*$N$23*(EXP(-$F41)/(1+EXP(-$F41))), NA()) -> -1.1208925 | I41: =IF(G41=1,H41+N(I40),N(I40)) -> 3.7712449 | J41: =IF(G41=2,H41+N(J40),N(J40)) -> -5.2877267 | K41: =IFERROR(I41/COUNTIF($G$32:$G$41,1),"ERROR!!!") -> 0.94281124 | L41: =IFERROR(J41/COUNTIF($G$32:$G$41,2),"ERROR!!!") -> -0.88128778 | M41: =IF(ROW()=32, 0, M40) + ABS(H41 - IF($G41=1, $K41, $L41)) -> 4.2952386 | N41: =IF(ROW()=32, 0, N40) + ABS(H41 - IF($G41=1, $L41, $K41)) -> 13.541005 | O41: =M41/N41 -> 0.31720235
A45: Calculation of Generalized Assessment | H45: STEPS
C46: + | E46: = | G46: Classes | P46: STEP 3 | U46: STEP 3 — Try adding each remaining feature
B47: -0.37806569 | C47: + | D47: -0.14285714 | E47: = | F47: =SUM(B47,D47) -> -0.52092283 | G47: 2 | H47: =IF(OR($G47=1,$G47=2), $F47 + IF($G47=1,1,-1)*$N$23*(EXP(-$F47)/(1+EXP(-$F47))), NA()) -> -0.70913189 | I47: =IF(G47=1,H47+N(I46),N(I46)) -> 0 | J47: =IF(G47=2,H47+N(J46),N(J46)) -> -0.70913189 | K47: =IFERROR(I47/COUNTIF($G$47:$G$56,1),"ERROR!!!") -> 0 | L47: =IFERROR(J47/COUNTIF($G$47:$G$56,2),"ERROR!!!") -> -0.11818865 | M47: =IF(ROW()=47, 0, M46) + ABS(H47 - IF($G47=1, $K47, $L47)) -> 0.59094324 | N47: =IF(ROW()=47, 0, N46) + ABS(H47 - IF($G47=1, $L47, $K47)) -> 0.70913189 | R47: cr1 = | S47: =IF(O56<S32,O56,S32) -> 0.31720235
B48: 0.40872846 | C48: + | D48: 0.14285714 | E48: = | F48: =SUM(B48,D48) -> 0.5515856 | G48: 1 | H48: =IF(OR($G48=1,$G48=2), $F48 + IF($G48=1,1,-1)*$N$23*(EXP(-$F48)/(1+EXP(-$F48))), NA()) -> 0.66123458 | I48: =IF(G48=1,H48+N(I47),N(I47)) -> 0.66123458 | J48: =IF(G48=2,H48+N(J47),N(J47)) -> -0.70913189 | K48: =IFERROR(I48/COUNTIF($G$47:$G$56,1),"ERROR!!!") -> 0.16530865 | L48: =IFERROR(J48/COUNTIF($G$47:$G$56,2),"ERROR!!!") -> -0.11818865 | M48: =IF(ROW()=47, 0, M47) + ABS(H48 - IF($G48=1, $K48, $L48)) -> 1.0868692 | N48: =IF(ROW()=47, 0, N47) + ABS(H48 - IF($G48=1, $L48, $K48)) -> 1.4885551 | R48: u = | S48: 2 | U48: Candidate: add x2
B49: -0.14942742 | C49: + | D49: -0.14285714 | E49: = | F49: =SUM(B49,D49) -> -0.29228456 | G49: 2 | H49: =IF(OR($G49=1,$G49=2), $F49 + IF($G49=1,1,-1)*$N$23*(EXP(-$F49)/(1+EXP(-$F49))), NA()) -> -0.46405116 | I49: =IF(G49=1,H49+N(I48),N(I48)) -> 0.66123458 | J49: =IF(G49=2,H49+N(J48),N(J48)) -> -1.173183 | K49: =IFERROR(I49/COUNTIF($G$47:$G$56,1),"ERROR!!!") -> 0.16530865 | L49: =IFERROR(J49/COUNTIF($G$47:$G$56,2),"ERROR!!!") -> -0.19553051 | M49: =IF(ROW()=47, 0, M48) + ABS(H49 - IF($G49=1, $K49, $L49)) -> 1.3553898 | N49: =IF(ROW()=47, 0, N48) + ABS(H49 - IF($G49=1, $L49, $K49)) -> 2.1179149 | R49: q = | S49: =IF(O56<S32,S48,S34) -> 1 | U49: New temporary latent value:
B50: 0.23923915 | C50: + | D50: -0.14285714 | E50: = | F50: =SUM(B50,D50) -> 0.096382007 | G50: 1 | H50: =IF(OR($G50=1,$G50=2), $F50 + IF($G50=1,1,-1)*$N$23*(EXP(-$F50)/(1+EXP(-$F50))), NA()) -> 0.23915895 | I50: =IF(G50=1,H50+N(I49),N(I49)) -> 0.90039353 | J50: =IF(G50=2,H50+N(J49),N(J49)) -> -1.173183 | K50: =IFERROR(I50/COUNTIF($G$47:$G$56,1),"ERROR!!!") -> 0.22509838 | L50: =IFERROR(J50/COUNTIF($G$47:$G$56,2),"ERROR!!!") -> -0.19553051 | M50: =IF(ROW()=47, 0, M49) + ABS(H50 - IF($G50=1, $K50, $L50)) -> 1.3694504 | N50: =IF(ROW()=47, 0, N49) + ABS(H50 - IF($G50=1, $L50, $K50)) -> 2.5526044
B51: 0.40872846 | C51: + | D51: 0.14285714 | E51: = | F51: =SUM(B51,D51) -> 0.5515856 | G51: 1 | H51: =IF(OR($G51=1,$G51=2), $F51 + IF($G51=1,1,-1)*$N$23*(EXP(-$F51)/(1+EXP(-$F51))), NA()) -> 0.66123458 | I51: =IF(G51=1,H51+N(I50),N(I50)) -> 1.5616281 | J51: =IF(G51=2,H51+N(J50),N(J50)) -> -1.173183 | K51: =IFERROR(I51/COUNTIF($G$47:$G$56,1),"ERROR!!!") -> 0.39040703 | L51: =IFERROR(J51/COUNTIF($G$47:$G$56,2),"ERROR!!!") -> -0.19553051 | M51: =IF(ROW()=47, 0, M50) + ABS(H51 - IF($G51=1, $K51, $L51)) -> 1.640278 | N51: =IF(ROW()=47, 0, N50) + ABS(H51 - IF($G51=1, $L51, $K51)) -> 3.4093695
B52: 0.23923915 | C52: + | D52: -0.14285714 | E52: = | F52: =SUM(B52,D52) -> 0.096382007 | G52: 1 | H52: =IF(OR($G52=1,$G52=2), $F52 + IF($G52=1,1,-1)*$N$23*(EXP(-$F52)/(1+EXP(-$F52))), NA()) -> 0.23915895 | I52: =IF(G52=1,H52+N(I51),N(I51)) -> 1.8007871 | J52: =IF(G52=2,H52+N(J51),N(J51)) -> -1.173183 | K52: =IFERROR(I52/COUNTIF($G$47:$G$56,1),"ERROR!!!") -> 0.45019677 | L52: =IFERROR(J52/COUNTIF($G$47:$G$56,2),"ERROR!!!") -> -0.19553051 | M52: =IF(ROW()=47, 0, M51) + ABS(H52 - IF($G52=1, $K52, $L52)) -> 1.8513158 | N52: =IF(ROW()=47, 0, N51) + ABS(H52 - IF($G52=1, $L52, $K52)) -> 3.8440589
B53: -0.32058778 | C53: + | D53: -0.14285714 | E53: = | F53: =SUM(B53,D53) -> -0.46344492 | G53: 2 | H53: =IF(OR($G53=1,$G53=2), $F53 + IF($G53=1,1,-1)*$N$23*(EXP(-$F53)/(1+EXP(-$F53))), NA()) -> -0.64759425 | I53: =IF(G53=1,H53+N(I52),N(I52)) -> 1.8007871 | J53: =IF(G53=2,H53+N(J52),N(J52)) -> -1.8207773 | K53: =IFERROR(I53/COUNTIF($G$47:$G$56,1),"ERROR!!!") -> 0.45019677 | L53: =IFERROR(J53/COUNTIF($G$47:$G$56,2),"ERROR!!!") -> -0.30346288 | M53: =IF(ROW()=47, 0, M52) + ABS(H53 - IF($G53=1, $K53, $L53)) -> 2.1954471 | N53: =IF(ROW()=47, 0, N52) + ABS(H53 - IF($G53=1, $L53, $K53)) -> 4.9418499
B54: -0.37806569 | C54: + | D54: -0.14285714 | E54: = | F54: =SUM(B54,D54) -> -0.52092283 | G54: 2 | H54: =IF(OR($G54=1,$G54=2), $F54 + IF($G54=1,1,-1)*$N$23*(EXP(-$F54)/(1+EXP(-$F54))), NA()) -> -0.70913189 | I54: =IF(G54=1,H54+N(I53),N(I53)) -> 1.8007871 | J54: =IF(G54=2,H54+N(J53),N(J53)) -> -2.5299092 | K54: =IFERROR(I54/COUNTIF($G$47:$G$56,1),"ERROR!!!") -> 0.45019677 | L54: =IFERROR(J54/COUNTIF($G$47:$G$56,2),"ERROR!!!") -> -0.42165153 | M54: =IF(ROW()=47, 0, M53) + ABS(H54 - IF($G54=1, $K54, $L54)) -> 2.4829275 | N54: =IF(ROW()=47, 0, N53) + ABS(H54 - IF($G54=1, $L54, $K54)) -> 6.1011786
B55: -0.37806569 | C55: + | D55: -0.14285714 | E55: = | F55: =SUM(B55,D55) -> -0.52092283 | G55: 2 | H55: =IF(OR($G55=1,$G55=2), $F55 + IF($G55=1,1,-1)*$N$23*(EXP(-$F55)/(1+EXP(-$F55))), NA()) -> -0.70913189 | I55: =IF(G55=1,H55+N(I54),N(I54)) -> 1.8007871 | J55: =IF(G55=2,H55+N(J54),N(J54)) -> -3.2390411 | K55: =IFERROR(I55/COUNTIF($G$47:$G$56,1),"ERROR!!!") -> 0.45019677 | L55: =IFERROR(J55/COUNTIF($G$47:$G$56,2),"ERROR!!!") -> -0.53984018 | M55: =IF(ROW()=47, 0, M54) + ABS(H55 - IF($G55=1, $K55, $L55)) -> 2.6522192 | N55: =IF(ROW()=47, 0, N54) + ABS(H55 - IF($G55=1, $L55, $K55)) -> 7.2605072
B56: -0.37806569 | C56: + | D56: 0.14285714 | E56: = | F56: =SUM(B56,D56) -> -0.23520854 | G56: 2 | H56: =IF(OR($G56=1,$G56=2), $F56 + IF($G56=1,1,-1)*$N$23*(EXP(-$F56)/(1+EXP(-$F56))), NA()) -> -0.4027683 | I56: =IF(G56=1,H56+N(I55),N(I55)) -> 1.8007871 | J56: =IF(G56=2,H56+N(J55),N(J55)) -> -3.6418094 | K56: =IFERROR(I56/COUNTIF($G$47:$G$56,1),"ERROR!!!") -> 0.45019677 | L56: =IFERROR(J56/COUNTIF($G$47:$G$56,2),"ERROR!!!") -> -0.60696823 | M56: =IF(ROW()=47, 0, M55) + ABS(H56 - IF($G56=1, $K56, $L56)) -> 2.8564191 | N56: =IF(ROW()=47, 0, N55) + ABS(H56 - IF($G56=1, $L56, $K56)) -> 8.1134723 | O56: =M56/N56 -> 0.35205877
A60: Calculation of Generalized Assessment | H60: STEPS
C61: + | E61: = | G61: Classes | P61: STEP 3
B62: -0.37806569 | C62: + | D62: -0.2407405 | E62: = | F62: =SUM(B62,D62) -> -0.61880619 | G62: 2 | H62: =IF(OR($G62=1,$G62=2), $F62 + IF($G62=1,1,-1)*$N$23*(EXP(-$F62)/(1+EXP(-$F62))), NA()) -> -0.81379028 | I62: =IF(G62=1,H62+N(I61),N(I61)) -> 0 | J62: =IF(G62=2,H62+N(J61),N(J61)) -> -0.81379028 | K62: =IFERROR(I62/COUNTIF($G$62:$G$71,1),"ERROR!!!") -> 0 | L62: =IFERROR(J62/COUNTIF($G$62:$G$71,2),"ERROR!!!") -> -0.13563171 | M62: =IF(ROW()=62, 0, M61) + ABS(H62 - IF($G62=1, $K62, $L62)) -> 0.67815857 | N62: =IF(ROW()=62, 0, N61) + ABS(H62 - IF($G62=1, $L62, $K62)) -> 0.81379028 | R62: cr1 = | S62: =IF(O71<S47,O71,S47) -> 0.30751816
B63: 0.40872846 | C63: + | D63: 0.2407405 | E63: = | F63: =SUM(B63,D63) -> 0.64946896 | G63: 1 | H63: =IF(OR($G63=1,$G63=2), $F63 + IF($G63=1,1,-1)*$N$23*(EXP(-$F63)/(1+EXP(-$F63))), NA()) -> 0.75240172 | I63: =IF(G63=1,H63+N(I62),N(I62)) -> 0.75240172 | J63: =IF(G63=2,H63+N(J62),N(J62)) -> -0.81379028 | K63: =IFERROR(I63/COUNTIF($G$62:$G$71,1),"ERROR!!!") -> 0.18810043 | L63: =IFERROR(J63/COUNTIF($G$62:$G$71,2),"ERROR!!!") -> -0.13563171 | M63: =IF(ROW()=62, 0, M62) + ABS(H63 - IF($G63=1, $K63, $L63)) -> 1.2424599 | N63: =IF(ROW()=62, 0, N62) + ABS(H63 - IF($G63=1, $L63, $K63)) -> 1.7018237 | R63: u = | S63: 4
B64: -0.14942742 | C64: + | D64: -0.2407405 | E64: = | F64: =SUM(B64,D64) -> -0.39016792 | G64: 2 | H64: =IF(OR($G64=1,$G64=2), $F64 + IF($G64=1,1,-1)*$N$23*(EXP(-$F64)/(1+EXP(-$F64))), NA()) -> -0.56906485 | I64: =IF(G64=1,H64+N(I63),N(I63)) -> 0.75240172 | J64: =IF(G64=2,H64+N(J63),N(J63)) -> -1.3828551 | K64: =IFERROR(I64/COUNTIF($G$62:$G$71,1),"ERROR!!!") -> 0.18810043 | L64: =IFERROR(J64/COUNTIF($G$62:$G$71,2),"ERROR!!!") -> -0.23047586 | M64: =IF(ROW()=62, 0, M63) + ABS(H64 - IF($G64=1, $K64, $L64)) -> 1.5810489 | N64: =IF(ROW()=62, 0, N63) + ABS(H64 - IF($G64=1, $L64, $K64)) -> 2.458989 | R64: q = | S64: =IF(O71<S47,S63,S49) -> 4
B65: 0.23923915 | C65: + | D65: -0.2407405 | E65: = | F65: =SUM(B65,D65) -> -0.0015013499 | G65: 1 | H65: =IF(OR($G65=1,$G65=2), $F65 + IF($G65=1,1,-1)*$N$23*(EXP(-$F65)/(1+EXP(-$F65))), NA()) -> 0.14861125 | I65: =IF(G65=1,H65+N(I64),N(I64)) -> 0.90101297 | J65: =IF(G65=2,H65+N(J64),N(J64)) -> -1.3828551 | K65: =IFERROR(I65/COUNTIF($G$62:$G$71,1),"ERROR!!!") -> 0.22525324 | L65: =IFERROR(J65/COUNTIF($G$62:$G$71,2),"ERROR!!!") -> -0.23047586 | M65: =IF(ROW()=62, 0, M64) + ABS(H65 - IF($G65=1, $K65, $L65)) -> 1.6576908 | N65: =IF(ROW()=62, 0, N64) + ABS(H65 - IF($G65=1, $L65, $K65)) -> 2.8380761
B66: 0.40872846 | C66: + | D66: 0.2407405 | E66: = | F66: =SUM(B66,D66) -> 0.64946896 | G66: 1 | H66: =IF(OR($G66=1,$G66=2), $F66 + IF($G66=1,1,-1)*$N$23*(EXP(-$F66)/(1+EXP(-$F66))), NA()) -> 0.75240172 | I66: =IF(G66=1,H66+N(I65),N(I65)) -> 1.6534147 | J66: =IF(G66=2,H66+N(J65),N(J65)) -> -1.3828551 | K66: =IFERROR(I66/COUNTIF($G$62:$G$71,1),"ERROR!!!") -> 0.41335367 | L66: =IFERROR(J66/COUNTIF($G$62:$G$71,2),"ERROR!!!") -> -0.23047586 | M66: =IF(ROW()=62, 0, M65) + ABS(H66 - IF($G66=1, $K66, $L66)) -> 1.9967389 | N66: =IF(ROW()=62, 0, N65) + ABS(H66 - IF($G66=1, $L66, $K66)) -> 3.8209537
B67: 0.23923915 | C67: + | D67: 0.2407405 | E67: = | F67: =SUM(B67,D67) -> 0.47997965 | G67: 1 | H67: =IF(OR($G67=1,$G67=2), $F67 + IF($G67=1,1,-1)*$N$23*(EXP(-$F67)/(1+EXP(-$F67))), NA()) -> 0.59465673 | I67: =IF(G67=1,H67+N(I66),N(I66)) -> 2.2480714 | J67: =IF(G67=2,H67+N(J66),N(J66)) -> -1.3828551 | K67: =IFERROR(I67/COUNTIF($G$62:$G$71,1),"ERROR!!!") -> 0.56201786 | L67: =IFERROR(J67/COUNTIF($G$62:$G$71,2),"ERROR!!!") -> -0.23047586 | M67: =IF(ROW()=62, 0, M66) + ABS(H67 - IF($G67=1, $K67, $L67)) -> 2.0293778 | N67: =IF(ROW()=62, 0, N66) + ABS(H67 - IF($G67=1, $L67, $K67)) -> 4.6460863
B68: -0.32058778 | C68: + | D68: -0.2407405 | E68: = | F68: =SUM(B68,D68) -> -0.56132828 | G68: 2 | H68: =IF(OR($G68=1,$G68=2), $F68 + IF($G68=1,1,-1)*$N$23*(EXP(-$F68)/(1+EXP(-$F68))), NA()) -> -0.75235622 | I68: =IF(G68=1,H68+N(I67),N(I67)) -> 2.2480714 | J68: =IF(G68=2,H68+N(J67),N(J67)) -> -2.1352114 | K68: =IFERROR(I68/COUNTIF($G$62:$G$71,1),"ERROR!!!") -> 0.56201786 | L68: =IFERROR(J68/COUNTIF($G$62:$G$71,2),"ERROR!!!") -> -0.35586856 | M68: =IF(ROW()=62, 0, M67) + ABS(H68 - IF($G68=1, $K68, $L68)) -> 2.4258654 | N68: =IF(ROW()=62, 0, N67) + ABS(H68 - IF($G68=1, $L68, $K68)) -> 5.9604603
B69: -0.37806569 | C69: + | D69: 0.2407405 | E69: = | F69: =SUM(B69,D69) -> -0.13732519 | G69: 2 | H69: =IF(OR($G69=1,$G69=2), $F69 + IF($G69=1,1,-1)*$N$23*(EXP(-$F69)/(1+EXP(-$F69))), NA()) -> -0.29760842 | I69: =IF(G69=1,H69+N(I68),N(I68)) -> 2.2480714 | J69: =IF(G69=2,H69+N(J68),N(J68)) -> -2.4328198 | K69: =IFERROR(I69/COUNTIF($G$62:$G$71,1),"ERROR!!!") -> 0.56201786 | L69: =IFERROR(J69/COUNTIF($G$62:$G$71,2),"ERROR!!!") -> -0.40546996 | M69: =IF(ROW()=62, 0, M68) + ABS(H69 - IF($G69=1, $K69, $L69)) -> 2.533727 | N69: =IF(ROW()=62, 0, N68) + ABS(H69 - IF($G69=1, $L69, $K69)) -> 6.8200866
B70: -0.37806569 | C70: + | D70: -0.2407405 | E70: = | F70: =SUM(B70,D70) -> -0.61880619 | G70: 2 | H70: =IF(OR($G70=1,$G70=2), $F70 + IF($G70=1,1,-1)*$N$23*(EXP(-$F70)/(1+EXP(-$F70))), NA()) -> -0.81379028 | I70: =IF(G70=1,H70+N(I69),N(I69)) -> 2.2480714 | J70: =IF(G70=2,H70+N(J69),N(J69)) -> -3.2466101 | K70: =IFERROR(I70/COUNTIF($G$62:$G$71,1),"ERROR!!!") -> 0.56201786 | L70: =IFERROR(J70/COUNTIF($G$62:$G$71,2),"ERROR!!!") -> -0.54110168 | M70: =IF(ROW()=62, 0, M69) + ABS(H70 - IF($G70=1, $K70, $L70)) -> 2.8064156 | N70: =IF(ROW()=62, 0, N69) + ABS(H70 - IF($G70=1, $L70, $K70)) -> 8.1958948
B71: -0.37806569 | C71: + | D71: -0.2407405 | E71: = | F71: =SUM(B71,D71) -> -0.61880619 | G71: 2 | H71: =IF(OR($G71=1,$G71=2), $F71 + IF($G71=1,1,-1)*$N$23*(EXP(-$F71)/(1+EXP(-$F71))), NA()) -> -0.81379028 | I71: =IF(G71=1,H71+N(I70),N(I70)) -> 2.2480714 | J71: =IF(G71=2,H71+N(J70),N(J70)) -> -4.0604003 | K71: =IFERROR(I71/COUNTIF($G$62:$G$71,1),"ERROR!!!") -> 0.56201786 | L71: =IFERROR(J71/COUNTIF($G$62:$G$71,2),"ERROR!!!") -> -0.67673339 | M71: =IF(ROW()=62, 0, M70) + ABS(H71 - IF($G71=1, $K71, $L71)) -> 2.9434725 | N71: =IF(ROW()=62, 0, N70) + ABS(H71 - IF($G71=1, $L71, $K71)) -> 9.5717029 | O71: =M71/N71 -> 0.30751816
A75: Calculation of Generalized Assessment | H75: STEPS
C76: + | E76: = | G76: Classes | P76: STEP 3
B77: -0.37806569 | C77: + | D77: -0.0535715 | E77: = | F77: =SUM(B77,D77) -> -0.43163719 | G77: 2 | H77: =IF(OR($G77=1,$G77=2), $F77 + IF($G77=1,1,-1)*$N$23*(EXP(-$F77)/(1+EXP(-$F77))), NA()) -> -0.61351655 | I77: =IF(G77=1,H77+N(I76),N(I76)) -> 0 | J77: =IF(G77=2,H77+N(J76),N(J76)) -> -0.61351655 | K77: =IFERROR(I77/COUNTIF($G$77:$G$86,1),"ERROR!!!") -> 0 | L77: =IFERROR(J77/COUNTIF($G$77:$G$86,2),"ERROR!!!") -> -0.10225276 | M77: =IF(ROW()=77, 0, M76) + ABS(H77 - IF($G77=1, $K77, $L77)) -> 0.51126379 | N77: =IF(ROW()=77, 0, N76) + ABS(H77 - IF($G77=1, $L77, $K77)) -> 0.61351655 | R77: cr1 = | S77: =IF(O86<S62,O86,S62) -> 0.28261555
B78: 0.40872846 | C78: + | D78: -0.0535715 | E78: = | F78: =SUM(B78,D78) -> 0.35515696 | G78: 1 | H78: =IF(OR($G78=1,$G78=2), $F78 + IF($G78=1,1,-1)*$N$23*(EXP(-$F78)/(1+EXP(-$F78))), NA()) -> 0.47879669 | I78: =IF(G78=1,H78+N(I77),N(I77)) -> 0.47879669 | J78: =IF(G78=2,H78+N(J77),N(J77)) -> -0.61351655 | K78: =IFERROR(I78/COUNTIF($G$77:$G$86,1),"ERROR!!!") -> 0.11969917 | L78: =IFERROR(J78/COUNTIF($G$77:$G$86,2),"ERROR!!!") -> -0.10225276 | M78: =IF(ROW()=77, 0, M77) + ABS(H78 - IF($G78=1, $K78, $L78)) -> 0.87036131 | N78: =IF(ROW()=77, 0, N77) + ABS(H78 - IF($G78=1, $L78, $K78)) -> 1.194566 | R78: u = | S78: 5
B79: -0.14942742 | C79: + | D79: -0.0535715 | E79: = | F79: =SUM(B79,D79) -> -0.20299892 | G79: 2 | H79: =IF(OR($G79=1,$G79=2), $F79 + IF($G79=1,1,-1)*$N$23*(EXP(-$F79)/(1+EXP(-$F79))), NA()) -> -0.36817177 | I79: =IF(G79=1,H79+N(I78),N(I78)) -> 0.47879669 | J79: =IF(G79=2,H79+N(J78),N(J78)) -> -0.98168832 | K79: =IFERROR(I79/COUNTIF($G$77:$G$86,1),"ERROR!!!") -> 0.11969917 | L79: =IFERROR(J79/COUNTIF($G$77:$G$86,2),"ERROR!!!") -> -0.16361472 | M79: =IF(ROW()=77, 0, M78) + ABS(H79 - IF($G79=1, $K79, $L79)) -> 1.0749184 | N79: =IF(ROW()=77, 0, N78) + ABS(H79 - IF($G79=1, $L79, $K79)) -> 1.6824369 | R79: q = | S79: =IF(O86<S62,S78,S64) -> 5
B80: 0.23923915 | C80: + | D80: -0.0535715 | E80: = | F80: =SUM(B80,D80) -> 0.18566765 | G80: 1 | H80: =IF(OR($G80=1,$G80=2), $F80 + IF($G80=1,1,-1)*$N$23*(EXP(-$F80)/(1+EXP(-$F80))), NA()) -> 0.32178244 | I80: =IF(G80=1,H80+N(I79),N(I79)) -> 0.80057913 | J80: =IF(G80=2,H80+N(J79),N(J79)) -> -0.98168832 | K80: =IFERROR(I80/COUNTIF($G$77:$G$86,1),"ERROR!!!") -> 0.20014478 | L80: =IFERROR(J80/COUNTIF($G$77:$G$86,2),"ERROR!!!") -> -0.16361472 | M80: =IF(ROW()=77, 0, M79) + ABS(H80 - IF($G80=1, $K80, $L80)) -> 1.196556 | N80: =IF(ROW()=77, 0, N79) + ABS(H80 - IF($G80=1, $L80, $K80)) -> 2.1678341
B81: 0.40872846 | C81: + | D81: -0.0535715 | E81: = | F81: =SUM(B81,D81) -> 0.35515696 | G81: 1 | H81: =IF(OR($G81=1,$G81=2), $F81 + IF($G81=1,1,-1)*$N$23*(EXP(-$F81)/(1+EXP(-$F81))), NA()) -> 0.47879669 | I81: =IF(G81=1,H81+N(I80),N(I80)) -> 1.2793758 | J81: =IF(G81=2,H81+N(J80),N(J80)) -> -0.98168832 | K81: =IFERROR(I81/COUNTIF($G$77:$G$86,1),"ERROR!!!") -> 0.31984395 | L81: =IFERROR(J81/COUNTIF($G$77:$G$86,2),"ERROR!!!") -> -0.16361472 | M81: =IF(ROW()=77, 0, M80) + ABS(H81 - IF($G81=1, $K81, $L81)) -> 1.3555087 | N81: =IF(ROW()=77, 0, N80) + ABS(H81 - IF($G81=1, $L81, $K81)) -> 2.8102455
B82: 0.23923915 | C82: + | D82: 0.0535715 | E82: = | F82: =SUM(B82,D82) -> 0.29281065 | G82: 1 | H82: =IF(OR($G82=1,$G82=2), $F82 + IF($G82=1,1,-1)*$N$23*(EXP(-$F82)/(1+EXP(-$F82))), NA()) -> 0.42100542 | I82: =IF(G82=1,H82+N(I81),N(I81)) -> 1.7003812 | J82: =IF(G82=2,H82+N(J81),N(J81)) -> -0.98168832 | K82: =IFERROR(I82/COUNTIF($G$77:$G$86,1),"ERROR!!!") -> 0.42509531 | L82: =IFERROR(J82/COUNTIF($G$77:$G$86,2),"ERROR!!!") -> -0.16361472 | M82: =IF(ROW()=77, 0, M81) + ABS(H82 - IF($G82=1, $K82, $L82)) -> 1.3595986 | N82: =IF(ROW()=77, 0, N81) + ABS(H82 - IF($G82=1, $L82, $K82)) -> 3.3948656
B83: -0.32058778 | C83: + | D83: -0.0535715 | E83: = | F83: =SUM(B83,D83) -> -0.37415928 | G83: 2 | H83: =IF(OR($G83=1,$G83=2), $F83 + IF($G83=1,1,-1)*$N$23*(EXP(-$F83)/(1+EXP(-$F83))), NA()) -> -0.55189836 | I83: =IF(G83=1,H83+N(I82),N(I82)) -> 1.7003812 | J83: =IF(G83=2,H83+N(J82),N(J82)) -> -1.5335867 | K83: =IFERROR(I83/COUNTIF($G$77:$G$86,1),"ERROR!!!") -> 0.42509531 | L83: =IFERROR(J83/COUNTIF($G$77:$G$86,2),"ERROR!!!") -> -0.25559778 | M83: =IF(ROW()=77, 0, M82) + ABS(H83 - IF($G83=1, $K83, $L83)) -> 1.6558992 | N83: =IF(ROW()=77, 0, N82) + ABS(H83 - IF($G83=1, $L83, $K83)) -> 4.3718593
B84: -0.37806569 | C84: + | D84: -0.0535715 | E84: = | F84: =SUM(B84,D84) -> -0.43163719 | G84: 2 | H84: =IF(OR($G84=1,$G84=2), $F84 + IF($G84=1,1,-1)*$N$23*(EXP(-$F84)/(1+EXP(-$F84))), NA()) -> -0.61351655 | I84: =IF(G84=1,H84+N(I83),N(I83)) -> 1.7003812 | J84: =IF(G84=2,H84+N(J83),N(J83)) -> -2.1471032 | K84: =IFERROR(I84/COUNTIF($G$77:$G$86,1),"ERROR!!!") -> 0.42509531 | L84: =IFERROR(J84/COUNTIF($G$77:$G$86,2),"ERROR!!!") -> -0.35785054 | M84: =IF(ROW()=77, 0, M83) + ABS(H84 - IF($G84=1, $K84, $L84)) -> 1.9115652 | N84: =IF(ROW()=77, 0, N83) + ABS(H84 - IF($G84=1, $L84, $K84)) -> 5.4104712
B85: -0.37806569 | C85: + | D85: -0.0535715 | E85: = | F85: =SUM(B85,D85) -> -0.43163719 | G85: 2 | H85: =IF(OR($G85=1,$G85=2), $F85 + IF($G85=1,1,-1)*$N$23*(EXP(-$F85)/(1+EXP(-$F85))), NA()) -> -0.61351655 | I85: =IF(G85=1,H85+N(I84),N(I84)) -> 1.7003812 | J85: =IF(G85=2,H85+N(J84),N(J84)) -> -2.7606198 | K85: =IFERROR(I85/COUNTIF($G$77:$G$86,1),"ERROR!!!") -> 0.42509531 | L85: =IFERROR(J85/COUNTIF($G$77:$G$86,2),"ERROR!!!") -> -0.4601033 | M85: =IF(ROW()=77, 0, M84) + ABS(H85 - IF($G85=1, $K85, $L85)) -> 2.0649785 | N85: =IF(ROW()=77, 0, N84) + ABS(H85 - IF($G85=1, $L85, $K85)) -> 6.449083
B86: -0.37806569 | C86: + | D86: -0.0535715 | E86: = | F86: =SUM(B86,D86) -> -0.43163719 | G86: 2 | H86: =IF(OR($G86=1,$G86=2), $F86 + IF($G86=1,1,-1)*$N$23*(EXP(-$F86)/(1+EXP(-$F86))), NA()) -> -0.61351655 | I86: =IF(G86=1,H86+N(I85),N(I85)) -> 1.7003812 | J86: =IF(G86=2,H86+N(J85),N(J85)) -> -3.3741363 | K86: =IFERROR(I86/COUNTIF($G$77:$G$86,1),"ERROR!!!") -> 0.42509531 | L86: =IFERROR(J86/COUNTIF($G$77:$G$86,2),"ERROR!!!") -> -0.56235605 | M86: =IF(ROW()=77, 0, M85) + ABS(H86 - IF($G86=1, $K86, $L86)) -> 2.116139 | N86: =IF(ROW()=77, 0, N85) + ABS(H86 - IF($G86=1, $L86, $K86)) -> 7.4876949 | O86: =M86/N86 -> 0.28261555
A90: Calculation of Generalized Assessment | H90: STEPS
C91: + | E91: = | G91: Classes | P91: STEP 3
B92: -0.37806569 | C92: + | D92: -0.14285714 | E92: = | F92: =SUM(B92,D92) -> -0.52092283 | G92: 2 | H92: =IF(OR($G92=1,$G92=2), $F92 + IF($G92=1,1,-1)*$N$23*(EXP(-$F92)/(1+EXP(-$F92))), NA()) -> -0.70913189 | I92: =IF(G92=1,H92+N(I91),N(I91)) -> 0 | J92: =IF(G92=2,H92+N(J91),N(J91)) -> -0.70913189 | K92: =IFERROR(I92/COUNTIF($G$92:$G$101,1),"ERROR!!!") -> 0 | L92: =IFERROR(J92/COUNTIF($G$92:$G$101,2),"ERROR!!!") -> -0.11818865 | M92: =IF(ROW()=92, 0, M91) + ABS(H92 - IF($G92=1, $K92, $L92)) -> 0.59094324 | N92: =IF(ROW()=92, 0, N91) + ABS(H92 - IF($G92=1, $L92, $K92)) -> 0.70913189 | R92: cr1 = | S92: =IF(O101<S77,O101,S77) -> 0.28261555
B93: 0.40872846 | C93: + | D93: -0.14285714 | E93: = | F93: =SUM(B93,D93) -> 0.26587131 | G93: 1 | H93: =IF(OR($G93=1,$G93=2), $F93 + IF($G93=1,1,-1)*$N$23*(EXP(-$F93)/(1+EXP(-$F93))), NA()) -> 0.3960476 | I93: =IF(G93=1,H93+N(I92),N(I92)) -> 0.3960476 | J93: =IF(G93=2,H93+N(J92),N(J92)) -> -0.70913189 | K93: =IFERROR(I93/COUNTIF($G$92:$G$101,1),"ERROR!!!") -> 0.0990119 | L93: =IFERROR(J93/COUNTIF($G$92:$G$101,2),"ERROR!!!") -> -0.11818865 | M93: =IF(ROW()=92, 0, M92) + ABS(H93 - IF($G93=1, $K93, $L93)) -> 0.88797894 | N93: =IF(ROW()=92, 0, N92) + ABS(H93 - IF($G93=1, $L93, $K93)) -> 1.2233681 | R93: u = | S93: 7
B94: -0.14942742 | C94: + | D94: 0.14285714 | E94: = | F94: =SUM(B94,D94) -> -0.0065702744 | G94: 2 | H94: =IF(OR($G94=1,$G94=2), $F94 + IF($G94=1,1,-1)*$N$23*(EXP(-$F94)/(1+EXP(-$F94))), NA()) -> -0.15706304 | I94: =IF(G94=1,H94+N(I93),N(I93)) -> 0.3960476 | J94: =IF(G94=2,H94+N(J93),N(J93)) -> -0.86619493 | K94: =IFERROR(I94/COUNTIF($G$92:$G$101,1),"ERROR!!!") -> 0.0990119 | L94: =IFERROR(J94/COUNTIF($G$92:$G$101,2),"ERROR!!!") -> -0.14436582 | M94: =IF(ROW()=92, 0, M93) + ABS(H94 - IF($G94=1, $K94, $L94)) -> 0.90067616 | N94: =IF(ROW()=92, 0, N93) + ABS(H94 - IF($G94=1, $L94, $K94)) -> 1.4794431 | R94: q = | S94: =IF(O101<S77,S93,S79) -> 5
B95: 0.23923915 | C95: + | D95: 0.14285714 | E95: = | F95: =SUM(B95,D95) -> 0.38209629 | G95: 1 | H95: =IF(OR($G95=1,$G95=2), $F95 + IF($G95=1,1,-1)*$N$23*(EXP(-$F95)/(1+EXP(-$F95))), NA()) -> 0.50378271 | I95: =IF(G95=1,H95+N(I94),N(I94)) -> 0.89983031 | J95: =IF(G95=2,H95+N(J94),N(J94)) -> -0.86619493 | K95: =IFERROR(I95/COUNTIF($G$92:$G$101,1),"ERROR!!!") -> 0.22495758 | L95: =IFERROR(J95/COUNTIF($G$92:$G$101,2),"ERROR!!!") -> -0.14436582 | M95: =IF(ROW()=92, 0, M94) + ABS(H95 - IF($G95=1, $K95, $L95)) -> 1.1795013 | N95: =IF(ROW()=92, 0, N94) + ABS(H95 - IF($G95=1, $L95, $K95)) -> 2.1275916
B96: 0.40872846 | C96: + | D96: -0.14285714 | E96: = | F96: =SUM(B96,D96) -> 0.26587131 | G96: 1 | H96: =IF(OR($G96=1,$G96=2), $F96 + IF($G96=1,1,-1)*$N$23*(EXP(-$F96)/(1+EXP(-$F96))), NA()) -> 0.3960476 | I96: =IF(G96=1,H96+N(I95),N(I95)) -> 1.2958779 | J96: =IF(G96=2,H96+N(J95),N(J95)) -> -0.86619493 | K96: =IFERROR(I96/COUNTIF($G$92:$G$101,1),"ERROR!!!") -> 0.32396948 | L96: =IFERROR(J96/COUNTIF($G$92:$G$101,2),"ERROR!!!") -> -0.14436582 | M96: =IF(ROW()=92, 0, M95) + ABS(H96 - IF($G96=1, $K96, $L96)) -> 1.2515794 | N96: =IF(ROW()=92, 0, N95) + ABS(H96 - IF($G96=1, $L96, $K96)) -> 2.668005
B97: 0.23923915 | C97: + | D97: 0.14285714 | E97: = | F97: =SUM(B97,D97) -> 0.38209629 | G97: 1 | H97: =IF(OR($G97=1,$G97=2), $F97 + IF($G97=1,1,-1)*$N$23*(EXP(-$F97)/(1+EXP(-$F97))), NA()) -> 0.50378271 | I97: =IF(G97=1,H97+N(I96),N(I96)) -> 1.7996606 | J97: =IF(G97=2,H97+N(J96),N(J96)) -> -0.86619493 | K97: =IFERROR(I97/COUNTIF($G$92:$G$101,1),"ERROR!!!") -> 0.44991516 | L97: =IFERROR(J97/COUNTIF($G$92:$G$101,2),"ERROR!!!") -> -0.14436582 | M97: =IF(ROW()=92, 0, M96) + ABS(H97 - IF($G97=1, $K97, $L97)) -> 1.305447 | N97: =IF(ROW()=92, 0, N96) + ABS(H97 - IF($G97=1, $L97, $K97)) -> 3.3161536
B98: -0.32058778 | C98: + | D98: -0.14285714 | E98: = | F98: =SUM(B98,D98) -> -0.46344492 | G98: 2 | H98: =IF(OR($G98=1,$G98=2), $F98 + IF($G98=1,1,-1)*$N$23*(EXP(-$F98)/(1+EXP(-$F98))), NA()) -> -0.64759425 | I98: =IF(G98=1,H98+N(I97),N(I97)) -> 1.7996606 | J98: =IF(G98=2,H98+N(J97),N(J97)) -> -1.5137892 | K98: =IFERROR(I98/COUNTIF($G$92:$G$101,1),"ERROR!!!") -> 0.44991516 | L98: =IFERROR(J98/COUNTIF($G$92:$G$101,2),"ERROR!!!") -> -0.2522982 | M98: =IF(ROW()=92, 0, M97) + ABS(H98 - IF($G98=1, $K98, $L98)) -> 1.700743 | N98: =IF(ROW()=92, 0, N97) + ABS(H98 - IF($G98=1, $L98, $K98)) -> 4.413663
B99: -0.37806569 | C99: + | D99: -0.14285714 | E99: = | F99: =SUM(B99,D99) -> -0.52092283 | G99: 2 | H99: =IF(OR($G99=1,$G99=2), $F99 + IF($G99=1,1,-1)*$N$23*(EXP(-$F99)/(1+EXP(-$F99))), NA()) -> -0.70913189 | I99: =IF(G99=1,H99+N(I98),N(I98)) -> 1.7996606 | J99: =IF(G99=2,H99+N(J98),N(J98)) -> -2.2229211 | K99: =IFERROR(I99/COUNTIF($G$92:$G$101,1),"ERROR!!!") -> 0.44991516 | L99: =IFERROR(J99/COUNTIF($G$92:$G$101,2),"ERROR!!!") -> -0.37048684 | M99: =IF(ROW()=92, 0, M98) + ABS(H99 - IF($G99=1, $K99, $L99)) -> 2.0393881 | N99: =IF(ROW()=92, 0, N98) + ABS(H99 - IF($G99=1, $L99, $K99)) -> 5.57271
B100: -0.37806569 | C100: + | D100: -0.14285714 | E100: = | F100: =SUM(B100,D100) -> -0.52092283 | G100: 2 | H100: =IF(OR($G100=1,$G100=2), $F100 + IF($G100=1,1,-1)*$N$23*(EXP(-$F100)/(1+EXP(-$F100))), NA()) -> -0.70913189 | I100: =IF(G100=1,H100+N(I99),N(I99)) -> 1.7996606 | J100: =IF(G100=2,H100+N(J99),N(J99)) -> -2.9320529 | K100: =IFERROR(I100/COUNTIF($G$92:$G$101,1),"ERROR!!!") -> 0.44991516 | L100: =IFERROR(J100/COUNTIF($G$92:$G$101,2),"ERROR!!!") -> -0.48867549 | M100: =IF(ROW()=92, 0, M99) + ABS(H100 - IF($G100=1, $K100, $L100)) -> 2.2598445 | N100: =IF(ROW()=92, 0, N99) + ABS(H100 - IF($G100=1, $L100, $K100)) -> 6.7317571
B101: -0.37806569 | C101: + | D101: -0.14285714 | E101: = | F101: =SUM(B101,D101) -> -0.52092283 | G101: 2 | H101: =IF(OR($G101=1,$G101=2), $F101 + IF($G101=1,1,-1)*$N$23*(EXP(-$F101)/(1+EXP(-$F101))), NA()) -> -0.70913189 | I101: =IF(G101=1,H101+N(I100),N(I100)) -> 1.7996606 | J101: =IF(G101=2,H101+N(J100),N(J100)) -> -3.6411848 | K101: =IFERROR(I101/COUNTIF($G$92:$G$101,1),"ERROR!!!") -> 0.44991516 | L101: =IFERROR(J101/COUNTIF($G$92:$G$101,2),"ERROR!!!") -> -0.60686414 | M101: =IF(ROW()=92, 0, M100) + ABS(H101 - IF($G101=1, $K101, $L101)) -> 2.3621122 | N101: =IF(ROW()=92, 0, N100) + ABS(H101 - IF($G101=1, $L101, $K101)) -> 7.8908041 | O101: =M101/N101 -> 0.29935
A105: Calculation of Generalized Assessment | H105: STEPS
C106: + | E106: = | G106: Classes | P106: STEP 3
B107: -0.37806569 | C107: + | D107: 0.2407405 | E107: = | F107: =SUM(B107,D107) -> -0.13732519 | G107: 2 | H107: =IF(OR($G107=1,$G107=2), $F107 + IF($G107=1,1,-1)*$N$23*(EXP(-$F107)/(1+EXP(-$F107))), NA()) -> -0.29760842 | I107: =IF(G107=1,H107+N(I106),N(I106)) -> 0 | J107: =IF(G107=2,H107+N(J106),N(J106)) -> -0.29760842 | K107: =IFERROR(I107/COUNTIF($G$107:$G$116,1),"ERROR!!!") -> 0 | L107: =IFERROR(J107/COUNTIF($G$107:$G$116,2),"ERROR!!!") -> -0.049601403 | M107: =IF(ROW()=107, 0, M106) + ABS(H107 - IF($G107=1, $K107, $L107)) -> 0.24800702 | N107: =IF(ROW()=107, 0, N106) + ABS(H107 - IF($G107=1, $L107, $K107)) -> 0.29760842 | R107: cr1 = | S107: =IF(O116<S92,O116,S92) -> 0.28261555
B108: 0.40872846 | C108: + | D108: -0.2407405 | E108: = | F108: =SUM(B108,D108) -> 0.16798796 | G108: 1 | H108: =IF(OR($G108=1,$G108=2), $F108 + IF($G108=1,1,-1)*$N$23*(EXP(-$F108)/(1+EXP(-$F108))), NA()) -> 0.3054184 | I108: =IF(G108=1,H108+N(I107),N(I107)) -> 0.3054184 | J108: =IF(G108=2,H108+N(J107),N(J107)) -> -0.29760842 | K108: =IFERROR(I108/COUNTIF($G$107:$G$116,1),"ERROR!!!") -> 0.076354601 | L108: =IFERROR(J108/COUNTIF($G$107:$G$116,2),"ERROR!!!") -> -0.049601403 | M108: =IF(ROW()=107, 0, M107) + ABS(H108 - IF($G108=1, $K108, $L108)) -> 0.47707082 | N108: =IF(ROW()=107, 0, N107) + ABS(H108 - IF($G108=1, $L108, $K108)) -> 0.65262823 | R108: u = | S108: 8
B109: -0.14942742 | C109: + | D109: -0.2407405 | E109: = | F109: =SUM(B109,D109) -> -0.39016792 | G109: 2 | H109: =IF(OR($G109=1,$G109=2), $F109 + IF($G109=1,1,-1)*$N$23*(EXP(-$F109)/(1+EXP(-$F109))), NA()) -> -0.56906485 | I109: =IF(G109=1,H109+N(I108),N(I108)) -> 0.3054184 | J109: =IF(G109=2,H109+N(J108),N(J108)) -> -0.86667327 | K109: =IFERROR(I109/COUNTIF($G$107:$G$116,1),"ERROR!!!") -> 0.076354601 | L109: =IFERROR(J109/COUNTIF($G$107:$G$116,2),"ERROR!!!") -> -0.14444555 | M109: =IF(ROW()=107, 0, M108) + ABS(H109 - IF($G109=1, $K109, $L109)) -> 0.90169013 | N109: =IF(ROW()=107, 0, N108) + ABS(H109 - IF($G109=1, $L109, $K109)) -> 1.2980477 | R109: q = | S109: =IF(O116<S92,S108,S94) -> 5
B110: 0.23923915 | C110: + | D110: 0.2407405 | E110: = | F110: =SUM(B110,D110) -> 0.47997965 | G110: 1 | H110: =IF(OR($G110=1,$G110=2), $F110 + IF($G110=1,1,-1)*$N$23*(EXP(-$F110)/(1+EXP(-$F110))), NA()) -> 0.59465673 | I110: =IF(G110=1,H110+N(I109),N(I109)) -> 0.90007513 | J110: =IF(G110=2,H110+N(J109),N(J109)) -> -0.86667327 | K110: =IFERROR(I110/COUNTIF($G$107:$G$116,1),"ERROR!!!") -> 0.22501878 | L110: =IFERROR(J110/COUNTIF($G$107:$G$116,2),"ERROR!!!") -> -0.14444555 | M110: =IF(ROW()=107, 0, M109) + ABS(H110 - IF($G110=1, $K110, $L110)) -> 1.2713281 | N110: =IF(ROW()=107, 0, N109) + ABS(H110 - IF($G110=1, $L110, $K110)) -> 2.03715
B111: 0.40872846 | C111: + | D111: 0.2407405 | E111: = | F111: =SUM(B111,D111) -> 0.64946896 | G111: 1 | H111: =IF(OR($G111=1,$G111=2), $F111 + IF($G111=1,1,-1)*$N$23*(EXP(-$F111)/(1+EXP(-$F111))), NA()) -> 0.75240172 | I111: =IF(G111=1,H111+N(I110),N(I110)) -> 1.6524769 | J111: =IF(G111=2,H111+N(J110),N(J110)) -> -0.86667327 | K111: =IFERROR(I111/COUNTIF($G$107:$G$116,1),"ERROR!!!") -> 0.41311921 | L111: =IFERROR(J111/COUNTIF($G$107:$G$116,2),"ERROR!!!") -> -0.14444555 | M111: =IF(ROW()=107, 0, M110) + ABS(H111 - IF($G111=1, $K111, $L111)) -> 1.6106106 | N111: =IF(ROW()=107, 0, N110) + ABS(H111 - IF($G111=1, $L111, $K111)) -> 2.9339972
B112: 0.23923915 | C112: + | D112: 0.2407405 | E112: = | F112: =SUM(B112,D112) -> 0.47997965 | G112: 1 | H112: =IF(OR($G112=1,$G112=2), $F112 + IF($G112=1,1,-1)*$N$23*(EXP(-$F112)/(1+EXP(-$F112))), NA()) -> 0.59465673 | I112: =IF(G112=1,H112+N(I111),N(I111)) -> 2.2471336 | J112: =IF(G112=2,H112+N(J111),N(J111)) -> -0.86667327 | K112: =IFERROR(I112/COUNTIF($G$107:$G$116,1),"ERROR!!!") -> 0.5617834 | L112: =IFERROR(J112/COUNTIF($G$107:$G$116,2),"ERROR!!!") -> -0.14444555 | M112: =IF(ROW()=107, 0, M111) + ABS(H112 - IF($G112=1, $K112, $L112)) -> 1.6434839 | N112: =IF(ROW()=107, 0, N111) + ABS(H112 - IF($G112=1, $L112, $K112)) -> 3.6730995
B113: -0.32058778 | C113: + | D113: -0.2407405 | E113: = | F113: =SUM(B113,D113) -> -0.56132828 | G113: 2 | H113: =IF(OR($G113=1,$G113=2), $F113 + IF($G113=1,1,-1)*$N$23*(EXP(-$F113)/(1+EXP(-$F113))), NA()) -> -0.75235622 | I113: =IF(G113=1,H113+N(I112),N(I112)) -> 2.2471336 | J113: =IF(G113=2,H113+N(J112),N(J112)) -> -1.6190295 | K113: =IFERROR(I113/COUNTIF($G$107:$G$116,1),"ERROR!!!") -> 0.5617834 | L113: =IFERROR(J113/COUNTIF($G$107:$G$116,2),"ERROR!!!") -> -0.26983825 | M113: =IF(ROW()=107, 0, M112) + ABS(H113 - IF($G113=1, $K113, $L113)) -> 2.1260019 | N113: =IF(ROW()=107, 0, N112) + ABS(H113 - IF($G113=1, $L113, $K113)) -> 4.9872391
B114: -0.37806569 | C114: + | D114: -0.2407405 | E114: = | F114: =SUM(B114,D114) -> -0.61880619 | G114: 2 | H114: =IF(OR($G114=1,$G114=2), $F114 + IF($G114=1,1,-1)*$N$23*(EXP(-$F114)/(1+EXP(-$F114))), NA()) -> -0.81379028 | I114: =IF(G114=1,H114+N(I113),N(I113)) -> 2.2471336 | J114: =IF(G114=2,H114+N(J113),N(J113)) -> -2.4328198 | K114: =IFERROR(I114/COUNTIF($G$107:$G$116,1),"ERROR!!!") -> 0.5617834 | L114: =IFERROR(J114/COUNTIF($G$107:$G$116,2),"ERROR!!!") -> -0.40546996 | M114: =IF(ROW()=107, 0, M113) + ABS(H114 - IF($G114=1, $K114, $L114)) -> 2.5343222 | N114: =IF(ROW()=107, 0, N113) + ABS(H114 - IF($G114=1, $L114, $K114)) -> 6.3628128
B115: -0.37806569 | C115: + | D115: -0.2407405 | E115: = | F115: =SUM(B115,D115) -> -0.61880619 | G115: 2 | H115: =IF(OR($G115=1,$G115=2), $F115 + IF($G115=1,1,-1)*$N$23*(EXP(-$F115)/(1+EXP(-$F115))), NA()) -> -0.81379028 | I115: =IF(G115=1,H115+N(I114),N(I114)) -> 2.2471336 | J115: =IF(G115=2,H115+N(J114),N(J114)) -> -3.2466101 | K115: =IFERROR(I115/COUNTIF($G$107:$G$116,1),"ERROR!!!") -> 0.5617834 | L115: =IFERROR(J115/COUNTIF($G$107:$G$116,2),"ERROR!!!") -> -0.54110168 | M115: =IF(ROW()=107, 0, M114) + ABS(H115 - IF($G115=1, $K115, $L115)) -> 2.8070108 | N115: =IF(ROW()=107, 0, N114) + ABS(H115 - IF($G115=1, $L115, $K115)) -> 7.7383865
B116: -0.37806569 | C116: + | D116: -0.2407405 | E116: = | F116: =SUM(B116,D116) -> -0.61880619 | G116: 2 | H116: =IF(OR($G116=1,$G116=2), $F116 + IF($G116=1,1,-1)*$N$23*(EXP(-$F116)/(1+EXP(-$F116))), NA()) -> -0.81379028 | I116: =IF(G116=1,H116+N(I115),N(I115)) -> 2.2471336 | J116: =IF(G116=2,H116+N(J115),N(J115)) -> -4.0604003 | K116: =IFERROR(I116/COUNTIF($G$107:$G$116,1),"ERROR!!!") -> 0.5617834 | L116: =IFERROR(J116/COUNTIF($G$107:$G$116,2),"ERROR!!!") -> -0.67673339 | M116: =IF(ROW()=107, 0, M115) + ABS(H116 - IF($G116=1, $K116, $L116)) -> 2.9440677 | N116: =IF(ROW()=107, 0, N115) + ABS(H116 - IF($G116=1, $L116, $K116)) -> 9.1139601 | O116: =M116/N116 -> 0.32302837
A120: Calculation of Generalized Assessment | H120: STEPS
C121: + | E121: = | G121: Classes | P121: STEP 3
B122: -0.37806569 | C122: + | D122: -0.053571429 | E122: = | F122: =SUM(B122,D122) -> -0.43163711 | G122: 2 | H122: =IF(OR($G122=1,$G122=2), $F122 + IF($G122=1,1,-1)*$N$23*(EXP(-$F122)/(1+EXP(-$F122))), NA()) -> -0.61351647 | I122: =IF(G122=1,H122+N(I121),N(I121)) -> 0 | J122: =IF(G122=2,H122+N(J121),N(J121)) -> -0.61351647 | K122: =IFERROR(I122/COUNTIF($G$122:$G$131,1),"ERROR!!!") -> 0 | L122: =IFERROR(J122/COUNTIF($G$122:$G$131,2),"ERROR!!!") -> -0.10225275 | M122: =IF(ROW()=122, 0, M121) + ABS(H122 - IF($G122=1, $K122, $L122)) -> 0.51126373 | N122: =IF(ROW()=122, 0, N121) + ABS(H122 - IF($G122=1, $L122, $K122)) -> 0.61351647 | R122: cr1 = | S122: =IF(O131<S107,O131,S107) -> 0.28261555
B123: 0.40872846 | C123: + | D123: -0.053571429 | E123: = | F123: =SUM(B123,D123) -> 0.35515703 | G123: 1 | H123: =IF(OR($G123=1,$G123=2), $F123 + IF($G123=1,1,-1)*$N$23*(EXP(-$F123)/(1+EXP(-$F123))), NA()) -> 0.47879675 | I123: =IF(G123=1,H123+N(I122),N(I122)) -> 0.47879675 | J123: =IF(G123=2,H123+N(J122),N(J122)) -> -0.61351647 | K123: =IFERROR(I123/COUNTIF($G$122:$G$131,1),"ERROR!!!") -> 0.11969919 | L123: =IFERROR(J123/COUNTIF($G$122:$G$131,2),"ERROR!!!") -> -0.10225275 | M123: =IF(ROW()=122, 0, M122) + ABS(H123 - IF($G123=1, $K123, $L123)) -> 0.87036129 | N123: =IF(ROW()=122, 0, N122) + ABS(H123 - IF($G123=1, $L123, $K123)) -> 1.194566 | R123: u = | S123: 9
B124: -0.14942742 | C124: + | D124: -0.053571429 | E124: = | F124: =SUM(B124,D124) -> -0.20299885 | G124: 2 | H124: =IF(OR($G124=1,$G124=2), $F124 + IF($G124=1,1,-1)*$N$23*(EXP(-$F124)/(1+EXP(-$F124))), NA()) -> -0.36817169 | I124: =IF(G124=1,H124+N(I123),N(I123)) -> 0.47879675 | J124: =IF(G124=2,H124+N(J123),N(J123)) -> -0.98168816 | K124: =IFERROR(I124/COUNTIF($G$122:$G$131,1),"ERROR!!!") -> 0.11969919 | L124: =IFERROR(J124/COUNTIF($G$122:$G$131,2),"ERROR!!!") -> -0.16361469 | M124: =IF(ROW()=122, 0, M123) + ABS(H124 - IF($G124=1, $K124, $L124)) -> 1.0749183 | N124: =IF(ROW()=122, 0, N123) + ABS(H124 - IF($G124=1, $L124, $K124)) -> 1.6824368 | R124: q = | S124: =IF(O131<S107,S123,S109) -> 5
B125: 0.23923915 | C125: + | D125: 0.053571429 | E125: = | F125: =SUM(B125,D125) -> 0.29281058 | G125: 1 | H125: =IF(OR($G125=1,$G125=2), $F125 + IF($G125=1,1,-1)*$N$23*(EXP(-$F125)/(1+EXP(-$F125))), NA()) -> 0.42100536 | I125: =IF(G125=1,H125+N(I124),N(I124)) -> 0.89980211 | J125: =IF(G125=2,H125+N(J124),N(J124)) -> -0.98168816 | K125: =IFERROR(I125/COUNTIF($G$122:$G$131,1),"ERROR!!!") -> 0.22495053 | L125: =IFERROR(J125/COUNTIF($G$122:$G$131,2),"ERROR!!!") -> -0.16361469 | M125: =IF(ROW()=122, 0, M124) + ABS(H125 - IF($G125=1, $K125, $L125)) -> 1.2709731 | N125: =IF(ROW()=122, 0, N124) + ABS(H125 - IF($G125=1, $L125, $K125)) -> 2.2670569
...

Sheet Greedy upon Weight (3-Latent)
A1: Heart + Disease with Contribution Values (10, 13, 2)
A2: № | O2: Class | Q2: K1 = | R2: 4 | V2: Class Mean (K1)
B3: 0.52910083 | C3: -0.14285714 | D3: The Organizer | E3: -0.2407405 | F3: -0.0535715 | G3: 0.074074074 | H3: -0.14285714 | I3: 0.2407405 | J3: -0.053571429 | K3: -0.2407405 | L3: -0.14285714 | M3: -0.095238 | N3: 0.060763889 | O3: 2 | Q3: K2 = | R3: 6
B4: 0.52910083 | C4: 0.14285714 | E4: 0.2407405 | F4: -0.0535715 | G4: 0.074074074 | H4: -0.14285714 | I4: -0.2407405 | J4: -0.053571429 | K4: -0.2407405 | L4: -0.14285714 | M4: 0.095238 | N4: 0.060763889 | O4: 1
B5: -0.52910083 | C5: -0.14285714 | E5: -0.2407405 | F5: -0.0535715 | G5: 0.074074074 | H5: 0.14285714 | I5: -0.2407405 | J5: -0.053571429 | K5: 0.2407405 | L5: 0.14285714 | M5: 0.095238 | N5: 0.060763889 | O5: 2 | Q5: t =
B6: 0.52910083 | C6: -0.14285714 | E6: -0.2407405 | F6: -0.0535715 | G6: 0.074074074 | H6: 0.14285714 | I6: 0.2407405 | J6: 0.053571429 | K6: 0.2407405 | L6: -0.14285714 | M6: -0.095238 | N6: 0.060763889 | O6: 1 | V6: Class Mean (K2)
B7: 0.52910083 | C7: 0.14285714 | E7: 0.2407405 | F7: -0.0535715 | G7: 0.074074074 | H7: -0.14285714 | I7: 0.2407405 | J7: 0.053571429 | K7: 0.2407405 | L7: 0.14285714 | M7: -0.095238 | N7: 0.060763889 | O7: 1 | Q7: t = m = | R7: 10
B8: 0.52910083 | C8: -0.14285714 | E8: 0.2407405 | F8: 0.0535715 | G8: 0.074074074 | H8: 0.14285714 | I8: 0.2407405 | J8: -0.053571429 | K8: 0.2407405 | L8: 0.14285714 | M8: 0.095238 | N8: 0.060763889 | O8: 1
B9: -0.52910083 | C9: -0.14285714 | E9: -0.2407405 | F9: -0.0535715 | G9: -0.074074074 | H9: -0.14285714 | I9: -0.2407405 | J9: 0.053571429 | K9: -0.2407405 | L9: -0.14285714 | M9: -0.095238 | N9: -0.12152778 | O9: 2 | Q9: u =
B10: -0.52910083 | C10: -0.14285714 | E10: 0.2407405 | F10: -0.0535715 | G10: 0.074074074 | H10: -0.14285714 | I10: -0.2407405 | J10: 0.053571429 | K10: -0.2407405 | L10: -0.14285714 | M10: -0.095238 | N10: 0.060763889 | O10: 2
B11: -0.52910083 | C11: -0.14285714 | E11: -0.2407405 | F11: -0.0535715 | G11: 0.074074074 | H11: -0.14285714 | I11: -0.2407405 | J11: -0.053571429 | K11: -0.2407405 | L11: -0.14285714 | M11: -0.095238 | N11: 0.060763889 | O11: 2 | Q11: q = u = | R11: argmin {θ/γ} | V11: Intra-Class Similarity (Compactness)
B12: -0.52910083 | C12: 0.14285714 | E12: -0.2407405 | F12: -0.0535715 | G12: 0.074074074 | H12: -0.14285714 | I12: -0.2407405 | J12: -0.053571429 | K12: -0.2407405 | L12: -0.14285714 | M12: -0.095238 | N12: 0.060763889 | O12: 2
B13: 1 | C13: 0 | D13: 0 | E13: 1 | F13: 1 | G13: 0 | H13: 0 | I13: 1 | J13: 0 | K13: 1 | L13: 0 | M13: 1 | N13: 0
V15: Inter-Class Difference (Separability)
B16: Weight [Heart-Disease (10, 13, 2)] | Q16: cr1 =
B18: 0.634921 | C18: 0.42857143 | D18: 0.79166667 | E18: 0.412698 | F18: 0.214286 | G18: 0.44444444 | H18: 0.42857143 | I18: 0.412698 | J18: 0.32142857 | K18: 0.412698 | L18: 0.42857143 | M18: 0.285714 | N18: 0.72916667 | Q18: crit =
B19: =COUNTIF($B$18:$N$18, ">" & B18) + COUNTIF($B$18:B18, "=" & B18) -> 3 | C19: =COUNTIF($B$18:$N$18, ">" & C18) + COUNTIF($B$18:C18, "=" & C18) -> 5 | D19: =COUNTIF($B$18:$N$18, ">" & D18) + COUNTIF($B$18:D18, "=" & D18) -> 1 | E19: =COUNTIF($B$18:$N$18, ">" & E18) + COUNTIF($B$18:E18, "=" & E18) -> 8 | F19: =COUNTIF($B$18:$N$18, ">" & F18) + COUNTIF($B$18:F18, "=" & F18) -> 13 | G19: =COUNTIF($B$18:$N$18, ">" & G18) + COUNTIF($B$18:G18, "=" & G18) -> 4 | H19: =COUNTIF($B$18:$N$18, ">" & H18) + COUNTIF($B$18:H18, "=" & H18) -> 6 | I19: =COUNTIF($B$18:$N$18, ">" & I18) + COUNTIF($B$18:I18, "=" & I18) -> 9 | ... N19: =COUNTIF($B$18:$N$18, ">" & N18) + COUNTIF($B$18:N18, "=" & N18) -> 2
V20: Majorizing Function (Sigmoid || Logistic)
C23: 10 | N23: 0.3
C24: 0.2818537 | K24: 3 | N24: 0.1
F25: ⇒ | I25: ⇒ | N25: 5
F26: 0 | K26: 10
A30: Calculation of Generalized Assessment | H30: STEPS
C31: + | E31: = | G31: Classes | P31: STEP 3 | U31: STEP 3 — Try adding each remaining feature
B32: -0.67699741 | C32: + | D32: 0.52910083 | E32: = | F32: =SUM(B32,D32) -> -0.14789658 | G32: 2 | H32: =IF(OR($G32=1,$G32=2), $F32 + IF($G32=1,1,-1)*$N$23*(EXP(-$F32)/(1+EXP(-$F32))), NA()) -> -0.30896865 | I32: =IF(G32=1,H32+N(I31),N(I31)) -> 0 | J32: =IF(G32=2,H32+N(J31),N(J31)) -> -0.30896865 | K32: =IFERROR(I32/COUNTIF($G$32:$G$41,1),"ERROR!!!") -> 0 | L32: =IFERROR(J32/COUNTIF($G$32:$G$41,2),"ERROR!!!") -> -0.051494774 | M32: =IF(ROW()=32, 0, M31) + ABS(H32 - IF($G32=1, $K32, $L32)) -> 0.25747387 | N32: =IF(ROW()=32, 0, N31) + ABS(H32 - IF($G32=1, $L32, $K32)) -> 0.30896865 | S32: =IF(O41<C23,O41,C23) -> 0.30324636
B33: 0.69225412 | C33: + | D33: 0.52910083 | E33: = | F33: =SUM(B33,D33) -> 1.221355 | G33: 1 | H33: =IF(OR($G33=1,$G33=2), $F33 + IF($G33=1,1,-1)*$N$23*(EXP(-$F33)/(1+EXP(-$F33))), NA()) -> 1.2896644 | I33: =IF(G33=1,H33+N(I32),N(I32)) -> 1.2896644 | J33: =IF(G33=2,H33+N(J32),N(J32)) -> -0.30896865 | K33: =IFERROR(I33/COUNTIF($G$32:$G$41,1),"ERROR!!!") -> 0.32241609 | L33: =IFERROR(J33/COUNTIF($G$32:$G$41,2),"ERROR!!!") -> -0.051494774 | M33: =IF(ROW()=32, 0, M32) + ABS(H33 - IF($G33=1, $K33, $L33)) -> 1.2247222 | N33: =IF(ROW()=32, 0, N32) + ABS(H33 - IF($G33=1, $L33, $K33)) -> 1.6501278 | S33: 1 | U33: Candidate: add x1
B34: -0.4136154 | C34: + | D34: -0.52910083 | E34: = | F34: =SUM(B34,D34) -> -0.94271623 | G34: 2 | H34: =IF(OR($G34=1,$G34=2), $F34 + IF($G34=1,1,-1)*$N$23*(EXP(-$F34)/(1+EXP(-$F34))), NA()) -> -1.1586106 | I34: =IF(G34=1,H34+N(I33),N(I33)) -> 1.2896644 | J34: =IF(G34=2,H34+N(J33),N(J33)) -> -1.4675793 | K34: =IFERROR(I34/COUNTIF($G$32:$G$41,1),"ERROR!!!") -> 0.32241609 | L34: =IFERROR(J34/COUNTIF($G$32:$G$41,2),"ERROR!!!") -> -0.24459655 | M34: =IF(ROW()=32, 0, M33) + ABS(H34 - IF($G34=1, $K34, $L34)) -> 2.1387362 | N34: =IF(ROW()=32, 0, N33) + ABS(H34 - IF($G34=1, $L34, $K34)) -> 3.1311545 | S34: =IF(O41<C23,S33,F26) -> 1 | U34: New temporary latent value:
B35: 0.54607491 | C35: + | D35: 0.52910083 | E35: = | F35: =SUM(B35,D35) -> 1.0751757 | G35: 1 | H35: =IF(OR($G35=1,$G35=2), $F35 + IF($G35=1,1,-1)*$N$23*(EXP(-$F35)/(1+EXP(-$F35))), NA()) -> 1.1515018 | I35: =IF(G35=1,H35+N(I34),N(I34)) -> 2.4411661 | J35: =IF(G35=2,H35+N(J34),N(J34)) -> -1.4675793 | K35: =IFERROR(I35/COUNTIF($G$32:$G$41,1),"ERROR!!!") -> 0.61029153 | L35: =IFERROR(J35/COUNTIF($G$32:$G$41,2),"ERROR!!!") -> -0.24459655 | M35: =IF(ROW()=32, 0, M34) + ABS(H35 - IF($G35=1, $K35, $L35)) -> 2.6799465 | N35: =IF(ROW()=32, 0, N34) + ABS(H35 - IF($G35=1, $L35, $K35)) -> 4.5272528
B36: 0.69225412 | C36: + | D36: 0.52910083 | E36: = | F36: =SUM(B36,D36) -> 1.221355 | G36: 1 | H36: =IF(OR($G36=1,$G36=2), $F36 + IF($G36=1,1,-1)*$N$23*(EXP(-$F36)/(1+EXP(-$F36))), NA()) -> 1.2896644 | I36: =IF(G36=1,H36+N(I35),N(I35)) -> 3.7308305 | J36: =IF(G36=2,H36+N(J35),N(J35)) -> -1.4675793 | K36: =IFERROR(I36/COUNTIF($G$32:$G$41,1),"ERROR!!!") -> 0.93270763 | L36: =IFERROR(J36/COUNTIF($G$32:$G$41,2),"ERROR!!!") -> -0.24459655 | M36: =IF(ROW()=32, 0, M35) + ABS(H36 - IF($G36=1, $K36, $L36)) -> 3.0369032 | N36: =IF(ROW()=32, 0, N35) + ABS(H36 - IF($G36=1, $L36, $K36)) -> 6.0615138
B37: 0.54607491 | C37: + | D37: 0.52910083 | E37: = | F37: =SUM(B37,D37) -> 1.0751757 | G37: 1 | H37: =IF(OR($G37=1,$G37=2), $F37 + IF($G37=1,1,-1)*$N$23*(EXP(-$F37)/(1+EXP(-$F37))), NA()) -> 1.1515018 | I37: =IF(G37=1,H37+N(I36),N(I36)) -> 4.8823323 | J37: =IF(G37=2,H37+N(J36),N(J36)) -> -1.4675793 | K37: =IFERROR(I37/COUNTIF($G$32:$G$41,1),"ERROR!!!") -> 1.2205831 | L37: =IFERROR(J37/COUNTIF($G$32:$G$41,2),"ERROR!!!") -> -0.24459655 | M37: =IF(ROW()=32, 0, M36) + ABS(H37 - IF($G37=1, $K37, $L37)) -> 3.1059845 | N37: =IF(ROW()=32, 0, N36) + ABS(H37 - IF($G37=1, $L37, $K37)) -> 7.4576121
B38: -0.82013351 | C38: + | D38: -0.52910083 | E38: = | F38: =SUM(B38,D38) -> -1.3492343 | G38: 2 | H38: =IF(OR($G38=1,$G38=2), $F38 + IF($G38=1,1,-1)*$N$23*(EXP(-$F38)/(1+EXP(-$F38))), NA()) -> -1.5874357 | I38: =IF(G38=1,H38+N(I37),N(I37)) -> 4.8823323 | J38: =IF(G38=2,H38+N(J37),N(J37)) -> -3.0550149 | K38: =IFERROR(I38/COUNTIF($G$32:$G$41,1),"ERROR!!!") -> 1.2205831 | L38: =IFERROR(J38/COUNTIF($G$32:$G$41,2),"ERROR!!!") -> -0.50916916 | M38: =IF(ROW()=32, 0, M37) + ABS(H38 - IF($G38=1, $K38, $L38)) -> 4.184251 | N38: =IF(ROW()=32, 0, N37) + ABS(H38 - IF($G38=1, $L38, $K38)) -> 10.265631
B39: -0.67699741 | C39: + | D39: -0.52910083 | E39: = | F39: =SUM(B39,D39) -> -1.2060982 | G39: 2 | H39: =IF(OR($G39=1,$G39=2), $F39 + IF($G39=1,1,-1)*$N$23*(EXP(-$F39)/(1+EXP(-$F39))), NA()) -> -1.4369806 | I39: =IF(G39=1,H39+N(I38),N(I38)) -> 4.8823323 | J39: =IF(G39=2,H39+N(J38),N(J38)) -> -4.4919955 | K39: =IFERROR(I39/COUNTIF($G$32:$G$41,1),"ERROR!!!") -> 1.2205831 | L39: =IFERROR(J39/COUNTIF($G$32:$G$41,2),"ERROR!!!") -> -0.74866592 | M39: =IF(ROW()=32, 0, M38) + ABS(H39 - IF($G39=1, $K39, $L39)) -> 4.8725657 | N39: =IF(ROW()=32, 0, N38) + ABS(H39 - IF($G39=1, $L39, $K39)) -> 12.923194
B40: -0.67699741 | C40: + | D40: -0.52910083 | E40: = | F40: =SUM(B40,D40) -> -1.2060982 | G40: 2 | H40: =IF(OR($G40=1,$G40=2), $F40 + IF($G40=1,1,-1)*$N$23*(EXP(-$F40)/(1+EXP(-$F40))), NA()) -> -1.4369806 | I40: =IF(G40=1,H40+N(I39),N(I39)) -> 4.8823323 | J40: =IF(G40=2,H40+N(J39),N(J39)) -> -5.9289761 | K40: =IFERROR(I40/COUNTIF($G$32:$G$41,1),"ERROR!!!") -> 1.2205831 | L40: =IFERROR(J40/COUNTIF($G$32:$G$41,2),"ERROR!!!") -> -0.98816269 | M40: =IF(ROW()=32, 0, M39) + ABS(H40 - IF($G40=1, $K40, $L40)) -> 5.3213836 | N40: =IF(ROW()=32, 0, N39) + ABS(H40 - IF($G40=1, $L40, $K40)) -> 15.580758
B41: -0.67699741 | C41: + | D41: -0.52910083 | E41: = | F41: =SUM(B41,D41) -> -1.2060982 | G41: 2 | H41: =IF(OR($G41=1,$G41=2), $F41 + IF($G41=1,1,-1)*$N$23*(EXP(-$F41)/(1+EXP(-$F41))), NA()) -> -1.4369806 | I41: =IF(G41=1,H41+N(I40),N(I40)) -> 4.8823323 | J41: =IF(G41=2,H41+N(J40),N(J40)) -> -7.3659567 | K41: =IFERROR(I41/COUNTIF($G$32:$G$41,1),"ERROR!!!") -> 1.2205831 | L41: =IFERROR(J41/COUNTIF($G$32:$G$41,2),"ERROR!!!") -> -1.2276595 | M41: =IF(ROW()=32, 0, M40) + ABS(H41 - IF($G41=1, $K41, $L41)) -> 5.5307048 | N41: =IF(ROW()=32, 0, N40) + ABS(H41 - IF($G41=1, $L41, $K41)) -> 18.238322 | O41: =M41/N41 -> 0.30324636
A45: Calculation of Generalized Assessment | H45: STEPS
C46: + | E46: = | G46: Classes | P46: STEP 3 | U46: STEP 3 — Try adding each remaining feature
B47: -0.67699741 | C47: + | D47: -0.14285714 | E47: = | F47: =SUM(B47,D47) -> -0.81985455 | G47: 2 | H47: =IF(OR($G47=1,$G47=2), $F47 + IF($G47=1,1,-1)*$N$23*(EXP(-$F47)/(1+EXP(-$F47))), NA()) -> -1.0281162 | I47: =IF(G47=1,H47+N(I46),N(I46)) -> 0 | J47: =IF(G47=2,H47+N(J46),N(J46)) -> -1.0281162 | K47: =IFERROR(I47/COUNTIF($G$47:$G$56,1),"ERROR!!!") -> 0 | L47: =IFERROR(J47/COUNTIF($G$47:$G$56,2),"ERROR!!!") -> -0.1713527 | M47: =IF(ROW()=47, 0, M46) + ABS(H47 - IF($G47=1, $K47, $L47)) -> 0.85676349 | N47: =IF(ROW()=47, 0, N46) + ABS(H47 - IF($G47=1, $L47, $K47)) -> 1.0281162 | R47: cr1 = | S47: =IF(O56<S32,O56,S32) -> 0.30324636
B48: 0.69225412 | C48: + | D48: 0.14285714 | E48: = | F48: =SUM(B48,D48) -> 0.83511126 | G48: 1 | H48: =IF(OR($G48=1,$G48=2), $F48 + IF($G48=1,1,-1)*$N$23*(EXP(-$F48)/(1+EXP(-$F48))), NA()) -> 0.92588088 | I48: =IF(G48=1,H48+N(I47),N(I47)) -> 0.92588088 | J48: =IF(G48=2,H48+N(J47),N(J47)) -> -1.0281162 | K48: =IFERROR(I48/COUNTIF($G$47:$G$56,1),"ERROR!!!") -> 0.23147022 | L48: =IFERROR(J48/COUNTIF($G$47:$G$56,2),"ERROR!!!") -> -0.1713527 | M48: =IF(ROW()=47, 0, M47) + ABS(H48 - IF($G48=1, $K48, $L48)) -> 1.5511742 | N48: =IF(ROW()=47, 0, N47) + ABS(H48 - IF($G48=1, $L48, $K48)) -> 2.1253498 | R48: u = | S48: 2 | U48: Candidate: add x2
B49: -0.4136154 | C49: + | D49: -0.14285714 | E49: = | F49: =SUM(B49,D49) -> -0.55647254 | G49: 2 | H49: =IF(OR($G49=1,$G49=2), $F49 + IF($G49=1,1,-1)*$N$23*(EXP(-$F49)/(1+EXP(-$F49))), NA()) -> -0.74716333 | I49: =IF(G49=1,H49+N(I48),N(I48)) -> 0.92588088 | J49: =IF(G49=2,H49+N(J48),N(J48)) -> -1.7752795 | K49: =IFERROR(I49/COUNTIF($G$47:$G$56,1),"ERROR!!!") -> 0.23147022 | L49: =IFERROR(J49/COUNTIF($G$47:$G$56,2),"ERROR!!!") -> -0.29587992 | M49: =IF(ROW()=47, 0, M48) + ABS(H49 - IF($G49=1, $K49, $L49)) -> 2.0024576 | N49: =IF(ROW()=47, 0, N48) + ABS(H49 - IF($G49=1, $L49, $K49)) -> 3.1039833 | R49: q = | S49: =IF(O56<S32,S48,S34) -> 1 | U49: New temporary latent value:
B50: 0.54607491 | C50: + | D50: -0.14285714 | E50: = | F50: =SUM(B50,D50) -> 0.40321777 | G50: 1 | H50: =IF(OR($G50=1,$G50=2), $F50 + IF($G50=1,1,-1)*$N$23*(EXP(-$F50)/(1+EXP(-$F50))), NA()) -> 0.52337961 | I50: =IF(G50=1,H50+N(I49),N(I49)) -> 1.4492605 | J50: =IF(G50=2,H50+N(J49),N(J49)) -> -1.7752795 | K50: =IFERROR(I50/COUNTIF($G$47:$G$56,1),"ERROR!!!") -> 0.36231512 | L50: =IFERROR(J50/COUNTIF($G$47:$G$56,2),"ERROR!!!") -> -0.29587992 | M50: =IF(ROW()=47, 0, M49) + ABS(H50 - IF($G50=1, $K50, $L50)) -> 2.1635221 | N50: =IF(ROW()=47, 0, N49) + ABS(H50 - IF($G50=1, $L50, $K50)) -> 3.9232429
B51: 0.69225412 | C51: + | D51: 0.14285714 | E51: = | F51: =SUM(B51,D51) -> 0.83511126 | G51: 1 | H51: =IF(OR($G51=1,$G51=2), $F51 + IF($G51=1,1,-1)*$N$23*(EXP(-$F51)/(1+EXP(-$F51))), NA()) -> 0.92588088 | I51: =IF(G51=1,H51+N(I50),N(I50)) -> 2.3751414 | J51: =IF(G51=2,H51+N(J50),N(J50)) -> -1.7752795 | K51: =IFERROR(I51/COUNTIF($G$47:$G$56,1),"ERROR!!!") -> 0.59378534 | L51: =IFERROR(J51/COUNTIF($G$47:$G$56,2),"ERROR!!!") -> -0.29587992 | M51: =IF(ROW()=47, 0, M50) + ABS(H51 - IF($G51=1, $K51, $L51)) -> 2.4956176 | N51: =IF(ROW()=47, 0, N50) + ABS(H51 - IF($G51=1, $L51, $K51)) -> 5.1450037
B52: 0.54607491 | C52: + | D52: -0.14285714 | E52: = | F52: =SUM(B52,D52) -> 0.40321777 | G52: 1 | H52: =IF(OR($G52=1,$G52=2), $F52 + IF($G52=1,1,-1)*$N$23*(EXP(-$F52)/(1+EXP(-$F52))), NA()) -> 0.52337961 | I52: =IF(G52=1,H52+N(I51),N(I51)) -> 2.898521 | J52: =IF(G52=2,H52+N(J51),N(J51)) -> -1.7752795 | K52: =IFERROR(I52/COUNTIF($G$47:$G$56,1),"ERROR!!!") -> 0.72463025 | L52: =IFERROR(J52/COUNTIF($G$47:$G$56,2),"ERROR!!!") -> -0.29587992 | M52: =IF(ROW()=47, 0, M51) + ABS(H52 - IF($G52=1, $K52, $L52)) -> 2.6968682 | N52: =IF(ROW()=47, 0, N51) + ABS(H52 - IF($G52=1, $L52, $K52)) -> 5.9642632
B53: -0.82013351 | C53: + | D53: -0.14285714 | E53: = | F53: =SUM(B53,D53) -> -0.96299065 | G53: 2 | H53: =IF(OR($G53=1,$G53=2), $F53 + IF($G53=1,1,-1)*$N$23*(EXP(-$F53)/(1+EXP(-$F53))), NA()) -> -1.1801067 | I53: =IF(G53=1,H53+N(I52),N(I52)) -> 2.898521 | J53: =IF(G53=2,H53+N(J52),N(J52)) -> -2.9553862 | K53: =IFERROR(I53/COUNTIF($G$47:$G$56,1),"ERROR!!!") -> 0.72463025 | L53: =IFERROR(J53/COUNTIF($G$47:$G$56,2),"ERROR!!!") -> -0.49256437 | M53: =IF(ROW()=47, 0, M52) + ABS(H53 - IF($G53=1, $K53, $L53)) -> 3.3844106 | N53: =IF(ROW()=47, 0, N52) + ABS(H53 - IF($G53=1, $L53, $K53)) -> 7.8690002
B54: -0.67699741 | C54: + | D54: -0.14285714 | E54: = | F54: =SUM(B54,D54) -> -0.81985455 | G54: 2 | H54: =IF(OR($G54=1,$G54=2), $F54 + IF($G54=1,1,-1)*$N$23*(EXP(-$F54)/(1+EXP(-$F54))), NA()) -> -1.0281162 | I54: =IF(G54=1,H54+N(I53),N(I53)) -> 2.898521 | J54: =IF(G54=2,H54+N(J53),N(J53)) -> -3.9835024 | K54: =IFERROR(I54/COUNTIF($G$47:$G$56,1),"ERROR!!!") -> 0.72463025 | L54: =IFERROR(J54/COUNTIF($G$47:$G$56,2),"ERROR!!!") -> -0.66391707 | M54: =IF(ROW()=47, 0, M53) + ABS(H54 - IF($G54=1, $K54, $L54)) -> 3.7486097 | N54: =IF(ROW()=47, 0, N53) + ABS(H54 - IF($G54=1, $L54, $K54)) -> 9.6217466
B55: -0.67699741 | C55: + | D55: -0.14285714 | E55: = | F55: =SUM(B55,D55) -> -0.81985455 | G55: 2 | H55: =IF(OR($G55=1,$G55=2), $F55 + IF($G55=1,1,-1)*$N$23*(EXP(-$F55)/(1+EXP(-$F55))), NA()) -> -1.0281162 | I55: =IF(G55=1,H55+N(I54),N(I54)) -> 2.898521 | J55: =IF(G55=2,H55+N(J54),N(J54)) -> -5.0116186 | K55: =IFERROR(I55/COUNTIF($G$47:$G$56,1),"ERROR!!!") -> 0.72463025 | L55: =IFERROR(J55/COUNTIF($G$47:$G$56,2),"ERROR!!!") -> -0.83526977 | M55: =IF(ROW()=47, 0, M54) + ABS(H55 - IF($G55=1, $K55, $L55)) -> 3.9414561 | N55: =IF(ROW()=47, 0, N54) + ABS(H55 - IF($G55=1, $L55, $K55)) -> 11.374493
B56: -0.67699741 | C56: + | D56: 0.14285714 | E56: = | F56: =SUM(B56,D56) -> -0.53414027 | G56: 2 | H56: =IF(OR($G56=1,$G56=2), $F56 + IF($G56=1,1,-1)*$N$23*(EXP(-$F56)/(1+EXP(-$F56))), NA()) -> -0.72327474 | I56: =IF(G56=1,H56+N(I55),N(I55)) -> 2.898521 | J56: =IF(G56=2,H56+N(J55),N(J55)) -> -5.7348934 | K56: =IFERROR(I56/COUNTIF($G$47:$G$56,1),"ERROR!!!") -> 0.72463025 | L56: =IFERROR(J56/COUNTIF($G$47:$G$56,2),"ERROR!!!") -> -0.95581556 | M56: =IF(ROW()=47, 0, M55) + ABS(H56 - IF($G56=1, $K56, $L56)) -> 4.1739969 | N56: =IF(ROW()=47, 0, N55) + ABS(H56 - IF($G56=1, $L56, $K56)) -> 12.822398 | O56: =M56/N56 -> 0.32552389
A60: Calculation of Generalized Assessment | H60: STEPS
C61: + | E61: = | G61: Classes | P61: STEP 3
B62: -0.67699741 | C62: + | D62: -0.2407405 | E62: = | F62: =SUM(B62,D62) -> -0.91773791 | G62: 2 | H62: =IF(OR($G62=1,$G62=2), $F62 + IF($G62=1,1,-1)*$N$23*(EXP(-$F62)/(1+EXP(-$F62))), NA()) -> -1.1321122 | I62: =IF(G62=1,H62+N(I61),N(I61)) -> 0 | J62: =IF(G62=2,H62+N(J61),N(J61)) -> -1.1321122 | K62: =IFERROR(I62/COUNTIF($G$62:$G$71,1),"ERROR!!!") -> 0 | L62: =IFERROR(J62/COUNTIF($G$62:$G$71,2),"ERROR!!!") -> -0.18868537 | M62: =IF(ROW()=62, 0, M61) + ABS(H62 - IF($G62=1, $K62, $L62)) -> 0.94342683 | N62: =IF(ROW()=62, 0, N61) + ABS(H62 - IF($G62=1, $L62, $K62)) -> 1.1321122 | R62: cr1 = | S62: =IF(O71<S47,O71,S47) -> 0.27398223
B63: 0.69225412 | C63: + | D63: 0.2407405 | E63: = | F63: =SUM(B63,D63) -> 0.93299462 | G63: 1 | H63: =IF(OR($G63=1,$G63=2), $F63 + IF($G63=1,1,-1)*$N$23*(EXP(-$F63)/(1+EXP(-$F63))), NA()) -> 1.0176899 | I63: =IF(G63=1,H63+N(I62),N(I62)) -> 1.0176899 | J63: =IF(G63=2,H63+N(J62),N(J62)) -> -1.1321122 | K63: =IFERROR(I63/COUNTIF($G$62:$G$71,1),"ERROR!!!") -> 0.25442247 | L63: =IFERROR(J63/COUNTIF($G$62:$G$71,2),"ERROR!!!") -> -0.18868537 | M63: =IF(ROW()=62, 0, M62) + ABS(H63 - IF($G63=1, $K63, $L63)) -> 1.7066942 | N63: =IF(ROW()=62, 0, N62) + ABS(H63 - IF($G63=1, $L63, $K63)) -> 2.3384875 | R63: u = | S63: 4
B64: -0.4136154 | C64: + | D64: -0.2407405 | E64: = | F64: =SUM(B64,D64) -> -0.6543559 | G64: 2 | H64: =IF(OR($G64=1,$G64=2), $F64 + IF($G64=1,1,-1)*$N$23*(EXP(-$F64)/(1+EXP(-$F64))), NA()) -> -0.85175332 | I64: =IF(G64=1,H64+N(I63),N(I63)) -> 1.0176899 | J64: =IF(G64=2,H64+N(J63),N(J63)) -> -1.9838655 | K64: =IFERROR(I64/COUNTIF($G$62:$G$71,1),"ERROR!!!") -> 0.25442247 | L64: =IFERROR(J64/COUNTIF($G$62:$G$71,2),"ERROR!!!") -> -0.33064425 | M64: =IF(ROW()=62, 0, M63) + ABS(H64 - IF($G64=1, $K64, $L64)) -> 2.2278033 | N64: =IF(ROW()=62, 0, N63) + ABS(H64 - IF($G64=1, $L64, $K64)) -> 3.4446632 | R64: q = | S64: =IF(O71<S47,S63,S49) -> 4
B65: 0.54607491 | C65: + | D65: -0.2407405 | E65: = | F65: =SUM(B65,D65) -> 0.30533441 | G65: 1 | H65: =IF(OR($G65=1,$G65=2), $F65 + IF($G65=1,1,-1)*$N$23*(EXP(-$F65)/(1+EXP(-$F65))), NA()) -> 0.4326106 | I65: =IF(G65=1,H65+N(I64),N(I64)) -> 1.4503005 | J65: =IF(G65=2,H65+N(J64),N(J64)) -> -1.9838655 | K65: =IFERROR(I65/COUNTIF($G$62:$G$71,1),"ERROR!!!") -> 0.36257512 | L65: =IFERROR(J65/COUNTIF($G$62:$G$71,2),"ERROR!!!") -> -0.33064425 | M65: =IF(ROW()=62, 0, M64) + ABS(H65 - IF($G65=1, $K65, $L65)) -> 2.2978388 | N65: =IF(ROW()=62, 0, N64) + ABS(H65 - IF($G65=1, $L65, $K65)) -> 4.2079181
B66: 0.69225412 | C66: + | D66: 0.2407405 | E66: = | F66: =SUM(B66,D66) -> 0.93299462 | G66: 1 | H66: =IF(OR($G66=1,$G66=2), $F66 + IF($G66=1,1,-1)*$N$23*(EXP(-$F66)/(1+EXP(-$F66))), NA()) -> 1.0176899 | I66: =IF(G66=1,H66+N(I65),N(I65)) -> 2.4679904 | J66: =IF(G66=2,H66+N(J65),N(J65)) -> -1.9838655 | K66: =IFERROR(I66/COUNTIF($G$62:$G$71,1),"ERROR!!!") -> 0.61699759 | L66: =IFERROR(J66/COUNTIF($G$62:$G$71,2),"ERROR!!!") -> -0.33064425 | M66: =IF(ROW()=62, 0, M65) + ABS(H66 - IF($G66=1, $K66, $L66)) -> 2.6985311 | N66: =IF(ROW()=62, 0, N65) + ABS(H66 - IF($G66=1, $L66, $K66)) -> 5.5562522
B67: 0.54607491 | C67: + | D67: 0.2407405 | E67: = | F67: =SUM(B67,D67) -> 0.78681541 | G67: 1 | H67: =IF(OR($G67=1,$G67=2), $F67 + IF($G67=1,1,-1)*$N$23*(EXP(-$F67)/(1+EXP(-$F67))), NA()) -> 0.88067127 | I67: =IF(G67=1,H67+N(I66),N(I66)) -> 3.3486616 | J67: =IF(G67=2,H67+N(J66),N(J66)) -> -1.9838655 | K67: =IFERROR(I67/COUNTIF($G$62:$G$71,1),"ERROR!!!") -> 0.83716541 | L67: =IFERROR(J67/COUNTIF($G$62:$G$71,2),"ERROR!!!") -> -0.33064425 | M67: =IF(ROW()=62, 0, M66) + ABS(H67 - IF($G67=1, $K67, $L67)) -> 2.7420369 | N67: =IF(ROW()=62, 0, N66) + ABS(H67 - IF($G67=1, $L67, $K67)) -> 6.7675678
B68: -0.82013351 | C68: + | D68: -0.2407405 | E68: = | F68: =SUM(B68,D68) -> -1.060874 | G68: 2 | H68: =IF(OR($G68=1,$G68=2), $F68 + IF($G68=1,1,-1)*$N$23*(EXP(-$F68)/(1+EXP(-$F68))), NA()) -> -1.2837313 | I68: =IF(G68=1,H68+N(I67),N(I67)) -> 3.3486616 | J68: =IF(G68=2,H68+N(J67),N(J67)) -> -3.2675968 | K68: =IFERROR(I68/COUNTIF($G$62:$G$71,1),"ERROR!!!") -> 0.83716541 | L68: =IFERROR(J68/COUNTIF($G$62:$G$71,2),"ERROR!!!") -> -0.54459946 | M68: =IF(ROW()=62, 0, M67) + ABS(H68 - IF($G68=1, $K68, $L68)) -> 3.4811687 | N68: =IF(ROW()=62, 0, N67) + ABS(H68 - IF($G68=1, $L68, $K68)) -> 8.8884644
B69: -0.67699741 | C69: + | D69: 0.2407405 | E69: = | F69: =SUM(B69,D69) -> -0.43625691 | G69: 2 | H69: =IF(OR($G69=1,$G69=2), $F69 + IF($G69=1,1,-1)*$N$23*(EXP(-$F69)/(1+EXP(-$F69))), NA()) -> -0.61846694 | I69: =IF(G69=1,H69+N(I68),N(I68)) -> 3.3486616 | J69: =IF(G69=2,H69+N(J68),N(J68)) -> -3.8860637 | K69: =IFERROR(I69/COUNTIF($G$62:$G$71,1),"ERROR!!!") -> 0.83716541 | L69: =IFERROR(J69/COUNTIF($G$62:$G$71,2),"ERROR!!!") -> -0.64767729 | M69: =IF(ROW()=62, 0, M68) + ABS(H69 - IF($G69=1, $K69, $L69)) -> 3.5103791 | N69: =IF(ROW()=62, 0, N68) + ABS(H69 - IF($G69=1, $L69, $K69)) -> 10.344097
B70: -0.67699741 | C70: + | D70: -0.2407405 | E70: = | F70: =SUM(B70,D70) -> -0.91773791 | G70: 2 | H70: =IF(OR($G70=1,$G70=2), $F70 + IF($G70=1,1,-1)*$N$23*(EXP(-$F70)/(1+EXP(-$F70))), NA()) -> -1.1321122 | I70: =IF(G70=1,H70+N(I69),N(I69)) -> 3.3486616 | J70: =IF(G70=2,H70+N(J69),N(J69)) -> -5.0181759 | K70: =IFERROR(I70/COUNTIF($G$62:$G$71,1),"ERROR!!!") -> 0.83716541 | L70: =IFERROR(J70/COUNTIF($G$62:$G$71,2),"ERROR!!!") -> -0.83636265 | M70: =IF(ROW()=62, 0, M69) + ABS(H70 - IF($G70=1, $K70, $L70)) -> 3.8061286 | N70: =IF(ROW()=62, 0, N69) + ABS(H70 - IF($G70=1, $L70, $K70)) -> 12.313374
B71: -0.67699741 | C71: + | D71: -0.2407405 | E71: = | F71: =SUM(B71,D71) -> -0.91773791 | G71: 2 | H71: =IF(OR($G71=1,$G71=2), $F71 + IF($G71=1,1,-1)*$N$23*(EXP(-$F71)/(1+EXP(-$F71))), NA()) -> -1.1321122 | I71: =IF(G71=1,H71+N(I70),N(I70)) -> 3.3486616 | J71: =IF(G71=2,H71+N(J70),N(J70)) -> -6.1502881 | K71: =IFERROR(I71/COUNTIF($G$62:$G$71,1),"ERROR!!!") -> 0.83716541 | L71: =IFERROR(J71/COUNTIF($G$62:$G$71,2),"ERROR!!!") -> -1.025048 | M71: =IF(ROW()=62, 0, M70) + ABS(H71 - IF($G71=1, $K71, $L71)) -> 3.9131928 | N71: =IF(ROW()=62, 0, N70) + ABS(H71 - IF($G71=1, $L71, $K71)) -> 14.282652 | O71: =M71/N71 -> 0.27398223
A75: Calculation of Generalized Assessment | H75: STEPS
C76: + | E76: = | G76: Classes | P76: STEP 3
B77: -0.67699741 | C77: + | D77: -0.0535715 | E77: = | F77: =SUM(B77,D77) -> -0.73056891 | G77: 2 | H77: =IF(OR($G77=1,$G77=2), $F77 + IF($G77=1,1,-1)*$N$23*(EXP(-$F77)/(1+EXP(-$F77))), NA()) -> -0.93304794 | I77: =IF(G77=1,H77+N(I76),N(I76)) -> 0 | J77: =IF(G77=2,H77+N(J76),N(J76)) -> -0.93304794 | K77: =IFERROR(I77/COUNTIF($G$77:$G$86,1),"ERROR!!!") -> 0 | L77: =IFERROR(J77/COUNTIF($G$77:$G$86,2),"ERROR!!!") -> -0.15550799 | M77: =IF(ROW()=77, 0, M76) + ABS(H77 - IF($G77=1, $K77, $L77)) -> 0.77753995 | N77: =IF(ROW()=77, 0, N76) + ABS(H77 - IF($G77=1, $L77, $K77)) -> 0.93304794 | R77: cr1 = | S77: =IF(O86<S62,O86,S62) -> 0.27398223
B78: 0.69225412 | C78: + | D78: -0.0535715 | E78: = | F78: =SUM(B78,D78) -> 0.63868262 | G78: 1 | H78: =IF(OR($G78=1,$G78=2), $F78 + IF($G78=1,1,-1)*$N$23*(EXP(-$F78)/(1+EXP(-$F78))), NA()) -> 0.74234594 | I78: =IF(G78=1,H78+N(I77),N(I77)) -> 0.74234594 | J78: =IF(G78=2,H78+N(J77),N(J77)) -> -0.93304794 | K78: =IFERROR(I78/COUNTIF($G$77:$G$86,1),"ERROR!!!") -> 0.18558648 | L78: =IFERROR(J78/COUNTIF($G$77:$G$86,2),"ERROR!!!") -> -0.15550799 | M78: =IF(ROW()=77, 0, M77) + ABS(H78 - IF($G78=1, $K78, $L78)) -> 1.3342994 | N78: =IF(ROW()=77, 0, N77) + ABS(H78 - IF($G78=1, $L78, $K78)) -> 1.8309019 | R78: u = | S78: 5
B79: -0.4136154 | C79: + | D79: -0.0535715 | E79: = | F79: =SUM(B79,D79) -> -0.4671869 | G79: 2 | H79: =IF(OR($G79=1,$G79=2), $F79 + IF($G79=1,1,-1)*$N$23*(EXP(-$F79)/(1+EXP(-$F79))), NA()) -> -0.65160222 | I79: =IF(G79=1,H79+N(I78),N(I78)) -> 0.74234594 | J79: =IF(G79=2,H79+N(J78),N(J78)) -> -1.5846502 | K79: =IFERROR(I79/COUNTIF($G$77:$G$86,1),"ERROR!!!") -> 0.18558648 | L79: =IFERROR(J79/COUNTIF($G$77:$G$86,2),"ERROR!!!") -> -0.26410836 | M79: =IF(ROW()=77, 0, M78) + ABS(H79 - IF($G79=1, $K79, $L79)) -> 1.7217933 | N79: =IF(ROW()=77, 0, N78) + ABS(H79 - IF($G79=1, $L79, $K79)) -> 2.6680906 | R79: q = | S79: =IF(O86<S62,S78,S64) -> 4
B80: 0.54607491 | C80: + | D80: -0.0535715 | E80: = | F80: =SUM(B80,D80) -> 0.49250341 | G80: 1 | H80: =IF(OR($G80=1,$G80=2), $F80 + IF($G80=1,1,-1)*$N$23*(EXP(-$F80)/(1+EXP(-$F80))), NA()) -> 0.60629461 | I80: =IF(G80=1,H80+N(I79),N(I79)) -> 1.3486405 | J80: =IF(G80=2,H80+N(J79),N(J79)) -> -1.5846502 | K80: =IFERROR(I80/COUNTIF($G$77:$G$86,1),"ERROR!!!") -> 0.33716014 | L80: =IFERROR(J80/COUNTIF($G$77:$G$86,2),"ERROR!!!") -> -0.26410836 | M80: =IF(ROW()=77, 0, M79) + ABS(H80 - IF($G80=1, $K80, $L80)) -> 1.9909277 | N80: =IF(ROW()=77, 0, N79) + ABS(H80 - IF($G80=1, $L80, $K80)) -> 3.5384935
B81: 0.69225412 | C81: + | D81: -0.0535715 | E81: = | F81: =SUM(B81,D81) -> 0.63868262 | G81: 1 | H81: =IF(OR($G81=1,$G81=2), $F81 + IF($G81=1,1,-1)*$N$23*(EXP(-$F81)/(1+EXP(-$F81))), NA()) -> 0.74234594 | I81: =IF(G81=1,H81+N(I80),N(I80)) -> 2.0909865 | J81: =IF(G81=2,H81+N(J80),N(J80)) -> -1.5846502 | K81: =IFERROR(I81/COUNTIF($G$77:$G$86,1),"ERROR!!!") -> 0.52274662 | L81: =IFERROR(J81/COUNTIF($G$77:$G$86,2),"ERROR!!!") -> -0.26410836 | M81: =IF(ROW()=77, 0, M80) + ABS(H81 - IF($G81=1, $K81, $L81)) -> 2.2105271 | N81: =IF(ROW()=77, 0, N80) + ABS(H81 - IF($G81=1, $L81, $K81)) -> 4.5449478
B82: 0.54607491 | C82: + | D82: 0.0535715 | E82: = | F82: =SUM(B82,D82) -> 0.59964641 | G82: 1 | H82: =IF(OR($G82=1,$G82=2), $F82 + IF($G82=1,1,-1)*$N$23*(EXP(-$F82)/(1+EXP(-$F82))), NA()) -> 0.70597379 | I82: =IF(G82=1,H82+N(I81),N(I81)) -> 2.7969603 | J82: =IF(G82=2,H82+N(J81),N(J81)) -> -1.5846502 | K82: =IFERROR(I82/COUNTIF($G$77:$G$86,1),"ERROR!!!") -> 0.69924007 | L82: =IFERROR(J82/COUNTIF($G$77:$G$86,2),"ERROR!!!") -> -0.26410836 | M82: =IF(ROW()=77, 0, M81) + ABS(H82 - IF($G82=1, $K82, $L82)) -> 2.2172608 | N82: =IF(ROW()=77, 0, N81) + ABS(H82 - IF($G82=1, $L82, $K82)) -> 5.51503
B83: -0.82013351 | C83: + | D83: -0.0535715 | E83: = | F83: =SUM(B83,D83) -> -0.87370501 | G83: 2 | H83: =IF(OR($G83=1,$G83=2), $F83 + IF($G83=1,1,-1)*$N$23*(EXP(-$F83)/(1+EXP(-$F83))), NA()) -> -1.0853598 | I83: =IF(G83=1,H83+N(I82),N(I82)) -> 2.7969603 | J83: =IF(G83=2,H83+N(J82),N(J82)) -> -2.67001 | K83: =IFERROR(I83/COUNTIF($G$77:$G$86,1),"ERROR!!!") -> 0.69924007 | L83: =IFERROR(J83/COUNTIF($G$77:$G$86,2),"ERROR!!!") -> -0.44500166 | M83: =IF(ROW()=77, 0, M82) + ABS(H83 - IF($G83=1, $K83, $L83)) -> 2.8576189 | N83: =IF(ROW()=77, 0, N82) + ABS(H83 - IF($G83=1, $L83, $K83)) -> 7.2996299
B84: -0.67699741 | C84: + | D84: -0.0535715 | E84: = | F84: =SUM(B84,D84) -> -0.73056891 | G84: 2 | H84: =IF(OR($G84=1,$G84=2), $F84 + IF($G84=1,1,-1)*$N$23*(EXP(-$F84)/(1+EXP(-$F84))), NA()) -> -0.93304794 | I84: =IF(G84=1,H84+N(I83),N(I83)) -> 2.7969603 | J84: =IF(G84=2,H84+N(J83),N(J83)) -> -3.6030579 | K84: =IFERROR(I84/COUNTIF($G$77:$G$86,1),"ERROR!!!") -> 0.69924007 | L84: =IFERROR(J84/COUNTIF($G$77:$G$86,2),"ERROR!!!") -> -0.60050965 | M84: =IF(ROW()=77, 0, M83) + ABS(H84 - IF($G84=1, $K84, $L84)) -> 3.1901572 | N84: =IF(ROW()=77, 0, N83) + ABS(H84 - IF($G84=1, $L84, $K84)) -> 8.9319179
B85: -0.67699741 | C85: + | D85: -0.0535715 | E85: = | F85: =SUM(B85,D85) -> -0.73056891 | G85: 2 | H85: =IF(OR($G85=1,$G85=2), $F85 + IF($G85=1,1,-1)*$N$23*(EXP(-$F85)/(1+EXP(-$F85))), NA()) -> -0.93304794 | I85: =IF(G85=1,H85+N(I84),N(I84)) -> 2.7969603 | J85: =IF(G85=2,H85+N(J84),N(J84)) -> -4.5361059 | K85: =IFERROR(I85/COUNTIF($G$77:$G$86,1),"ERROR!!!") -> 0.69924007 | L85: =IFERROR(J85/COUNTIF($G$77:$G$86,2),"ERROR!!!") -> -0.75601764 | M85: =IF(ROW()=77, 0, M84) + ABS(H85 - IF($G85=1, $K85, $L85)) -> 3.3671875 | N85: =IF(ROW()=77, 0, N84) + ABS(H85 - IF($G85=1, $L85, $K85)) -> 10.564206
B86: -0.67699741 | C86: + | D86: -0.0535715 | E86: = | F86: =SUM(B86,D86) -> -0.73056891 | G86: 2 | H86: =IF(OR($G86=1,$G86=2), $F86 + IF($G86=1,1,-1)*$N$23*(EXP(-$F86)/(1+EXP(-$F86))), NA()) -> -0.93304794 | I86: =IF(G86=1,H86+N(I85),N(I85)) -> 2.7969603 | J86: =IF(G86=2,H86+N(J85),N(J85)) -> -5.4691538 | K86: =IFERROR(I86/COUNTIF($G$77:$G$86,1),"ERROR!!!") -> 0.69924007 | L86: =IFERROR(J86/COUNTIF($G$77:$G$86,2),"ERROR!!!") -> -0.91152563 | M86: =IF(ROW()=77, 0, M85) + ABS(H86 - IF($G86=1, $K86, $L86)) -> 3.3887098 | N86: =IF(ROW()=77, 0, N85) + ABS(H86 - IF($G86=1, $L86, $K86)) -> 12.196494 | O86: =M86/N86 -> 0.27784295
A90: Calculation of Generalized Assessment | H90: STEPS
C91: + | E91: = | G91: Classes | P91: STEP 3
B92: -0.67699741 | C92: + | D92: -0.14285714 | E92: = | F92: =SUM(B92,D92) -> -0.81985455 | G92: 2 | H92: =IF(OR($G92=1,$G92=2), $F92 + IF($G92=1,1,-1)*$N$23*(EXP(-$F92)/(1+EXP(-$F92))), NA()) -> -1.0281162 | I92: =IF(G92=1,H92+N(I91),N(I91)) -> 0 | J92: =IF(G92=2,H92+N(J91),N(J91)) -> -1.0281162 | K92: =IFERROR(I92/COUNTIF($G$92:$G$101,1),"ERROR!!!") -> 0 | L92: =IFERROR(J92/COUNTIF($G$92:$G$101,2),"ERROR!!!") -> -0.1713527 | M92: =IF(ROW()=92, 0, M91) + ABS(H92 - IF($G92=1, $K92, $L92)) -> 0.85676349 | N92: =IF(ROW()=92, 0, N91) + ABS(H92 - IF($G92=1, $L92, $K92)) -> 1.0281162 | R92: cr1 = | S92: =IF(O101<S77,O101,S77) -> 0.27398223
B93: 0.69225412 | C93: + | D93: -0.14285714 | E93: = | F93: =SUM(B93,D93) -> 0.54939697 | G93: 1 | H93: =IF(OR($G93=1,$G93=2), $F93 + IF($G93=1,1,-1)*$N$23*(EXP(-$F93)/(1+EXP(-$F93))), NA()) -> 0.65919827 | I93: =IF(G93=1,H93+N(I92),N(I92)) -> 0.65919827 | J93: =IF(G93=2,H93+N(J92),N(J92)) -> -1.0281162 | K93: =IFERROR(I93/COUNTIF($G$92:$G$101,1),"ERROR!!!") -> 0.16479957 | L93: =IFERROR(J93/COUNTIF($G$92:$G$101,2),"ERROR!!!") -> -0.1713527 | M93: =IF(ROW()=92, 0, M92) + ABS(H93 - IF($G93=1, $K93, $L93)) -> 1.3511622 | N93: =IF(ROW()=92, 0, N92) + ABS(H93 - IF($G93=1, $L93, $K93)) -> 1.8586672 | R93: u = | S93: 7
B94: -0.4136154 | C94: + | D94: 0.14285714 | E94: = | F94: =SUM(B94,D94) -> -0.27075826 | G94: 2 | H94: =IF(OR($G94=1,$G94=2), $F94 + IF($G94=1,1,-1)*$N$23*(EXP(-$F94)/(1+EXP(-$F94))), NA()) -> -0.44094197 | I94: =IF(G94=1,H94+N(I93),N(I93)) -> 0.65919827 | J94: =IF(G94=2,H94+N(J93),N(J93)) -> -1.4690582 | K94: =IFERROR(I94/COUNTIF($G$92:$G$101,1),"ERROR!!!") -> 0.16479957 | L94: =IFERROR(J94/COUNTIF($G$92:$G$101,2),"ERROR!!!") -> -0.24484303 | M94: =IF(ROW()=92, 0, M93) + ABS(H94 - IF($G94=1, $K94, $L94)) -> 1.5472611 | N94: =IF(ROW()=92, 0, N93) + ABS(H94 - IF($G94=1, $L94, $K94)) -> 2.4644087 | R94: q = | S94: =IF(O101<S77,S93,S79) -> 4
B95: 0.54607491 | C95: + | D95: 0.14285714 | E95: = | F95: =SUM(B95,D95) -> 0.68893205 | G95: 1 | H95: =IF(OR($G95=1,$G95=2), $F95 + IF($G95=1,1,-1)*$N$23*(EXP(-$F95)/(1+EXP(-$F95))), NA()) -> 0.78921326 | I95: =IF(G95=1,H95+N(I94),N(I94)) -> 1.4484115 | J95: =IF(G95=2,H95+N(J94),N(J94)) -> -1.4690582 | K95: =IFERROR(I95/COUNTIF($G$92:$G$101,1),"ERROR!!!") -> 0.36210288 | L95: =IFERROR(J95/COUNTIF($G$92:$G$101,2),"ERROR!!!") -> -0.24484303 | M95: =IF(ROW()=92, 0, M94) + ABS(H95 - IF($G95=1, $K95, $L95)) -> 1.9743715 | N95: =IF(ROW()=92, 0, N94) + ABS(H95 - IF($G95=1, $L95, $K95)) -> 3.498465
B96: 0.69225412 | C96: + | D96: -0.14285714 | E96: = | F96: =SUM(B96,D96) -> 0.54939697 | G96: 1 | H96: =IF(OR($G96=1,$G96=2), $F96 + IF($G96=1,1,-1)*$N$23*(EXP(-$F96)/(1+EXP(-$F96))), NA()) -> 0.65919827 | I96: =IF(G96=1,H96+N(I95),N(I95)) -> 2.1076098 | J96: =IF(G96=2,H96+N(J95),N(J95)) -> -1.4690582 | K96: =IFERROR(I96/COUNTIF($G$92:$G$101,1),"ERROR!!!") -> 0.52690245 | L96: =IFERROR(J96/COUNTIF($G$92:$G$101,2),"ERROR!!!") -> -0.24484303 | M96: =IF(ROW()=92, 0, M95) + ABS(H96 - IF($G96=1, $K96, $L96)) -> 2.1066673 | N96: =IF(ROW()=92, 0, N95) + ABS(H96 - IF($G96=1, $L96, $K96)) -> 4.4025063
B97: 0.54607491 | C97: + | D97: 0.14285714 | E97: = | F97: =SUM(B97,D97) -> 0.68893205 | G97: 1 | H97: =IF(OR($G97=1,$G97=2), $F97 + IF($G97=1,1,-1)*$N$23*(EXP(-$F97)/(1+EXP(-$F97))), NA()) -> 0.78921326 | I97: =IF(G97=1,H97+N(I96),N(I96)) -> 2.8968231 | J97: =IF(G97=2,H97+N(J96),N(J96)) -> -1.4690582 | K97: =IFERROR(I97/COUNTIF($G$92:$G$101,1),"ERROR!!!") -> 0.72420577 | L97: =IFERROR(J97/COUNTIF($G$92:$G$101,2),"ERROR!!!") -> -0.24484303 | M97: =IF(ROW()=92, 0, M96) + ABS(H97 - IF($G97=1, $K97, $L97)) -> 2.1716748 | N97: =IF(ROW()=92, 0, N96) + ABS(H97 - IF($G97=1, $L97, $K97)) -> 5.4365626
B98: -0.82013351 | C98: + | D98: -0.14285714 | E98: = | F98: =SUM(B98,D98) -> -0.96299065 | G98: 2 | H98: =IF(OR($G98=1,$G98=2), $F98 + IF($G98=1,1,-1)*$N$23*(EXP(-$F98)/(1+EXP(-$F98))), NA()) -> -1.1801067 | I98: =IF(G98=1,H98+N(I97),N(I97)) -> 2.8968231 | J98: =IF(G98=2,H98+N(J97),N(J97)) -> -2.6491649 | K98: =IFERROR(I98/COUNTIF($G$92:$G$101,1),"ERROR!!!") -> 0.72420577 | L98: =IFERROR(J98/COUNTIF($G$92:$G$101,2),"ERROR!!!") -> -0.44152748 | M98: =IF(ROW()=92, 0, M97) + ABS(H98 - IF($G98=1, $K98, $L98)) -> 2.9102541 | N98: =IF(ROW()=92, 0, N97) + ABS(H98 - IF($G98=1, $L98, $K98)) -> 7.3408751
B99: -0.67699741 | C99: + | D99: -0.14285714 | E99: = | F99: =SUM(B99,D99) -> -0.81985455 | G99: 2 | H99: =IF(OR($G99=1,$G99=2), $F99 + IF($G99=1,1,-1)*$N$23*(EXP(-$F99)/(1+EXP(-$F99))), NA()) -> -1.0281162 | I99: =IF(G99=1,H99+N(I98),N(I98)) -> 2.8968231 | J99: =IF(G99=2,H99+N(J98),N(J98)) -> -3.6772811 | K99: =IFERROR(I99/COUNTIF($G$92:$G$101,1),"ERROR!!!") -> 0.72420577 | L99: =IFERROR(J99/COUNTIF($G$92:$G$101,2),"ERROR!!!") -> -0.61288018 | M99: =IF(ROW()=92, 0, M98) + ABS(H99 - IF($G99=1, $K99, $L99)) -> 3.3254901 | N99: =IF(ROW()=92, 0, N98) + ABS(H99 - IF($G99=1, $L99, $K99)) -> 9.093197
B100: -0.67699741 | C100: + | D100: -0.14285714 | E100: = | F100: =SUM(B100,D100) -> -0.81985455 | G100: 2 | H100: =IF(OR($G100=1,$G100=2), $F100 + IF($G100=1,1,-1)*$N$23*(EXP(-$F100)/(1+EXP(-$F100))), NA()) -> -1.0281162 | I100: =IF(G100=1,H100+N(I99),N(I99)) -> 2.8968231 | J100: =IF(G100=2,H100+N(J99),N(J99)) -> -4.7053973 | K100: =IFERROR(I100/COUNTIF($G$92:$G$101,1),"ERROR!!!") -> 0.72420577 | L100: =IFERROR(J100/COUNTIF($G$92:$G$101,2),"ERROR!!!") -> -0.78423288 | M100: =IF(ROW()=92, 0, M99) + ABS(H100 - IF($G100=1, $K100, $L100)) -> 3.5693734 | N100: =IF(ROW()=92, 0, N99) + ABS(H100 - IF($G100=1, $L100, $K100)) -> 10.845519
B101: -0.67699741 | C101: + | D101: -0.14285714 | E101: = | F101: =SUM(B101,D101) -> -0.81985455 | G101: 2 | H101: =IF(OR($G101=1,$G101=2), $F101 + IF($G101=1,1,-1)*$N$23*(EXP(-$F101)/(1+EXP(-$F101))), NA()) -> -1.0281162 | I101: =IF(G101=1,H101+N(I100),N(I100)) -> 2.8968231 | J101: =IF(G101=2,H101+N(J100),N(J100)) -> -5.7335134 | K101: =IFERROR(I101/COUNTIF($G$92:$G$101,1),"ERROR!!!") -> 0.72420577 | L101: =IFERROR(J101/COUNTIF($G$92:$G$101,2),"ERROR!!!") -> -0.95558557 | M101: =IF(ROW()=92, 0, M100) + ABS(H101 - IF($G101=1, $K101, $L101)) -> 3.641904 | N101: =IF(ROW()=92, 0, N100) + ABS(H101 - IF($G101=1, $L101, $K101)) -> 12.597841 | O101: =M101/N101 -> 0.28908954
A105: Calculation of Generalized Assessment | H105: STEPS
C106: + | E106: = | G106: Classes | P106: STEP 3
B107: -0.67699741 | C107: + | D107: 0.2407405 | E107: = | F107: =SUM(B107,D107) -> -0.43625691 | G107: 2 | H107: =IF(OR($G107=1,$G107=2), $F107 + IF($G107=1,1,-1)*$N$23*(EXP(-$F107)/(1+EXP(-$F107))), NA()) -> -0.61846694 | I107: =IF(G107=1,H107+N(I106),N(I106)) -> 0 | J107: =IF(G107=2,H107+N(J106),N(J106)) -> -0.61846694 | K107: =IFERROR(I107/COUNTIF($G$107:$G$116,1),"ERROR!!!") -> 0 | L107: =IFERROR(J107/COUNTIF($G$107:$G$116,2),"ERROR!!!") -> -0.10307782 | M107: =IF(ROW()=107, 0, M106) + ABS(H107 - IF($G107=1, $K107, $L107)) -> 0.51538912 | N107: =IF(ROW()=107, 0, N106) + ABS(H107 - IF($G107=1, $L107, $K107)) -> 0.61846694 | R107: cr1 = | S107: =IF(O116<S92,O116,S92) -> 0.27398223
B108: 0.69225412 | C108: + | D108: -0.2407405 | E108: = | F108: =SUM(B108,D108) -> 0.45151362 | G108: 1 | H108: =IF(OR($G108=1,$G108=2), $F108 + IF($G108=1,1,-1)*$N$23*(EXP(-$F108)/(1+EXP(-$F108))), NA()) -> 0.5682139 | I108: =IF(G108=1,H108+N(I107),N(I107)) -> 0.5682139 | J108: =IF(G108=2,H108+N(J107),N(J107)) -> -0.61846694 | K108: =IFERROR(I108/COUNTIF($G$107:$G$116,1),"ERROR!!!") -> 0.14205348 | L108: =IFERROR(J108/COUNTIF($G$107:$G$116,2),"ERROR!!!") -> -0.10307782 | M108: =IF(ROW()=107, 0, M107) + ABS(H108 - IF($G108=1, $K108, $L108)) -> 0.94154954 | N108: =IF(ROW()=107, 0, N107) + ABS(H108 - IF($G108=1, $L108, $K108)) -> 1.2897587 | R108: u = | S108: 8
B109: -0.4136154 | C109: + | D109: -0.2407405 | E109: = | F109: =SUM(B109,D109) -> -0.6543559 | G109: 2 | H109: =IF(OR($G109=1,$G109=2), $F109 + IF($G109=1,1,-1)*$N$23*(EXP(-$F109)/(1+EXP(-$F109))), NA()) -> -0.85175332 | I109: =IF(G109=1,H109+N(I108),N(I108)) -> 0.5682139 | J109: =IF(G109=2,H109+N(J108),N(J108)) -> -1.4702203 | K109: =IFERROR(I109/COUNTIF($G$107:$G$116,1),"ERROR!!!") -> 0.14205348 | L109: =IFERROR(J109/COUNTIF($G$107:$G$116,2),"ERROR!!!") -> -0.24503671 | M109: =IF(ROW()=107, 0, M108) + ABS(H109 - IF($G109=1, $K109, $L109)) -> 1.5482662 | N109: =IF(ROW()=107, 0, N108) + ABS(H109 - IF($G109=1, $L109, $K109)) -> 2.2835655 | R109: q = | S109: =IF(O116<S92,S108,S94) -> 4
B110: 0.54607491 | C110: + | D110: 0.2407405 | E110: = | F110: =SUM(B110,D110) -> 0.78681541 | G110: 1 | H110: =IF(OR($G110=1,$G110=2), $F110 + IF($G110=1,1,-1)*$N$23*(EXP(-$F110)/(1+EXP(-$F110))), NA()) -> 0.88067127 | I110: =IF(G110=1,H110+N(I109),N(I109)) -> 1.4488852 | J110: =IF(G110=2,H110+N(J109),N(J109)) -> -1.4702203 | K110: =IFERROR(I110/COUNTIF($G$107:$G$116,1),"ERROR!!!") -> 0.36222129 | L110: =IFERROR(J110/COUNTIF($G$107:$G$116,2),"ERROR!!!") -> -0.24503671 | M110: =IF(ROW()=107, 0, M109) + ABS(H110 - IF($G110=1, $K110, $L110)) -> 2.0667161 | N110: =IF(ROW()=107, 0, N109) + ABS(H110 - IF($G110=1, $L110, $K110)) -> 3.4092734
B111: 0.69225412 | C111: + | D111: 0.2407405 | E111: = | F111: =SUM(B111,D111) -> 0.93299462 | G111: 1 | H111: =IF(OR($G111=1,$G111=2), $F111 + IF($G111=1,1,-1)*$N$23*(EXP(-$F111)/(1+EXP(-$F111))), NA()) -> 1.0176899 | I111: =IF(G111=1,H111+N(I110),N(I110)) -> 2.4665751 | J111: =IF(G111=2,H111+N(J110),N(J110)) -> -1.4702203 | K111: =IFERROR(I111/COUNTIF($G$107:$G$116,1),"ERROR!!!") -> 0.61664377 | L111: =IFERROR(J111/COUNTIF($G$107:$G$116,2),"ERROR!!!") -> -0.24503671 | M111: =IF(ROW()=107, 0, M110) + ABS(H111 - IF($G111=1, $K111, $L111)) -> 2.4677623 | N111: =IF(ROW()=107, 0, N110) + ABS(H111 - IF($G111=1, $L111, $K111)) -> 4.672
B112: 0.54607491 | C112: + | D112: 0.2407405 | E112: = | F112: =SUM(B112,D112) -> 0.78681541 | G112: 1 | H112: =IF(OR($G112=1,$G112=2), $F112 + IF($G112=1,1,-1)*$N$23*(EXP(-$F112)/(1+EXP(-$F112))), NA()) -> 0.88067127 | I112: =IF(G112=1,H112+N(I111),N(I111)) -> 3.3472463 | J112: =IF(G112=2,H112+N(J111),N(J111)) -> -1.4702203 | K112: =IFERROR(I112/COUNTIF($G$107:$G$116,1),"ERROR!!!") -> 0.83681158 | L112: =IFERROR(J112/COUNTIF($G$107:$G$116,2),"ERROR!!!") -> -0.24503671 | M112: =IF(ROW()=107, 0, M111) + ABS(H112 - IF($G112=1, $K112, $L112)) -> 2.5116219 | N112: =IF(ROW()=107, 0, N111) + ABS(H112 - IF($G112=1, $L112, $K112)) -> 5.797708
B113: -0.82013351 | C113: + | D113: -0.2407405 | E113: = | F113: =SUM(B113,D113) -> -1.060874 | G113: 2 | H113: =IF(OR($G113=1,$G113=2), $F113 + IF($G113=1,1,-1)*$N$23*(EXP(-$F113)/(1+EXP(-$F113))), NA()) -> -1.2837313 | I113: =IF(G113=1,H113+N(I112),N(I112)) -> 3.3472463 | J113: =IF(G113=2,H113+N(J112),N(J112)) -> -2.7539515 | K113: =IFERROR(I113/COUNTIF($G$107:$G$116,1),"ERROR!!!") -> 0.83681158 | L113: =IFERROR(J113/COUNTIF($G$107:$G$116,2),"ERROR!!!") -> -0.45899192 | M113: =IF(ROW()=107, 0, M112) + ABS(H113 - IF($G113=1, $K113, $L113)) -> 3.3363613 | N113: =IF(ROW()=107, 0, N112) + ABS(H113 - IF($G113=1, $L113, $K113)) -> 7.9182509
B114: -0.67699741 | C114: + | D114: -0.2407405 | E114: = | F114: =SUM(B114,D114) -> -0.91773791 | G114: 2 | H114: =IF(OR($G114=1,$G114=2), $F114 + IF($G114=1,1,-1)*$N$23*(EXP(-$F114)/(1+EXP(-$F114))), NA()) -> -1.1321122 | I114: =IF(G114=1,H114+N(I113),N(I113)) -> 3.3472463 | J114: =IF(G114=2,H114+N(J113),N(J113)) -> -3.8860637 | K114: =IFERROR(I114/COUNTIF($G$107:$G$116,1),"ERROR!!!") -> 0.83681158 | L114: =IFERROR(J114/COUNTIF($G$107:$G$116,2),"ERROR!!!") -> -0.64767729 | M114: =IF(ROW()=107, 0, M113) + ABS(H114 - IF($G114=1, $K114, $L114)) -> 3.8207962 | N114: =IF(ROW()=107, 0, N113) + ABS(H114 - IF($G114=1, $L114, $K114)) -> 9.8871747
B115: -0.67699741 | C115: + | D115: -0.2407405 | E115: = | F115: =SUM(B115,D115) -> -0.91773791 | G115: 2 | H115: =IF(OR($G115=1,$G115=2), $F115 + IF($G115=1,1,-1)*$N$23*(EXP(-$F115)/(1+EXP(-$F115))), NA()) -> -1.1321122 | I115: =IF(G115=1,H115+N(I114),N(I114)) -> 3.3472463 | J115: =IF(G115=2,H115+N(J114),N(J114)) -> -5.0181759 | K115: =IFERROR(I115/COUNTIF($G$107:$G$116,1),"ERROR!!!") -> 0.83681158 | L115: =IFERROR(J115/COUNTIF($G$107:$G$116,2),"ERROR!!!") -> -0.83636265 | M115: =IF(ROW()=107, 0, M114) + ABS(H115 - IF($G115=1, $K115, $L115)) -> 4.1165457 | N115: =IF(ROW()=107, 0, N114) + ABS(H115 - IF($G115=1, $L115, $K115)) -> 11.856098
B116: -0.67699741 | C116: + | D116: -0.2407405 | E116: = | F116: =SUM(B116,D116) -> -0.91773791 | G116: 2 | H116: =IF(OR($G116=1,$G116=2), $F116 + IF($G116=1,1,-1)*$N$23*(EXP(-$F116)/(1+EXP(-$F116))), NA()) -> -1.1321122 | I116: =IF(G116=1,H116+N(I115),N(I115)) -> 3.3472463 | J116: =IF(G116=2,H116+N(J115),N(J115)) -> -6.1502881 | K116: =IFERROR(I116/COUNTIF($G$107:$G$116,1),"ERROR!!!") -> 0.83681158 | L116: =IFERROR(J116/COUNTIF($G$107:$G$116,2),"ERROR!!!") -> -1.025048 | M116: =IF(ROW()=107, 0, M115) + ABS(H116 - IF($G116=1, $K116, $L116)) -> 4.2236099 | N116: =IF(ROW()=107, 0, N115) + ABS(H116 - IF($G116=1, $L116, $K116)) -> 13.825022 | O116: =M116/N116 -> 0.30550475
A120: Calculation of Generalized Assessment | H120: STEPS
C121: + | E121: = | G121: Classes | P121: STEP 3
B122: -0.67699741 | C122: + | D122: -0.053571429 | E122: = | F122: =SUM(B122,D122) -> -0.73056884 | G122: 2 | H122: =IF(OR($G122=1,$G122=2), $F122 + IF($G122=1,1,-1)*$N$23*(EXP(-$F122)/(1+EXP(-$F122))), NA()) -> -0.93304787 | I122: =IF(G122=1,H122+N(I121),N(I121)) -> 0 | J122: =IF(G122=2,H122+N(J121),N(J121)) -> -0.93304787 | K122: =IFERROR(I122/COUNTIF($G$122:$G$131,1),"ERROR!!!") -> 0 | L122: =IFERROR(J122/COUNTIF($G$122:$G$131,2),"ERROR!!!") -> -0.15550798 | M122: =IF(ROW()=122, 0, M121) + ABS(H122 - IF($G122=1, $K122, $L122)) -> 0.77753989 | N122: =IF(ROW()=122, 0, N121) + ABS(H122 - IF($G122=1, $L122, $K122)) -> 0.93304787 | R122: cr1 = | S122: =IF(O131<S107,O131,S107) -> 0.27398223
B123: 0.69225412 | C123: + | D123: -0.053571429 | E123: = | F123: =SUM(B123,D123) -> 0.63868269 | G123: 1 | H123: =IF(OR($G123=1,$G123=2), $F123 + IF($G123=1,1,-1)*$N$23*(EXP(-$F123)/(1+EXP(-$F123))), NA()) -> 0.742346 | I123: =IF(G123=1,H123+N(I122),N(I122)) -> 0.742346 | J123: =IF(G123=2,H123+N(J122),N(J122)) -> -0.93304787 | K123: =IFERROR(I123/COUNTIF($G$122:$G$131,1),"ERROR!!!") -> 0.1855865 | L123: =IFERROR(J123/COUNTIF($G$122:$G$131,2),"ERROR!!!") -> -0.15550798 | M123: =IF(ROW()=122, 0, M122) + ABS(H123 - IF($G123=1, $K123, $L123)) -> 1.3342994 | N123: =IF(ROW()=122, 0, N122) + ABS(H123 - IF($G123=1, $L123, $K123)) -> 1.8309018 | R123: u = | S123: 9
B124: -0.4136154 | C124: + | D124: -0.053571429 | E124: = | F124: =SUM(B124,D124) -> -0.46718683 | G124: 2 | H124: =IF(OR($G124=1,$G124=2), $F124 + IF($G124=1,1,-1)*$N$23*(EXP(-$F124)/(1+EXP(-$F124))), NA()) -> -0.65160214 | I124: =IF(G124=1,H124+N(I123),N(I123)) -> 0.742346 | J124: =IF(G124=2,H124+N(J123),N(J123)) -> -1.58465 | K124: =IFERROR(I124/COUNTIF($G$122:$G$131,1),"ERROR!!!") -> 0.1855865 | L124: =IFERROR(J124/COUNTIF($G$122:$G$131,2),"ERROR!!!") -> -0.26410833 | M124: =IF(ROW()=122, 0, M123) + ABS(H124 - IF($G124=1, $K124, $L124)) -> 1.7217932 | N124: =IF(ROW()=122, 0, N123) + ABS(H124 - IF($G124=1, $L124, $K124)) -> 2.6680905 | R124: q = | S124: =IF(O131<S107,S123,S109) -> 4
B125: 0.54607491 | C125: + | D125: 0.053571429 | E125: = | F125: =SUM(B125,D125) -> 0.59964634 | G125: 1 | H125: =IF(OR($G125=1,$G125=2), $F125 + IF($G125=1,1,-1)*$N$23*(EXP(-$F125)/(1+EXP(-$F125))), NA()) -> 0.70597372 | I125: =IF(G125=1,H125+N(I124),N(I124)) -> 1.4483197 | J125: =IF(G125=2,H125+N(J124),N(J124)) -> -1.58465 | K125: =IFERROR(I125/COUNTIF($G$122:$G$131,1),"ERROR!!!") -> 0.36207993 | L125: =IFERROR(J125/COUNTIF($G$122:$G$131,2),"ERROR!!!") -> -0.26410833 | M125: =IF(ROW()=122, 0, M124) + ABS(H125 - IF($G125=1, $K125, $L125)) -> 2.065687 | N125: =IF(ROW()=122, 0, N124) + ABS(H125 - IF($G125=1, $L125, $K125)) -> 3.6381725
...

Sheet Greedy upon Weight (4-Latent)
A1: Heart + Disease with Contribution Values (10, 13, 2)
A2: № | O2: Class | Q2: K1 = | R2: 4 | V2: Class Mean (K1)
B3: 0.52910083 | C3: -0.14285714 | D3: The Organizer | E3: -0.2407405 | F3: -0.0535715 | G3: 0.074074074 | H3: -0.14285714 | I3: 0.2407405 | J3: -0.053571429 | K3: -0.2407405 | L3: -0.14285714 | M3: -0.095238 | N3: 0.060763889 | O3: 2 | Q3: K2 = | R3: 6
B4: 0.52910083 | C4: 0.14285714 | E4: 0.2407405 | F4: -0.0535715 | G4: 0.074074074 | H4: -0.14285714 | I4: -0.2407405 | J4: -0.053571429 | K4: -0.2407405 | L4: -0.14285714 | M4: 0.095238 | N4: 0.060763889 | O4: 1
B5: -0.52910083 | C5: -0.14285714 | E5: -0.2407405 | F5: -0.0535715 | G5: 0.074074074 | H5: 0.14285714 | I5: -0.2407405 | J5: -0.053571429 | K5: 0.2407405 | L5: 0.14285714 | M5: 0.095238 | N5: 0.060763889 | O5: 2 | Q5: t =
B6: 0.52910083 | C6: -0.14285714 | E6: -0.2407405 | F6: -0.0535715 | G6: 0.074074074 | H6: 0.14285714 | I6: 0.2407405 | J6: 0.053571429 | K6: 0.2407405 | L6: -0.14285714 | M6: -0.095238 | N6: 0.060763889 | O6: 1 | V6: Class Mean (K2)
B7: 0.52910083 | C7: 0.14285714 | E7: 0.2407405 | F7: -0.0535715 | G7: 0.074074074 | H7: -0.14285714 | I7: 0.2407405 | J7: 0.053571429 | K7: 0.2407405 | L7: 0.14285714 | M7: -0.095238 | N7: 0.060763889 | O7: 1 | Q7: t = m = | R7: 10
B8: 0.52910083 | C8: -0.14285714 | E8: 0.2407405 | F8: 0.0535715 | G8: 0.074074074 | H8: 0.14285714 | I8: 0.2407405 | J8: -0.053571429 | K8: 0.2407405 | L8: 0.14285714 | M8: 0.095238 | N8: 0.060763889 | O8: 1
B9: -0.52910083 | C9: -0.14285714 | E9: -0.2407405 | F9: -0.0535715 | G9: -0.074074074 | H9: -0.14285714 | I9: -0.2407405 | J9: 0.053571429 | K9: -0.2407405 | L9: -0.14285714 | M9: -0.095238 | N9: -0.12152778 | O9: 2 | Q9: u =
B10: -0.52910083 | C10: -0.14285714 | E10: 0.2407405 | F10: -0.0535715 | G10: 0.074074074 | H10: -0.14285714 | I10: -0.2407405 | J10: 0.053571429 | K10: -0.2407405 | L10: -0.14285714 | M10: -0.095238 | N10: 0.060763889 | O10: 2
B11: -0.52910083 | C11: -0.14285714 | E11: -0.2407405 | F11: -0.0535715 | G11: 0.074074074 | H11: -0.14285714 | I11: -0.2407405 | J11: -0.053571429 | K11: -0.2407405 | L11: -0.14285714 | M11: -0.095238 | N11: 0.060763889 | O11: 2 | Q11: q = u = | R11: argmin {θ/γ} | V11: Intra-Class Similarity (Compactness)
B12: -0.52910083 | C12: 0.14285714 | E12: -0.2407405 | F12: -0.0535715 | G12: 0.074074074 | H12: -0.14285714 | I12: -0.2407405 | J12: -0.053571429 | K12: -0.2407405 | L12: -0.14285714 | M12: -0.095238 | N12: 0.060763889 | O12: 2
B13: 1 | C13: 0 | D13: 0 | E13: 1 | F13: 1 | G13: 0 | H13: 0 | I13: 1 | J13: 0 | K13: 1 | L13: 0 | M13: 1 | N13: 0
V15: Inter-Class Difference (Separability)
B16: Weight [Heart-Disease (10, 13, 2)] | Q16: cr1 =
B18: 0.634921 | C18: 0.42857143 | D18: 0.79166667 | E18: 0.412698 | F18: 0.214286 | G18: 0.44444444 | H18: 0.42857143 | I18: 0.412698 | J18: 0.32142857 | K18: 0.412698 | L18: 0.42857143 | M18: 0.285714 | N18: 0.72916667 | Q18: crit =
B19: =COUNTIF($B$18:$N$18, ">" & B18) + COUNTIF($B$18:B18, "=" & B18) -> 3 | C19: =COUNTIF($B$18:$N$18, ">" & C18) + COUNTIF($B$18:C18, "=" & C18) -> 5 | D19: =COUNTIF($B$18:$N$18, ">" & D18) + COUNTIF($B$18:D18, "=" & D18) -> 1 | E19: =COUNTIF($B$18:$N$18, ">" & E18) + COUNTIF($B$18:E18, "=" & E18) -> 8 | F19: =COUNTIF($B$18:$N$18, ">" & F18) + COUNTIF($B$18:F18, "=" & F18) -> 13 | G19: =COUNTIF($B$18:$N$18, ">" & G18) + COUNTIF($B$18:G18, "=" & G18) -> 4 | H19: =COUNTIF($B$18:$N$18, ">" & H18) + COUNTIF($B$18:H18, "=" & H18) -> 6 | I19: =COUNTIF($B$18:$N$18, ">" & I18) + COUNTIF($B$18:I18, "=" & I18) -> 9 | ... N19: =COUNTIF($B$18:$N$18, ">" & N18) + COUNTIF($B$18:N18, "=" & N18) -> 2
V20: Majorizing Function (Sigmoid || Logistic)
C23: 10 | N23: 0.3
C24: 0.27398223 | K24: 4 | N24: 0.1
F25: ⇒ | I25: ⇒ | N25: 5
F26: 0 | K26: 9
A30: Calculation of Generalized Assessment | H30: STEPS
C31: + | E31: = | G31: Classes | P31: STEP 3 | U31: STEP 3 — Try adding each remaining feature
B32: -1.3589807 | C32: + | D32: 0.52910083 | E32: = | F32: =SUM(B32,D32) -> -0.82987991 | G32: 2 | H32: =IF(OR($G32=1,$G32=2), $F32 + IF($G32=1,1,-1)*$N$23*(EXP(-$F32)/(1+EXP(-$F32))), NA()) -> -1.0387788 | I32: =IF(G32=1,H32+N(I31),N(I31)) -> 0 | J32: =IF(G32=2,H32+N(J31),N(J31)) -> -1.0387788 | K32: =IFERROR(I32/COUNTIF($G$32:$G$41,1),"ERROR!!!") -> 0 | L32: =IFERROR(J32/COUNTIF($G$32:$G$41,2),"ERROR!!!") -> -0.1731298 | M32: =IF(ROW()=32, 0, M31) + ABS(H32 - IF($G32=1, $K32, $L32)) -> 0.86564898 | N32: =IF(ROW()=32, 0, N31) + ABS(H32 - IF($G32=1, $L32, $K32)) -> 1.0387788 | S32: =IF(O41<C23,O41,C23) -> 0.2926965
B33: 1.0973332 | C33: + | D33: 0.52910083 | E33: = | F33: =SUM(B33,D33) -> 1.626434 | G33: 1 | H33: =IF(OR($G33=1,$G33=2), $F33 + IF($G33=1,1,-1)*$N$23*(EXP(-$F33)/(1+EXP(-$F33))), NA()) -> 1.6757298 | I33: =IF(G33=1,H33+N(I32),N(I32)) -> 1.6757298 | J33: =IF(G33=2,H33+N(J32),N(J32)) -> -1.0387788 | K33: =IFERROR(I33/COUNTIF($G$32:$G$41,1),"ERROR!!!") -> 0.41893246 | L33: =IFERROR(J33/COUNTIF($G$32:$G$41,2),"ERROR!!!") -> -0.1731298 | M33: =IF(ROW()=32, 0, M32) + ABS(H33 - IF($G33=1, $K33, $L33)) -> 2.1224464 | N33: =IF(ROW()=32, 0, N32) + ABS(H33 - IF($G33=1, $L33, $K33)) -> 2.8876384 | S33: 1 | U33: Candidate: add x1
B34: -1.0620338 | C34: + | D34: -0.52910083 | E34: = | F34: =SUM(B34,D34) -> -1.5911346 | G34: 2 | H34: =IF(OR($G34=1,$G34=2), $F34 + IF($G34=1,1,-1)*$N$23*(EXP(-$F34)/(1+EXP(-$F34))), NA()) -> -1.8403673 | I34: =IF(G34=1,H34+N(I33),N(I33)) -> 1.6757298 | J34: =IF(G34=2,H34+N(J33),N(J33)) -> -2.8791461 | K34: =IFERROR(I34/COUNTIF($G$32:$G$41,1),"ERROR!!!") -> 0.41893246 | L34: =IFERROR(J34/COUNTIF($G$32:$G$41,2),"ERROR!!!") -> -0.47985768 | M34: =IF(ROW()=32, 0, M33) + ABS(H34 - IF($G34=1, $K34, $L34)) -> 3.482956 | N34: =IF(ROW()=32, 0, N33) + ABS(H34 - IF($G34=1, $L34, $K34)) -> 5.1469382 | S34: =IF(O41<C23,S33,F26) -> 1 | U34: New temporary latent value:
B35: 0.55066154 | C35: + | D35: 0.52910083 | E35: = | F35: =SUM(B35,D35) -> 1.0797624 | G35: 1 | H35: =IF(OR($G35=1,$G35=2), $F35 + IF($G35=1,1,-1)*$N$23*(EXP(-$F35)/(1+EXP(-$F35))), NA()) -> 1.1558277 | I35: =IF(G35=1,H35+N(I34),N(I34)) -> 2.8315575 | J35: =IF(G35=2,H35+N(J34),N(J34)) -> -2.8791461 | K35: =IFERROR(I35/COUNTIF($G$32:$G$41,1),"ERROR!!!") -> 0.70788938 | L35: =IFERROR(J35/COUNTIF($G$32:$G$41,2),"ERROR!!!") -> -0.47985768 | M35: =IF(ROW()=32, 0, M34) + ABS(H35 - IF($G35=1, $K35, $L35)) -> 3.9308943 | N35: =IF(ROW()=32, 0, N34) + ABS(H35 - IF($G35=1, $L35, $K35)) -> 6.7826235
B36: 1.0973332 | C36: + | D36: 0.52910083 | E36: = | F36: =SUM(B36,D36) -> 1.626434 | G36: 1 | H36: =IF(OR($G36=1,$G36=2), $F36 + IF($G36=1,1,-1)*$N$23*(EXP(-$F36)/(1+EXP(-$F36))), NA()) -> 1.6757298 | I36: =IF(G36=1,H36+N(I35),N(I35)) -> 4.5072874 | J36: =IF(G36=2,H36+N(J35),N(J35)) -> -2.8791461 | K36: =IFERROR(I36/COUNTIF($G$32:$G$41,1),"ERROR!!!") -> 1.1268218 | L36: =IFERROR(J36/COUNTIF($G$32:$G$41,2),"ERROR!!!") -> -0.47985768 | M36: =IF(ROW()=32, 0, M35) + ABS(H36 - IF($G36=1, $K36, $L36)) -> 4.4798023 | N36: =IF(ROW()=32, 0, N35) + ABS(H36 - IF($G36=1, $L36, $K36)) -> 8.938211
B37: 0.96858288 | C37: + | D37: 0.52910083 | E37: = | F37: =SUM(B37,D37) -> 1.4976837 | G37: 1 | H37: =IF(OR($G37=1,$G37=2), $F37 + IF($G37=1,1,-1)*$N$23*(EXP(-$F37)/(1+EXP(-$F37))), NA()) -> 1.5525151 | I37: =IF(G37=1,H37+N(I36),N(I36)) -> 6.0598024 | J37: =IF(G37=2,H37+N(J36),N(J36)) -> -2.8791461 | K37: =IFERROR(I37/COUNTIF($G$32:$G$41,1),"ERROR!!!") -> 1.5149506 | L37: =IFERROR(J37/COUNTIF($G$32:$G$41,2),"ERROR!!!") -> -0.47985768 | M37: =IF(ROW()=32, 0, M36) + ABS(H37 - IF($G37=1, $K37, $L37)) -> 4.5173667 | N37: =IF(ROW()=32, 0, N36) + ABS(H37 - IF($G37=1, $L37, $K37)) -> 10.970584
B38: -1.5186565 | C38: + | D38: -0.52910083 | E38: = | F38: =SUM(B38,D38) -> -2.0477574 | G38: 2 | H38: =IF(OR($G38=1,$G38=2), $F38 + IF($G38=1,1,-1)*$N$23*(EXP(-$F38)/(1+EXP(-$F38))), NA()) -> -2.3134736 | I38: =IF(G38=1,H38+N(I37),N(I37)) -> 6.0598024 | J38: =IF(G38=2,H38+N(J37),N(J37)) -> -5.1926197 | K38: =IFERROR(I38/COUNTIF($G$32:$G$41,1),"ERROR!!!") -> 1.5149506 | L38: =IFERROR(J38/COUNTIF($G$32:$G$41,2),"ERROR!!!") -> -0.86543661 | M38: =IF(ROW()=32, 0, M37) + ABS(H38 - IF($G38=1, $K38, $L38)) -> 5.9654038 | N38: =IF(ROW()=32, 0, N37) + ABS(H38 - IF($G38=1, $L38, $K38)) -> 14.799008
B39: -0.81342788 | C39: + | D39: -0.52910083 | E39: = | F39: =SUM(B39,D39) -> -1.3425287 | G39: 2 | H39: =IF(OR($G39=1,$G39=2), $F39 + IF($G39=1,1,-1)*$N$23*(EXP(-$F39)/(1+EXP(-$F39))), NA()) -> -1.5804004 | I39: =IF(G39=1,H39+N(I38),N(I38)) -> 6.0598024 | J39: =IF(G39=2,H39+N(J38),N(J38)) -> -6.77302 | K39: =IFERROR(I39/COUNTIF($G$32:$G$41,1),"ERROR!!!") -> 1.5149506 | L39: =IFERROR(J39/COUNTIF($G$32:$G$41,2),"ERROR!!!") -> -1.1288367 | M39: =IF(ROW()=32, 0, M38) + ABS(H39 - IF($G39=1, $K39, $L39)) -> 6.4169674 | N39: =IF(ROW()=32, 0, N38) + ABS(H39 - IF($G39=1, $L39, $K39)) -> 17.894359
B40: -1.3589807 | C40: + | D40: -0.52910083 | E40: = | F40: =SUM(B40,D40) -> -1.8880816 | G40: 2 | H40: =IF(OR($G40=1,$G40=2), $F40 + IF($G40=1,1,-1)*$N$23*(EXP(-$F40)/(1+EXP(-$F40))), NA()) -> -2.1486426 | I40: =IF(G40=1,H40+N(I39),N(I39)) -> 6.0598024 | J40: =IF(G40=2,H40+N(J39),N(J39)) -> -8.9216626 | K40: =IFERROR(I40/COUNTIF($G$32:$G$41,1),"ERROR!!!") -> 1.5149506 | L40: =IFERROR(J40/COUNTIF($G$32:$G$41,2),"ERROR!!!") -> -1.4869438 | M40: =IF(ROW()=32, 0, M39) + ABS(H40 - IF($G40=1, $K40, $L40)) -> 7.0786662 | N40: =IF(ROW()=32, 0, N39) + ABS(H40 - IF($G40=1, $L40, $K40)) -> 21.557952
B41: -1.3589807 | C41: + | D41: -0.52910083 | E41: = | F41: =SUM(B41,D41) -> -1.8880816 | G41: 2 | H41: =IF(OR($G41=1,$G41=2), $F41 + IF($G41=1,1,-1)*$N$23*(EXP(-$F41)/(1+EXP(-$F41))), NA()) -> -2.1486426 | I41: =IF(G41=1,H41+N(I40),N(I40)) -> 6.0598024 | J41: =IF(G41=2,H41+N(J40),N(J40)) -> -11.070305 | K41: =IFERROR(I41/COUNTIF($G$32:$G$41,1),"ERROR!!!") -> 1.5149506 | L41: =IFERROR(J41/COUNTIF($G$32:$G$41,2),"ERROR!!!") -> -1.8450509 | M41: =IF(ROW()=32, 0, M40) + ABS(H41 - IF($G41=1, $K41, $L41)) -> 7.3822579 | N41: =IF(ROW()=32, 0, N40) + ABS(H41 - IF($G41=1, $L41, $K41)) -> 25.221545 | O41: =M41/N41 -> 0.2926965
A45: Calculation of Generalized Assessment | H45: STEPS
C46: + | E46: = | G46: Classes | P46: STEP 3 | U46: STEP 3 — Try adding each remaining feature
B47: -1.3589807 | C47: + | D47: -0.14285714 | E47: = | F47: =SUM(B47,D47) -> -1.5018379 | G47: 2 | H47: =IF(OR($G47=1,$G47=2), $F47 + IF($G47=1,1,-1)*$N$23*(EXP(-$F47)/(1+EXP(-$F47))), NA()) -> -1.7471924 | I47: =IF(G47=1,H47+N(I46),N(I46)) -> 0 | J47: =IF(G47=2,H47+N(J46),N(J46)) -> -1.7471924 | K47: =IFERROR(I47/COUNTIF($G$47:$G$56,1),"ERROR!!!") -> 0 | L47: =IFERROR(J47/COUNTIF($G$47:$G$56,2),"ERROR!!!") -> -0.29119874 | M47: =IF(ROW()=47, 0, M46) + ABS(H47 - IF($G47=1, $K47, $L47)) -> 1.4559937 | N47: =IF(ROW()=47, 0, N46) + ABS(H47 - IF($G47=1, $L47, $K47)) -> 1.7471924 | R47: cr1 = | S47: =IF(O56<S32,O56,S32) -> 0.29118949
B48: 1.0973332 | C48: + | D48: 0.14285714 | E48: = | F48: =SUM(B48,D48) -> 1.2401903 | G48: 1 | H48: =IF(OR($G48=1,$G48=2), $F48 + IF($G48=1,1,-1)*$N$23*(EXP(-$F48)/(1+EXP(-$F48))), NA()) -> 1.3075112 | I48: =IF(G48=1,H48+N(I47),N(I47)) -> 1.3075112 | J48: =IF(G48=2,H48+N(J47),N(J47)) -> -1.7471924 | K48: =IFERROR(I48/COUNTIF($G$47:$G$56,1),"ERROR!!!") -> 0.32687779 | L48: =IFERROR(J48/COUNTIF($G$47:$G$56,2),"ERROR!!!") -> -0.29119874 | M48: =IF(ROW()=47, 0, M47) + ABS(H48 - IF($G48=1, $K48, $L48)) -> 2.4366271 | N48: =IF(ROW()=47, 0, N47) + ABS(H48 - IF($G48=1, $L48, $K48)) -> 3.3459023 | R48: u = | S48: 2 | U48: Candidate: add x2
B49: -1.0620338 | C49: + | D49: -0.14285714 | E49: = | F49: =SUM(B49,D49) -> -1.2048909 | G49: 2 | H49: =IF(OR($G49=1,$G49=2), $F49 + IF($G49=1,1,-1)*$N$23*(EXP(-$F49)/(1+EXP(-$F49))), NA()) -> -1.435709 | I49: =IF(G49=1,H49+N(I48),N(I48)) -> 1.3075112 | J49: =IF(G49=2,H49+N(J48),N(J48)) -> -3.1829014 | K49: =IFERROR(I49/COUNTIF($G$47:$G$56,1),"ERROR!!!") -> 0.32687779 | L49: =IFERROR(J49/COUNTIF($G$47:$G$56,2),"ERROR!!!") -> -0.53048357 | M49: =IF(ROW()=47, 0, M48) + ABS(H49 - IF($G49=1, $K49, $L49)) -> 3.3418525 | N49: =IF(ROW()=47, 0, N48) + ABS(H49 - IF($G49=1, $L49, $K49)) -> 5.1084891 | R49: q = | S49: =IF(O56<S32,S48,S34) -> 2 | U49: New temporary latent value:
B50: 0.55066154 | C50: + | D50: -0.14285714 | E50: = | F50: =SUM(B50,D50) -> 0.40780439 | G50: 1 | H50: =IF(OR($G50=1,$G50=2), $F50 + IF($G50=1,1,-1)*$N$23*(EXP(-$F50)/(1+EXP(-$F50))), NA()) -> 0.527636 | I50: =IF(G50=1,H50+N(I49),N(I49)) -> 1.8351472 | J50: =IF(G50=2,H50+N(J49),N(J49)) -> -3.1829014 | K50: =IFERROR(I50/COUNTIF($G$47:$G$56,1),"ERROR!!!") -> 0.4587868 | L50: =IFERROR(J50/COUNTIF($G$47:$G$56,2),"ERROR!!!") -> -0.53048357 | M50: =IF(ROW()=47, 0, M49) + ABS(H50 - IF($G50=1, $K50, $L50)) -> 3.4107017 | N50: =IF(ROW()=47, 0, N49) + ABS(H50 - IF($G50=1, $L50, $K50)) -> 6.1666087
B51: 1.0973332 | C51: + | D51: 0.14285714 | E51: = | F51: =SUM(B51,D51) -> 1.2401903 | G51: 1 | H51: =IF(OR($G51=1,$G51=2), $F51 + IF($G51=1,1,-1)*$N$23*(EXP(-$F51)/(1+EXP(-$F51))), NA()) -> 1.3075112 | I51: =IF(G51=1,H51+N(I50),N(I50)) -> 3.1426584 | J51: =IF(G51=2,H51+N(J50),N(J50)) -> -3.1829014 | K51: =IFERROR(I51/COUNTIF($G$47:$G$56,1),"ERROR!!!") -> 0.78566459 | L51: =IFERROR(J51/COUNTIF($G$47:$G$56,2),"ERROR!!!") -> -0.53048357 | M51: =IF(ROW()=47, 0, M50) + ABS(H51 - IF($G51=1, $K51, $L51)) -> 3.9325483 | N51: =IF(ROW()=47, 0, N50) + ABS(H51 - IF($G51=1, $L51, $K51)) -> 8.0046035
B52: 0.96858288 | C52: + | D52: -0.14285714 | E52: = | F52: =SUM(B52,D52) -> 0.82572574 | G52: 1 | H52: =IF(OR($G52=1,$G52=2), $F52 + IF($G52=1,1,-1)*$N$23*(EXP(-$F52)/(1+EXP(-$F52))), NA()) -> 0.91709062 | I52: =IF(G52=1,H52+N(I51),N(I51)) -> 4.059749 | J52: =IF(G52=2,H52+N(J51),N(J51)) -> -3.1829014 | K52: =IFERROR(I52/COUNTIF($G$47:$G$56,1),"ERROR!!!") -> 1.0149372 | L52: =IFERROR(J52/COUNTIF($G$47:$G$56,2),"ERROR!!!") -> -0.53048357 | M52: =IF(ROW()=47, 0, M51) + ABS(H52 - IF($G52=1, $K52, $L52)) -> 4.0303949 | N52: =IF(ROW()=47, 0, N51) + ABS(H52 - IF($G52=1, $L52, $K52)) -> 9.4521777
B53: -1.5186565 | C53: + | D53: -0.14285714 | E53: = | F53: =SUM(B53,D53) -> -1.6615137 | G53: 2 | H53: =IF(OR($G53=1,$G53=2), $F53 + IF($G53=1,1,-1)*$N$23*(EXP(-$F53)/(1+EXP(-$F53))), NA()) -> -1.913646 | I53: =IF(G53=1,H53+N(I52),N(I52)) -> 4.059749 | J53: =IF(G53=2,H53+N(J52),N(J52)) -> -5.0965474 | K53: =IFERROR(I53/COUNTIF($G$47:$G$56,1),"ERROR!!!") -> 1.0149372 | L53: =IFERROR(J53/COUNTIF($G$47:$G$56,2),"ERROR!!!") -> -0.84942457 | M53: =IF(ROW()=47, 0, M52) + ABS(H53 - IF($G53=1, $K53, $L53)) -> 5.0946164 | N53: =IF(ROW()=47, 0, N52) + ABS(H53 - IF($G53=1, $L53, $K53)) -> 12.380761
B54: -0.81342788 | C54: + | D54: -0.14285714 | E54: = | F54: =SUM(B54,D54) -> -0.95628502 | G54: 2 | H54: =IF(OR($G54=1,$G54=2), $F54 + IF($G54=1,1,-1)*$N$23*(EXP(-$F54)/(1+EXP(-$F54))), NA()) -> -1.1729982 | I54: =IF(G54=1,H54+N(I53),N(I53)) -> 4.059749 | J54: =IF(G54=2,H54+N(J53),N(J53)) -> -6.2695457 | K54: =IFERROR(I54/COUNTIF($G$47:$G$56,1),"ERROR!!!") -> 1.0149372 | L54: =IFERROR(J54/COUNTIF($G$47:$G$56,2),"ERROR!!!") -> -1.0449243 | M54: =IF(ROW()=47, 0, M53) + ABS(H54 - IF($G54=1, $K54, $L54)) -> 5.2226903 | N54: =IF(ROW()=47, 0, N53) + ABS(H54 - IF($G54=1, $L54, $K54)) -> 14.568696
B55: -1.3589807 | C55: + | D55: -0.14285714 | E55: = | F55: =SUM(B55,D55) -> -1.5018379 | G55: 2 | H55: =IF(OR($G55=1,$G55=2), $F55 + IF($G55=1,1,-1)*$N$23*(EXP(-$F55)/(1+EXP(-$F55))), NA()) -> -1.7471924 | I55: =IF(G55=1,H55+N(I54),N(I54)) -> 4.059749 | J55: =IF(G55=2,H55+N(J54),N(J54)) -> -8.0167381 | K55: =IFERROR(I55/COUNTIF($G$47:$G$56,1),"ERROR!!!") -> 1.0149372 | L55: =IFERROR(J55/COUNTIF($G$47:$G$56,2),"ERROR!!!") -> -1.336123 | M55: =IF(ROW()=47, 0, M54) + ABS(H55 - IF($G55=1, $K55, $L55)) -> 5.6337597 | N55: =IF(ROW()=47, 0, N54) + ABS(H55 - IF($G55=1, $L55, $K55)) -> 17.330826
B56: -1.3589807 | C56: + | D56: 0.14285714 | E56: = | F56: =SUM(B56,D56) -> -1.2161236 | G56: 2 | H56: =IF(OR($G56=1,$G56=2), $F56 + IF($G56=1,1,-1)*$N$23*(EXP(-$F56)/(1+EXP(-$F56))), NA()) -> -1.4475378 | I56: =IF(G56=1,H56+N(I55),N(I55)) -> 4.059749 | J56: =IF(G56=2,H56+N(J55),N(J55)) -> -9.4642759 | K56: =IFERROR(I56/COUNTIF($G$47:$G$56,1),"ERROR!!!") -> 1.0149372 | L56: =IFERROR(J56/COUNTIF($G$47:$G$56,2),"ERROR!!!") -> -1.5773793 | M56: =IF(ROW()=47, 0, M55) + ABS(H56 - IF($G56=1, $K56, $L56)) -> 5.7636012 | N56: =IF(ROW()=47, 0, N55) + ABS(H56 - IF($G56=1, $L56, $K56)) -> 19.793301 | O56: =M56/N56 -> 0.29118949
A60: Calculation of Generalized Assessment | H60: STEPS
C61: + | E61: = | G61: Classes | P61: STEP 3
B62: -1.3589807 | C62: + | D62: -0.0535715 | E62: = | F62: =SUM(B62,D62) -> -1.4125522 | G62: 2 | H62: =IF(OR($G62=1,$G62=2), $F62 + IF($G62=1,1,-1)*$N$23*(EXP(-$F62)/(1+EXP(-$F62))), NA()) -> -1.6538027 | I62: =IF(G62=1,H62+N(I61),N(I61)) -> 0 | J62: =IF(G62=2,H62+N(J61),N(J61)) -> -1.6538027 | K62: =IFERROR(I62/COUNTIF($G$62:$G$71,1),"ERROR!!!") -> 0 | L62: =IFERROR(J62/COUNTIF($G$62:$G$71,2),"ERROR!!!") -> -0.27563378 | M62: =IF(ROW()=62, 0, M61) + ABS(H62 - IF($G62=1, $K62, $L62)) -> 1.3781689 | N62: =IF(ROW()=62, 0, N61) + ABS(H62 - IF($G62=1, $L62, $K62)) -> 1.6538027 | R62: cr1 = | S62: =IF(O71<S47,O71,S47) -> 0.28120873
B63: 1.0973332 | C63: + | D63: -0.0535715 | E63: = | F63: =SUM(B63,D63) -> 1.0437617 | G63: 1 | H63: =IF(OR($G63=1,$G63=2), $F63 + IF($G63=1,1,-1)*$N$23*(EXP(-$F63)/(1+EXP(-$F63))), NA()) -> 1.1218891 | I63: =IF(G63=1,H63+N(I62),N(I62)) -> 1.1218891 | J63: =IF(G63=2,H63+N(J62),N(J62)) -> -1.6538027 | K63: =IFERROR(I63/COUNTIF($G$62:$G$71,1),"ERROR!!!") -> 0.28047228 | L63: =IFERROR(J63/COUNTIF($G$62:$G$71,2),"ERROR!!!") -> -0.27563378 | M63: =IF(ROW()=62, 0, M62) + ABS(H63 - IF($G63=1, $K63, $L63)) -> 2.2195858 | N63: =IF(ROW()=62, 0, N62) + ABS(H63 - IF($G63=1, $L63, $K63)) -> 3.0513256 | R63: u = | S63: 5
B64: -1.0620338 | C64: + | D64: -0.0535715 | E64: = | F64: =SUM(B64,D64) -> -1.1156053 | G64: 2 | H64: =IF(OR($G64=1,$G64=2), $F64 + IF($G64=1,1,-1)*$N$23*(EXP(-$F64)/(1+EXP(-$F64))), NA()) -> -1.341557 | I64: =IF(G64=1,H64+N(I63),N(I63)) -> 1.1218891 | J64: =IF(G64=2,H64+N(J63),N(J63)) -> -2.9953597 | K64: =IFERROR(I64/COUNTIF($G$62:$G$71,1),"ERROR!!!") -> 0.28047228 | L64: =IFERROR(J64/COUNTIF($G$62:$G$71,2),"ERROR!!!") -> -0.49922662 | M64: =IF(ROW()=62, 0, M63) + ABS(H64 - IF($G64=1, $K64, $L64)) -> 3.0619162 | N64: =IF(ROW()=62, 0, N63) + ABS(H64 - IF($G64=1, $L64, $K64)) -> 4.6733549 | R64: q = | S64: =IF(O71<S47,S63,S49) -> 5
B65: 0.55066154 | C65: + | D65: -0.0535715 | E65: = | F65: =SUM(B65,D65) -> 0.49709004 | G65: 1 | H65: =IF(OR($G65=1,$G65=2), $F65 + IF($G65=1,1,-1)*$N$23*(EXP(-$F65)/(1+EXP(-$F65))), NA()) -> 0.61055747 | I65: =IF(G65=1,H65+N(I64),N(I64)) -> 1.7324466 | J65: =IF(G65=2,H65+N(J64),N(J64)) -> -2.9953597 | K65: =IFERROR(I65/COUNTIF($G$62:$G$71,1),"ERROR!!!") -> 0.43311165 | L65: =IFERROR(J65/COUNTIF($G$62:$G$71,2),"ERROR!!!") -> -0.49922662 | M65: =IF(ROW()=62, 0, M64) + ABS(H65 - IF($G65=1, $K65, $L65)) -> 3.239362 | N65: =IF(ROW()=62, 0, N64) + ABS(H65 - IF($G65=1, $L65, $K65)) -> 5.783139
B66: 1.0973332 | C66: + | D66: -0.0535715 | E66: = | F66: =SUM(B66,D66) -> 1.0437617 | G66: 1 | H66: =IF(OR($G66=1,$G66=2), $F66 + IF($G66=1,1,-1)*$N$23*(EXP(-$F66)/(1+EXP(-$F66))), NA()) -> 1.1218891 | I66: =IF(G66=1,H66+N(I65),N(I65)) -> 2.8543357 | J66: =IF(G66=2,H66+N(J65),N(J65)) -> -2.9953597 | K66: =IFERROR(I66/COUNTIF($G$62:$G$71,1),"ERROR!!!") -> 0.71358393 | L66: =IFERROR(J66/COUNTIF($G$62:$G$71,2),"ERROR!!!") -> -0.49922662 | M66: =IF(ROW()=62, 0, M65) + ABS(H66 - IF($G66=1, $K66, $L66)) -> 3.6476672 | N66: =IF(ROW()=62, 0, N65) + ABS(H66 - IF($G66=1, $L66, $K66)) -> 7.4042548
