Workbook

Sheet Overview
B2: ERDR Algorithm — Enemy-Radius Density Reduction
B3: Heart-Disease (7, 13, 2) selected from Heart-Disease (270, 13, 2) · Zhuravlev metric · k = 3 · article §1.1 (N. A. Ignatev) · training / validation split for the ensemble experiments
B5: Workbook map
B6: # | C6: Sheet | D6: Stage | E6: What it contains
B7: 1 | C7: Parameters | D7: 0 · Parameters | E7: N and class sizes, the k rule (k_min = 3, k_max = 2·min|Kᵢ| − 3), k for z(Sᵢ, k), ε, the three reading switches A, B, C, metric and ERDR definitions.
B8: 2 | C8: Object Selection | D8: 0 · Sample choice | E8: Why N = 7: lower bound from the k rule, search evidence over the 270 objects, the chosen rows and why this subset.
B9: 3 | C9: Source Dataset (270) | D9: 1 · Input data | E9: All 270 objects × 13 features with classes and type flags; the 7 selected objects are highlighted.
B10: 4 | C10: Dataset | D10: 1 · Input data | E10: The 7 selected objects S₁ … S₇ (source rows are input cells) with quantitative and nominal views.
B11: 5 | C11: Normalized Dataset | D11: Step 0 · Scale unification | E11: Quantitative features rescaled to [0, 1] over the 7 objects; nominal codes unchanged; type, min, max.
B12: 6 | C12: Zhuravlev Distances | D12: Step 0 · Distances | E12: Zhuravlev distance ρ = ρ_I + ρ_J for every pair, with both parts.
B13: 7 | C13: Sorted Neighbors | D13: Step 0 · Neighbours | E13: Rank matrix and one block per object: nearest enemy (r), k-th neighbour (z), own-class objects inside the enemy sphere (g).
B14: 8 | C14: ERDR Characteristics | D14: Step 1 · r, g, z, d | E14: The four auxiliary functions per object, the Step 2 priority position, and the enemy-sphere membership matrix.
B15: 9 | C15: Priority Queue | D15: Step 2 · Queue | E15: Static queue order by d → r → index, with the criterion that decided every adjacent pair.
B16: 10 | C16: ERDR Iterations | D16: Steps 2–5 · Iterations | E16: One block per iteration: queue, selected Sᵢ, the set L, blocking, the Step 4 / Step 5 decision and the counter corrections.
B17: 11 | C17: ERDR Trace | D17: Steps 2–6 · Trace | E17: Iteration summary, state matrices (selected, L, decreases, moves, F, g) and the history of every object.
B18: 12 | C18: Case Checklist | D18: Check · 17 cases | E18: Every case of the algorithm with ✓ / ✗ and the iteration where it first occurs (live).
... B24: 18 | C24: Validation | D24: Checks · Validation | E24: Workbook formulas vs the Python engine: r, g, z, d, the queue, every iteration and the result.
B26: Algorithm — pipeline specification (article element → sheet → Python function)
B27: # | C27: Article element | D27: Sheet | E27: Definition → Python function (erdrlab)
B28: 1 | C28: Data, feature types, classes | D28: Dataset | E28: E₀ = the 7 selected objects of the 270, X(n) heterogeneous, K1, K2 → data.load_csv(path) → (X, y, types)
B29: 2 | C29: Scale unification | D29: Normalized Dataset | E29: x′ = (x − min)/(max − min) for type 1 over the selected objects → metric.scale_params, metric.unify
B30: 3 | C30: Zhuravlev metric | D30: Zhuravlev Distances | E30: ρ = Σ(I) |x′ − y′| + Σ(J) [x ≠ y], 10-decimal rounding → metric.zhuravlev, metric.distance_matrix
B31: 4 | C31: Step 1 · r, g, z, d | D31: ERDR Characteristics | E31: nearest-enemy radius, own-class count inside it, k-th neighbour distance, priority → erdr.characteristics(D, y, k)
B32: 5 | C32: Step 2 · queue | D32: Priority Queue | E32: order by (d, r, index) over F with d ≥ 0 → inside erdr.run
B33: 6 | C33: Steps 3–5 · iterations | D33: ERDR Iterations | E33: select Sᵢ, build L, block Sᵢ, |L| = 1 → D, |L| > 1 → g − 1 and moves → erdr.run(D, y, k, ε, self_in_L, blocked_cover, step5)
B34: 7 | C34: Step 6 · output | D34: Training & Validation | E34: D = training sample, F = E₀ \ D = validation sample → erdr.run(...)["D"], ["F"]
B35: 8 | C35: Cases | D35: Case Checklist | E35: 17 cases of the algorithm detected from the trace → cases.detect(result, D, y)
B36: 9 | C36: Validation | D36: Validation | E36: workbook vs engine → tests with the golden values of this workbook
B38: Key results (live)
B39: # | C39: Figure | D39: Value | E39: Linked to
B40: 1 | C40: Objects N · |K1| · |K2| | D40: ='Parameters'!$B$5&" · "&'Parameters'!$B$6&" · "&'Parameters'!$B$7 -> 7 · 3 · 4 | E40: Parameters
B41: 2 | C41: k used for z(Sᵢ, k) · k rule 3 … 2·min|Kᵢ| − 3 | D41: ='Parameters'!$B$12&" (permitted: "&'Parameters'!$B$11&")" -> 3 (permitted: 3) | E41: Parameters
B42: 3 | C42: Step 2 queue order | D42: ='Validation'!C34 -> S₁ → S₃ → S₅ → S₂ → S₇ → S₆ → S₄ | E42: Priority Queue
B43: 4 | C43: Iterations until the queue is empty | D43: =COUNTIF('ERDR Trace'!B5:B11,"S*") -> 6 | E43: ERDR Trace
B44: 5 | C44: Training sample D | D44: ='Training & Validation'!B19&" · "&'Training & Validation'!D15&" (K1 "&'Training & Validation'!B15&", K2 "&'Training & Validation'!C15&")" -> {S₁, S₂, S₅, S₆, S₇} · 5 (K1 2, K2 3) | E44: Training & Validation
B45: 6 | C45: Validation sample F | D45: ='Training & Validation'!B20&" · "&'Training & Validation'!D16&" (K1 "&'Training & Validation'!B16&", K2 "&'Training & Validation'!C16&")" -> {S₃, S₄} · 2 (K1 1, K2 1) | E45: Training & Validation
B46: 7 | C46: Share of N in the training sample | D46: ='Training & Validation'!E15 -> 0.71428571 | E46: Training & Validation
B47: 8 | C47: Cases of the algorithm that occur | D47: =SUM('Case Checklist'!D5:D21)&" of 17" -> 17 of 17 | E47: Case Checklist
B48: 9 | C48: Reading | D48: ='Parameters'!B27 -> ✓ literal article reading (default) | E48: Readings (Switches)
B49: 10 | C49: Validation checks | D49: ='Validation'!B59 -> 53 of 53 checks pass ✓ | E49: Validation
B51: ⚠ Findings for the article (§1.1, §3)
B52: • Literal reading of §1.1 on all 270 objects: training samples of 165–201 objects, against 75–104 in Table 1; none of 960 tested readings reproduces Table 1 (closest: processed objects stop covering + own-class z).
B53: • Three points are open in the text — whether Sᵢ is in its own L, whether processed objects keep covering, and where «Перейти к шагу 2» stands; here they are switches A, B, C (8 readings → 6 different outcomes).
B54: • The case |L| = 0 is not described (literally: Sᵢ stays in F); for Sⱼ ≠ Sᵢ the condition g(Sⱼ) > 1 in L is always true, so it only decides whether Sᵢ itself is in L.
B55: → Article Notes: the article text line by line, with the open points
B57: Colour legend
B58: Aa | C58: Sheet title bar
B59: Aa | C59: Table / block / iteration title bar
B60: Aa | C60: Column header (x₁ … x₁₃, S₁ … S₇, rank, t)
B61: Aa | C61: Object label S₁ … S₇ and row captions
B62: Aa | C62: Quantitative feature values
B63: Aa | C63: Nominal feature values
B64: Aa | C64: Class label (1 / 2)
B65: Aa | C65: ERDR characteristic (r, g, z) / counter g
B66: Aa | C66: d(Sᵢ), selected / own class / correct
B67: Aa | C67: Member of L / decreased counter / tie decided by r / marker r, z
B68: Aa | C68: Moved to D / tie decided by the index
B69: Aa | C69: Enemy (other class) / g = 1
... B73: Aa | C73: Warning / finding for the article
B75: Notes
B76: • Every calculation from the Dataset sheet to the Case Checklist is a live formula: type another source row on the Dataset sheet, change k, ε or a reading on the Parameters sheet, and the whole experiment recalculates.
B77: • Grey cells with grey text are engine values (Object Selection evidence, Readings table, Article Table 1 Check, 2-D map coordinates): they need many runs of the algorithm and are not spreadsheet formulas.
B78: • Distances are rounded to 10 decimals and every order breaks ties by the smaller index — the same rules as the Python reference engine on the Validation sheet.
B79: • Built for reuse: the same layout, styles and rules as our earlier Heart-Disease (10, 13, 2) experiments; the engine functions named above are the planned module of the Python project.

Sheet Parameters
A1: Experiment parameters — every ERDR stage reads its settings from this sheet
A3: Sample and k range · k_min = 3 fixed, k_max = 2 · min |Kᵢ| − 3 from the class sizes (the same rule as in our other experiments)
A4: Parameter | B4: Value | C4: Rule / meaning
A5: N (objects in the experiment) | B5: =COUNT('Dataset'!B5:B11) -> 7 | C5: Selected rows of the 270-object source (Dataset sheet) — why 7: see “Object Selection”
A6: |K1| (objects of class 1) | B6: =COUNTIF('Dataset'!P5:P11,1) -> 3 | C6: Counted from the class column — never typed in
A7: |K2| (objects of class 2) | B7: =COUNTIF('Dataset'!P5:P11,2) -> 4
A8: min |Kᵢ| | B8: =MIN(B6,B7) -> 3 | C8: Smallest class
A9: k_min | B9: 3 | C9: Fixed for every dataset
A10: k_max = 2 · min |Kᵢ| − 3 | B10: =2*B8-3 -> 3 | C10: Largest permitted k
A11: Permitted k (odd, k_min … k_max) | B11: =IF(B10<B9,"none — a class has fewer than 3 objects",IF(B10>=5,"3, 5, …, "&B10,"3")) -> 3
A12: k used by ERDR in z(Sᵢ, k) | B12: 3 | C12: Input · the k-th nearest neighbour gives z(Sᵢ, k); must be permitted and ≤ N − 1
A13: k check | B13: =IF(MIN(B6,B7)=0,"⚠ the selection has only one class — ERDR needs both",IF(AND(B12>=B9,B12<=B10,MOD(B12-B9,2)=0,B12<=B5-1),"✓ k is permitted by the rule","⚠ k is outside the permitted range "&B11)) -> ✓ k is permitted by the rule
A15: ERDR constants (article §1.1)
A16: Parameter | B16: Value | C16: Rule / meaning
A17: ε (blocking constant, ε > 0) | B17: 0.001 | C17: Step 4 blocks the selected object by d(Sᵢ) ← −(d(Sᵢ) + ε); any ε > 0 gives the same result
A18: Distance rounding | B18: 10 decimals | C18: Mathematically equal distances and d values tie exactly
A19: Queue order (Step 2) | B19: d → r → index | C19: Ascending d(Sᵢ); equal d → ascending r(Sᵢ); equal d and r → ascending index
A20: Iteration blocks | B20: =B5 -> 7 | C20: Every iteration processes (blocks) one queue object, so at most N iterations are needed
A22: Readings of three points the article leaves open · 1 = literal article text (default), 2 = alternative · see “Readings (Switches)”
A23: Parameter | B23: Value | C23: Rule / meaning
A24: A · Sᵢ itself can be a member of L | B24: 1 | C24: 1 = literal: Sᵢ ∈ L whenever g(Sᵢ) > 1 (ρ(Sᵢ, Sᵢ) = 0 < r(Sᵢ)) · 2 = only other objects form L
A25: B · processed objects keep covering | B25: 1 | C25: 1 = literal: blocked objects stay in F and can belong to L later · 2 = only objects still in the queue can belong to L
A26: C · return to Step 2 in Step 5 | B26: 1 | C26: 1 = after the whole set L has been corrected · 2 = right after the first object whose g falls to 1 (members of L taken by ascending index)
A27: Reading status | B27: =IF(AND(B24=1,B25=1,B26=1),"✓ literal article reading (default)","⚠ alternative reading "&B24&B25&B26&" — compare with Readings (Switches)") -> ✓ literal article reading (default)
A29: Metric · Zhuravlev metric on heterogeneous features (quantitative features rescaled to [0, 1])
A30: Operator | B30: Feature set | C30: Definition
A31: ρ | B31: all 13 (I ∪ J) | C31: ρ(x, y) = Σ(j∈I) |x′ⱼ − y′ⱼ| + Σ(j∈J) [xⱼ ≠ yⱼ] (x′ = (x − min)/(max − min) over the N objects)
A32: ρ_I | B32: 6 quantitative (I) | C32: ρ_I(x, y) = Σ(j∈I) |x′ⱼ − y′ⱼ| — quantitative part
A33: ρ_J | B33: 7 nominal (J) | C33: ρ_J(x, y) = Σ(j∈J) [xⱼ ≠ yⱼ] — nominal part (number of different codes)
A35: ERDR definitions (article §1.1) · Sᵢ ∈ K_t
A36: Symbol | B36: Sheet | C36: Definition
A37: r(Sᵢ) | B37: ERDR Characteristics | C37: distance from Sᵢ to the nearest object of the other class (enemy radius)
A38: g(Sᵢ) | B38: ERDR Characteristics | C38: number of objects of K_t strictly inside the sphere (Sᵢ, r(Sᵢ)); Sᵢ itself counts, so g ≥ 1
A39: z(Sᵢ, k) | B39: ERDR Characteristics | C39: distance from Sᵢ to its k-th nearest neighbour (all objects, Sᵢ excluded)
A40: d(Sᵢ) | B40: ERDR Characteristics | C40: |z(Sᵢ, k) − r(Sᵢ)| / (z(Sᵢ, k) + r(Sᵢ)) — priority of Sᵢ (smaller = earlier)
A41: Queue | B41: Priority Queue | C41: {Sᵢ ∈ F | d(Sᵢ) ≥ 0} ordered by d → r → index; empty queue → Step 6
A42: L | B42: ERDR Iterations | C42: {Sⱼ ∈ F ∩ K_t | ρ(Sⱼ, Sᵢ) < r(Sⱼ) and g(Sⱼ) > 1}: objects whose enemy sphere contains Sᵢ
A43: Step 4 / 5 | B43: ERDR Iterations | C43: |L| = 1 → Sᵢ moves to D; |L| > 1 → g(Sⱼ) − 1 for Sⱼ ∈ L, and Sⱼ moves to D when g(Sⱼ) = 1
A44: Step 6 | B44: Training & Validation | C44: D = training sample, F = E₀ \ D = validation sample

Sheet Object Selection
A1: Object selection · why N = 7: the smallest sample of Heart-Disease (270, 13, 2) in which every case of the ERDR algorithm occurs
A3: Rule used
A4: 1. The sample must satisfy the k rule of our experiments: k_min = 3 must be permitted, i.e. k_max = 2·min|Kᵢ| − 3 ≥ 3, so each class needs at least 3 objects → N ≥ 6.
A5: 2. ERDR must show every case listed on the Case Checklist (17 cases: 14 branch cases of Steps 1–6 plus the index tie of Step 2, two moves in one Step 5 and a two-class validation set).
A6: 3. Among the samples that satisfy 1–2, use the smallest N; more objects only when no smaller sample shows every case.
A8: Search evidence (Python engine, literal reading, k = 3, normalisation over the selected objects)
A9: N | B9: Subsets examined | C9: Show the 14 branch cases | D9: … and case 5 (index tie) | E9: … and case 17 (two-class F) | F9: Show all 17 cases | G9: Conclusion
A10: 6 | B10: 1,594,722 | C10: 13,821 | D10: 0 | E10: 0 | F10: 0 | G10: 6 objects show the 14 branch cases, but never the index tie or a two-class validation set
A11: 7 | B11: local search, 5 min | C11: — | D11: — | E11: — | F11: 403 found | G11: N = 7 is the smallest sample with every case
A13: Chosen objects (live)
A14: № | B14: Source row | C14: Class | D14: Also in Heart-Disease (10, 13, 2) as | E14: Sample (live) | F14: Processed in iteration | G14: Case at processing
A15: S₁ | B15: ='Dataset'!B5 -> 1 | C15: ='Dataset'!P5 -> 2 | D15: =IF('Dataset'!B5=1,"S₁",IF('Dataset'!B5=10,"S₁₀",IF('Dataset'!B5<=10,"S"&'Dataset'!B5,"—"))) -> S₁ | E15: ='Training & Validation'!D5 -> D · training | F15: ='Training & Validation'!E5 -> 1 | G15: =IF(ISNUMBER(F15),INDEX('ERDR Iterations'!$K:$K,5+26*(F15-1)+10),"never processed (moved to D before its turn)") -> |L| > 1 → Step 5 corrects g
A16: S₂ | B16: ='Dataset'!B6 -> 10 | C16: ='Dataset'!P6 -> 2 | D16: =IF('Dataset'!B6=1,"S₁",IF('Dataset'!B6=10,"S₁₀",IF('Dataset'!B6<=10,"S"&'Dataset'!B6,"—"))) -> S₁₀ | E16: ='Training & Validation'!D6 -> D · training | F16: ='Training & Validation'!E6 -> 4 | G16: =IF(ISNUMBER(F16),INDEX('ERDR Iterations'!$K:$K,5+26*(F16-1)+10),"never processed (moved to D before its turn)") -> |L| = 1 → Sᵢ moves to D
A17: S₃ | B17: ='Dataset'!B7 -> 73 | C17: ='Dataset'!P7 -> 1 | D17: =IF('Dataset'!B7=1,"S₁",IF('Dataset'!B7=10,"S₁₀",IF('Dataset'!B7<=10,"S"&'Dataset'!B7,"—"))) -> — | E17: ='Training & Validation'!D7 -> F · validation | F17: ='Training & Validation'!E7 -> 2 | G17: =IF(ISNUMBER(F17),INDEX('ERDR Iterations'!$K:$K,5+26*(F17-1)+10),"never processed (moved to D before its turn)") -> |L| > 1 → Step 5 corrects g
A18: S₄ | B18: ='Dataset'!B8 -> 143 | C18: ='Dataset'!P8 -> 2 | D18: =IF('Dataset'!B8=1,"S₁",IF('Dataset'!B8=10,"S₁₀",IF('Dataset'!B8<=10,"S"&'Dataset'!B8,"—"))) -> — | E18: ='Training & Validation'!D8 -> F · validation | F18: ='Training & Validation'!E8 -> 6 | G18: =IF(ISNUMBER(F18),INDEX('ERDR Iterations'!$K:$K,5+26*(F18-1)+10),"never processed (moved to D before its turn)") -> |L| = 0 → Sᵢ is only blocked and stays in F
A19: S₅ | B19: ='Dataset'!B9 -> 224 | C19: ='Dataset'!P9 -> 2 | D19: =IF('Dataset'!B9=1,"S₁",IF('Dataset'!B9=10,"S₁₀",IF('Dataset'!B9<=10,"S"&'Dataset'!B9,"—"))) -> — | E19: ='Training & Validation'!D9 -> D · training | F19: ='Training & Validation'!E9 -> 3 | G19: =IF(ISNUMBER(F19),INDEX('ERDR Iterations'!$K:$K,5+26*(F19-1)+10),"never processed (moved to D before its turn)") -> |L| > 1 → Step 5 corrects g
A20: S₆ | B20: ='Dataset'!B10 -> 226 | C20: ='Dataset'!P10 -> 1 | D20: =IF('Dataset'!B10=1,"S₁",IF('Dataset'!B10=10,"S₁₀",IF('Dataset'!B10<=10,"S"&'Dataset'!B10,"—"))) -> — | E20: ='Training & Validation'!D10 -> D · training | F20: ='Training & Validation'!E10 -> 5 | G20: =IF(ISNUMBER(F20),INDEX('ERDR Iterations'!$K:$K,5+26*(F20-1)+10),"never processed (moved to D before its turn)") -> |L| = 1 → Sᵢ moves to D
A21: S₇ | B21: ='Dataset'!B11 -> 239 | C21: ='Dataset'!P11 -> 1 | D21: =IF('Dataset'!B11=1,"S₁",IF('Dataset'!B11=10,"S₁₀",IF('Dataset'!B11<=10,"S"&'Dataset'!B11,"—"))) -> — | E21: ='Training & Validation'!D11 -> D · training | F21: ='Training & Validation'!E11 -> — | G21: =IF(ISNUMBER(F21),INDEX('ERDR Iterations'!$K:$K,5+26*(F21-1)+10),"never processed (moved to D before its turn)") -> never processed (moved to D before its turn)
A23: Why this subset among the 403 seven-object samples
A24: • every one of the 17 cases occurs, and each of the 6 iterations shows a different case (|L| > 1 three times with different effects, |L| = 1 in both forms, |L| = 0);
A25: • each reading switch A, B, C changes the result on these objects, so the open points of the article are visible;
A26: • all ties are exact ties at d = 0 (z = r), the robust kind; the smallest gap between two different distances is 0.064, so there are no near-ties;
A27: • S₁ and S₂ are rows 1 and 10 — objects S₁ and S₁₀ of our earlier Heart-Disease (10, 13, 2) experiment.
A29: For comparison
A30: • A 6-object sample, rows 2, 8, 9, 54, 76, 219: shows the 14 branch cases and two moves in one Step 5, but no index tie and its validation set is the single object of row 54.
A31: • Taking the first rows of the file instead: rows 1–15 are needed for the 14 branch cases, rows 1–102 for all 17 cases.
A32: • N = 6 is not proven impossible for all 17 cases (the 3 + 3 search space has 1.5·10¹¹ subsets); the evidence above comes from a local search that aimed at exactly these cases.

Sheet Source Dataset (270)
A1: Source dataset · Heart-Disease (270, 13, 2) — the complete original sample (input; the experiment reads the selected rows from here)
A3: All 270 objects: 13 features x₁ … x₁₃, the class (1 / 2) and, in the last row, the feature types (1 = quantitative, 0 = nominal) · the 7 selected objects are highlighted
A4: Row | B4: x₁ | C4: x₂ | D4: x₃ | E4: x₄ | F4: x₅ | G4: x₆ | H4: x₇ | I4: x₈ | J4: x₉ | K4: x₁₀ | L4: x₁₁ | M4: x₁₂ | N4: x₁₃ | O4: Class | P4: Selected as
A5: 1 | B5: 70 | C5: 1 | D5: 4 | E5: 130 | F5: 322 | G5: 0 | H5: 2 | I5: 109 | J5: 0 | K5: 2.4 | L5: 2 | M5: 3 | N5: 3 | O5: 2 | P5: =IFERROR(CHOOSE(MATCH(A5,'Dataset'!$B$5:$B$11,0),"S₁","S₂","S₃","S₄","S₅","S₆","S₇"),"") -> S₁
A6: 2 | B6: 67 | C6: 0 | D6: 3 | E6: 115 | F6: 564 | G6: 0 | H6: 2 | I6: 160 | J6: 0 | K6: 1.6 | L6: 2 | M6: 0 | N6: 7 | O6: 1 | P6: =IFERROR(CHOOSE(MATCH(A6,'Dataset'!$B$5:$B$11,0),"S₁","S₂","S₃","S₄","S₅","S₆","S₇"),"")
A7: 3 | B7: 57 | C7: 1 | D7: 2 | E7: 124 | F7: 261 | G7: 0 | H7: 0 | I7: 141 | J7: 0 | K7: 0.3 | L7: 1 | M7: 0 | N7: 7 | O7: 2 | P7: =IFERROR(CHOOSE(MATCH(A7,'Dataset'!$B$5:$B$11,0),"S₁","S₂","S₃","S₄","S₅","S₆","S₇"),"")
A8: 4 | B8: 64 | C8: 1 | D8: 4 | E8: 128 | F8: 263 | G8: 0 | H8: 0 | I8: 105 | J8: 1 | K8: 0.2 | L8: 2 | M8: 1 | N8: 7 | O8: 1 | P8: =IFERROR(CHOOSE(MATCH(A8,'Dataset'!$B$5:$B$11,0),"S₁","S₂","S₃","S₄","S₅","S₆","S₇"),"")
A9: 5 | B9: 74 | C9: 0 | D9: 2 | E9: 120 | F9: 269 | G9: 0 | H9: 2 | I9: 121 | J9: 1 | K9: 0.2 | L9: 1 | M9: 1 | N9: 3 | O9: 1 | P9: =IFERROR(CHOOSE(MATCH(A9,'Dataset'!$B$5:$B$11,0),"S₁","S₂","S₃","S₄","S₅","S₆","S₇"),"")
A10: 6 | B10: 65 | C10: 1 | D10: 4 | E10: 120 | F10: 177 | G10: 0 | H10: 0 | I10: 140 | J10: 0 | K10: 0.4 | L10: 1 | M10: 0 | N10: 7 | O10: 1 | P10: =IFERROR(CHOOSE(MATCH(A10,'Dataset'!$B$5:$B$11,0),"S₁","S₂","S₃","S₄","S₅","S₆","S₇"),"")
A11: 7 | B11: 56 | C11: 1 | D11: 3 | E11: 130 | F11: 256 | G11: 1 | H11: 2 | I11: 142 | J11: 1 | K11: 0.6 | L11: 2 | M11: 1 | N11: 6 | O11: 2 | P11: =IFERROR(CHOOSE(MATCH(A11,'Dataset'!$B$5:$B$11,0),"S₁","S₂","S₃","S₄","S₅","S₆","S₇"),"")
A12: 8 | B12: 59 | C12: 1 | D12: 4 | E12: 110 | F12: 239 | G12: 0 | H12: 2 | I12: 142 | J12: 1 | K12: 1.2 | L12: 2 | M12: 1 | N12: 7 | O12: 2 | P12: =IFERROR(CHOOSE(MATCH(A12,'Dataset'!$B$5:$B$11,0),"S₁","S₂","S₃","S₄","S₅","S₆","S₇"),"")
A13: 9 | B13: 60 | C13: 1 | D13: 4 | E13: 140 | F13: 293 | G13: 0 | H13: 2 | I13: 170 | J13: 0 | K13: 1.2 | L13: 2 | M13: 2 | N13: 7 | O13: 2 | P13: =IFERROR(CHOOSE(MATCH(A13,'Dataset'!$B$5:$B$11,0),"S₁","S₂","S₃","S₄","S₅","S₆","S₇"),"")
A14: 10 | B14: 63 | C14: 0 | D14: 4 | E14: 150 | F14: 407 | G14: 0 | H14: 2 | I14: 154 | J14: 0 | K14: 4 | L14: 2 | M14: 3 | N14: 7 | O14: 2 | P14: =IFERROR(CHOOSE(MATCH(A14,'Dataset'!$B$5:$B$11,0),"S₁","S₂","S₃","S₄","S₅","S₆","S₇"),"") -> S₂
A15: 11 | B15: 59 | C15: 1 | D15: 4 | E15: 135 | F15: 234 | G15: 0 | H15: 0 | I15: 161 | J15: 0 | K15: 0.5 | L15: 2 | M15: 0 | N15: 7 | O15: 1 | P15: =IFERROR(CHOOSE(MATCH(A15,'Dataset'!$B$5:$B$11,0),"S₁","S₂","S₃","S₄","S₅","S₆","S₇"),"")
A16: 12 | B16: 53 | C16: 1 | D16: 4 | E16: 142 | F16: 226 | G16: 0 | H16: 2 | I16: 111 | J16: 1 | K16: 0 | L16: 1 | M16: 0 | N16: 7 | O16: 1 | P16: =IFERROR(CHOOSE(MATCH(A16,'Dataset'!$B$5:$B$11,0),"S₁","S₂","S₃","S₄","S₅","S₆","S₇"),"")
... A274: 270 | B274: 67 | C274: 1 | D274: 4 | E274: 160 | F274: 286 | G274: 0 | H274: 2 | I274: 108 | J274: 1 | K274: 1.5 | L274: 2 | M274: 3 | N274: 3 | O274: 2 | P274: =IFERROR(CHOOSE(MATCH(A274,'Dataset'!$B$5:$B$11,0),"S₁","S₂","S₃","S₄","S₅","S₆","S₇"),"")
A275: Type | B275: 1 | C275: 0 | D275: 0 | E275: 1 | F275: 1 | G275: 0 | H275: 0 | I275: 1 | J275: 0 | K275: 1 | L275: 0 | M275: 1 | N275: 0 | O275: 1 = I
A277: Class 1 | B277: =COUNTIF(O5:O274,1) -> 150
A278: Class 2 | B278: =COUNTIF(O5:O274,2) -> 120
A279: Objects | B279: =COUNT(O5:O274) -> 270
A281: Source: the lab file Heart-Disease (270,13,2).csv — first line "270,13,2" (objects, features, classes), 270 object lines, last line = type flags (the Statlog Heart data).
A282: Type flags as in the file: x₁, x₄, x₅, x₈, x₁₀, x₁₂ quantitative (6); x₂, x₃, x₆, x₇, x₉, x₁₁, x₁₃ nominal (7) — the same as in Heart-Disease (10, 13, 2), whose 10 objects are rows 1–10 here.
A283: The article (§3) counts 7 quantitative and 6 nominal features (probably x₁₁, the ordered slope, as quantitative); this workbook keeps the file’s flags.

Sheet Dataset
A1: Dataset · Heart-Disease (7, 13, 2) — the 7 objects selected from Heart-Disease (270, 13, 2) for the ERDR experiment
A3: Selected objects S₁ … S₇ (source rows in ascending order) · values are read from “Source Dataset (270)” — type another source row to try another object
A4: № | B4: Source row | C4: x₁ | D4: x₂ | E4: x₃ | F4: x₄ | G4: x₅ | H4: x₆ | I4: x₇ | J4: x₈ | K4: x₉ | L4: x₁₀ | M4: x₁₁ | N4: x₁₂ | O4: x₁₃ | P4: Class
A5: S₁ | B5: 1 | C5: =INDEX('Source Dataset (270)'!B$5:B$274,$B5) -> 70 | D5: =INDEX('Source Dataset (270)'!C$5:C$274,$B5) -> 1 | E5: =INDEX('Source Dataset (270)'!D$5:D$274,$B5) -> 4 | F5: =INDEX('Source Dataset (270)'!E$5:E$274,$B5) -> 130 | G5: =INDEX('Source Dataset (270)'!F$5:F$274,$B5) -> 322 | H5: =INDEX('Source Dataset (270)'!G$5:G$274,$B5) -> 0 | I5: =INDEX('Source Dataset (270)'!H$5:H$274,$B5) -> 2 | J5: =INDEX('Source Dataset (270)'!I$5:I$274,$B5) -> 109 | ... O5: =INDEX('Source Dataset (270)'!N$5:N$274,$B5) -> 3 | P5: =INDEX('Source Dataset (270)'!$O$5:$O$274,$B5) -> 2
A6: S₂ | B6: 10 | C6: =INDEX('Source Dataset (270)'!B$5:B$274,$B6) -> 63 | D6: =INDEX('Source Dataset (270)'!C$5:C$274,$B6) -> 0 | E6: =INDEX('Source Dataset (270)'!D$5:D$274,$B6) -> 4 | F6: =INDEX('Source Dataset (270)'!E$5:E$274,$B6) -> 150 | G6: =INDEX('Source Dataset (270)'!F$5:F$274,$B6) -> 407 | H6: =INDEX('Source Dataset (270)'!G$5:G$274,$B6) -> 0 | I6: =INDEX('Source Dataset (270)'!H$5:H$274,$B6) -> 2 | J6: =INDEX('Source Dataset (270)'!I$5:I$274,$B6) -> 154 | ... O6: =INDEX('Source Dataset (270)'!N$5:N$274,$B6) -> 7 | P6: =INDEX('Source Dataset (270)'!$O$5:$O$274,$B6) -> 2
A7: S₃ | B7: 73 | C7: =INDEX('Source Dataset (270)'!B$5:B$274,$B7) -> 70 | D7: =INDEX('Source Dataset (270)'!C$5:C$274,$B7) -> 1 | E7: =INDEX('Source Dataset (270)'!D$5:D$274,$B7) -> 2 | F7: =INDEX('Source Dataset (270)'!E$5:E$274,$B7) -> 156 | G7: =INDEX('Source Dataset (270)'!F$5:F$274,$B7) -> 245 | H7: =INDEX('Source Dataset (270)'!G$5:G$274,$B7) -> 0 | I7: =INDEX('Source Dataset (270)'!H$5:H$274,$B7) -> 2 | J7: =INDEX('Source Dataset (270)'!I$5:I$274,$B7) -> 143 | ... O7: =INDEX('Source Dataset (270)'!N$5:N$274,$B7) -> 3 | P7: =INDEX('Source Dataset (270)'!$O$5:$O$274,$B7) -> 1
A8: S₄ | B8: 143 | C8: =INDEX('Source Dataset (270)'!B$5:B$274,$B8) -> 50 | D8: =INDEX('Source Dataset (270)'!C$5:C$274,$B8) -> 1 | E8: =INDEX('Source Dataset (270)'!D$5:D$274,$B8) -> 3 | F8: =INDEX('Source Dataset (270)'!E$5:E$274,$B8) -> 140 | G8: =INDEX('Source Dataset (270)'!F$5:F$274,$B8) -> 233 | H8: =INDEX('Source Dataset (270)'!G$5:G$274,$B8) -> 0 | I8: =INDEX('Source Dataset (270)'!H$5:H$274,$B8) -> 0 | J8: =INDEX('Source Dataset (270)'!I$5:I$274,$B8) -> 163 | ... O8: =INDEX('Source Dataset (270)'!N$5:N$274,$B8) -> 7 | P8: =INDEX('Source Dataset (270)'!$O$5:$O$274,$B8) -> 2
A9: S₅ | B9: 224 | C9: =INDEX('Source Dataset (270)'!B$5:B$274,$B9) -> 63 | D9: =INDEX('Source Dataset (270)'!C$5:C$274,$B9) -> 1 | E9: =INDEX('Source Dataset (270)'!D$5:D$274,$B9) -> 4 | F9: =INDEX('Source Dataset (270)'!E$5:E$274,$B9) -> 130 | G9: =INDEX('Source Dataset (270)'!F$5:F$274,$B9) -> 330 | H9: =INDEX('Source Dataset (270)'!G$5:G$274,$B9) -> 1 | I9: =INDEX('Source Dataset (270)'!H$5:H$274,$B9) -> 2 | J9: =INDEX('Source Dataset (270)'!I$5:I$274,$B9) -> 132 | ... O9: =INDEX('Source Dataset (270)'!N$5:N$274,$B9) -> 7 | P9: =INDEX('Source Dataset (270)'!$O$5:$O$274,$B9) -> 2
A10: S₆ | B10: 226 | C10: =INDEX('Source Dataset (270)'!B$5:B$274,$B10) -> 41 | D10: =INDEX('Source Dataset (270)'!C$5:C$274,$B10) -> 1 | E10: =INDEX('Source Dataset (270)'!D$5:D$274,$B10) -> 2 | F10: =INDEX('Source Dataset (270)'!E$5:E$274,$B10) -> 135 | G10: =INDEX('Source Dataset (270)'!F$5:F$274,$B10) -> 203 | H10: =INDEX('Source Dataset (270)'!G$5:G$274,$B10) -> 0 | I10: =INDEX('Source Dataset (270)'!H$5:H$274,$B10) -> 0 | J10: =INDEX('Source Dataset (270)'!I$5:I$274,$B10) -> 132 | ... O10: =INDEX('Source Dataset (270)'!N$5:N$274,$B10) -> 6 | P10: =INDEX('Source Dataset (270)'!$O$5:$O$274,$B10) -> 1
A11: S₇ | B11: 239 | C11: =INDEX('Source Dataset (270)'!B$5:B$274,$B11) -> 47 | D11: =INDEX('Source Dataset (270)'!C$5:C$274,$B11) -> 1 | E11: =INDEX('Source Dataset (270)'!D$5:D$274,$B11) -> 3 | F11: =INDEX('Source Dataset (270)'!E$5:E$274,$B11) -> 138 | G11: =INDEX('Source Dataset (270)'!F$5:F$274,$B11) -> 257 | H11: =INDEX('Source Dataset (270)'!G$5:G$274,$B11) -> 0 | I11: =INDEX('Source Dataset (270)'!H$5:H$274,$B11) -> 2 | J11: =INDEX('Source Dataset (270)'!I$5:I$274,$B11) -> 156 | ... O11: =INDEX('Source Dataset (270)'!N$5:N$274,$B11) -> 3 | P11: =INDEX('Source Dataset (270)'!$O$5:$O$274,$B11) -> 1
A12: Type | B12: — | C12: ='Source Dataset (270)'!B$275 -> 1 | D12: ='Source Dataset (270)'!C$275 -> 0 | E12: ='Source Dataset (270)'!D$275 -> 0 | F12: ='Source Dataset (270)'!E$275 -> 1 | G12: ='Source Dataset (270)'!F$275 -> 1 | H12: ='Source Dataset (270)'!G$275 -> 0 | I12: ='Source Dataset (270)'!H$275 -> 0 | J12: ='Source Dataset (270)'!I$275 -> 1 | ... O12: ='Source Dataset (270)'!N$275 -> 0 | P12: 1 = I
A14: Check | B14: =IF(AND(B5<B6,B6<B7,B7<B8,B8<B9,B9<B10,B10<B11,B5>=1,B11<=270),"✓ 7 distinct source rows in ascending order","⚠ the source rows must be distinct, ascending and between 1 and 270") -> ✓ 7 distinct source rows in ascending order
A16: Quantitative features (set I, type 1) with class — view of the table above
A17: № | B17: Source row | C17: x₁ | D17: x₄ | E17: x₅ | F17: x₈ | G17: x₁₀ | H17: x₁₂ | I17: Class
A18: S₁ | B18: =B5 -> 1 | C18: =C5 -> 70 | D18: =F5 -> 130 | E18: =G5 -> 322 | F18: =J5 -> 109 | G18: =L5 -> 2.4 | H18: =N5 -> 3 | I18: =P5 -> 2
A19: S₂ | B19: =B6 -> 10 | C19: =C6 -> 63 | D19: =F6 -> 150 | E19: =G6 -> 407 | F19: =J6 -> 154 | G19: =L6 -> 4 | H19: =N6 -> 3 | I19: =P6 -> 2
A20: S₃ | B20: =B7 -> 73 | C20: =C7 -> 70 | D20: =F7 -> 156 | E20: =G7 -> 245 | F20: =J7 -> 143 | G20: =L7 -> 0 | H20: =N7 -> 0 | I20: =P7 -> 1
A21: S₄ | B21: =B8 -> 143 | C21: =C8 -> 50 | D21: =F8 -> 140 | E21: =G8 -> 233 | F21: =J8 -> 163 | G21: =L8 -> 0.6 | H21: =N8 -> 1 | I21: =P8 -> 2
A22: S₅ | B22: =B9 -> 224 | C22: =C9 -> 63 | D22: =F9 -> 130 | E22: =G9 -> 330 | F22: =J9 -> 132 | G22: =L9 -> 1.8 | H22: =N9 -> 3 | I22: =P9 -> 2
A23: S₆ | B23: =B10 -> 226 | C23: =C10 -> 41 | D23: =F10 -> 135 | E23: =G10 -> 203 | F23: =J10 -> 132 | G23: =L10 -> 0 | H23: =N10 -> 0 | I23: =P10 -> 1
A24: S₇ | B24: =B11 -> 239 | C24: =C11 -> 47 | D24: =F11 -> 138 | E24: =G11 -> 257 | F24: =J11 -> 156 | G24: =L11 -> 0 | H24: =N11 -> 0 | I24: =P11 -> 1
A27: Nominal features (set J, type 0) with class — view of the table above
A28: № | B28: Source row | C28: x₂ | D28: x₃ | E28: x₆ | F28: x₇ | G28: x₉ | H28: x₁₁ | I28: x₁₃ | J28: Class
A29: S₁ | B29: =B5 -> 1 | C29: =D5 -> 1 | D29: =E5 -> 4 | E29: =H5 -> 0 | F29: =I5 -> 2 | G29: =K5 -> 0 | H29: =M5 -> 2 | I29: =O5 -> 3 | J29: =P5 -> 2
A30: S₂ | B30: =B6 -> 10 | C30: =D6 -> 0 | D30: =E6 -> 4 | E30: =H6 -> 0 | F30: =I6 -> 2 | G30: =K6 -> 0 | H30: =M6 -> 2 | I30: =O6 -> 7 | J30: =P6 -> 2
A31: S₃ | B31: =B7 -> 73 | C31: =D7 -> 1 | D31: =E7 -> 2 | E31: =H7 -> 0 | F31: =I7 -> 2 | G31: =K7 -> 0 | H31: =M7 -> 1 | I31: =O7 -> 3 | J31: =P7 -> 1
A32: S₄ | B32: =B8 -> 143 | C32: =D8 -> 1 | D32: =E8 -> 3 | E32: =H8 -> 0 | F32: =I8 -> 0 | G32: =K8 -> 0 | H32: =M8 -> 2 | I32: =O8 -> 7 | J32: =P8 -> 2
A33: S₅ | B33: =B9 -> 224 | C33: =D9 -> 1 | D33: =E9 -> 4 | E33: =H9 -> 1 | F33: =I9 -> 2 | G33: =K9 -> 1 | H33: =M9 -> 1 | I33: =O9 -> 7 | J33: =P9 -> 2
A34: S₆ | B34: =B10 -> 226 | C34: =D10 -> 1 | D34: =E10 -> 2 | E34: =H10 -> 0 | F34: =I10 -> 0 | G34: =K10 -> 0 | H34: =M10 -> 2 | I34: =O10 -> 6 | J34: =P10 -> 1
A35: S₇ | B35: =B11 -> 239 | C35: =D11 -> 1 | D35: =E11 -> 3 | E35: =H11 -> 0 | F35: =I11 -> 2 | G35: =K11 -> 0 | H35: =M11 -> 1 | I35: =O11 -> 3 | J35: =P11 -> 1
A38: Source rows 1 and 10 are S₁ and S₁₀ of the earlier Heart-Disease (10, 13, 2) experiment; here they are S₁ and S₂.
A39: The two lower tables split the features by the type flags of the source file (6 quantitative, 7 nominal); every calculation uses the Type row above.
A40: Why exactly these 7 objects: the smallest sample in which every case of the ERDR algorithm occurs — see “Object Selection” and “Case Checklist”.

Sheet Normalized Dataset
A1: Step 0 · Scale unification — quantitative features mapped to [0, 1], nominal features unchanged (required by the Zhuravlev metric)
A3: Heart-Disease (7, 13, 2) after x′ = (x − min) / (max − min) for type 1 (min and max over the 7 objects)
A4: № | B4: x₁ | C4: x₂ | D4: x₃ | E4: x₄ | F4: x₅ | G4: x₆ | H4: x₇ | I4: x₈ | J4: x₉ | K4: x₁₀ | L4: x₁₁ | M4: x₁₂ | N4: x₁₃ | O4: Class
A5: S₁ | B5: =IF('Dataset'!C$12=1,IF(MAX('Dataset'!C$5:C$11)=MIN('Dataset'!C$5:C$11),0,('Dataset'!C5-MIN('Dataset'!C$5:C$11))/(MAX('Dataset'!C$5:C$11)-MIN('Dataset'!C$5:C$11))),'Dataset'!C5) -> 1 | C5: =IF('Dataset'!D$12=1,IF(MAX('Dataset'!D$5:D$11)=MIN('Dataset'!D$5:D$11),0,('Dataset'!D5-MIN('Dataset'!D$5:D$11))/(MAX('Dataset'!D$5:D$11)-MIN('Dataset'!D$5:D$11))),'Dataset'!D5) -> 1 | D5: =IF('Dataset'!E$12=1,IF(MAX('Dataset'!E$5:E$11)=MIN('Dataset'!E$5:E$11),0,('Dataset'!E5-MIN('Dataset'!E$5:E$11))/(MAX('Dataset'!E$5:E$11)-MIN('Dataset'!E$5:E$11))),'Dataset'!E5) -> 4 | E5: =IF('Dataset'!F$12=1,IF(MAX('Dataset'!F$5:F$11)=MIN('Dataset'!F$5:F$11),0,('Dataset'!F5-MIN('Dataset'!F$5:F$11))/(MAX('Dataset'!F$5:F$11)-MIN('Dataset'!F$5:F$11))),'Dataset'!F5) -> 0 | F5: =IF('Dataset'!G$12=1,IF(MAX('Dataset'!G$5:G$11)=MIN('Dataset'!G$5:G$11),0,('Dataset'!G5-MIN('Dataset'!G$5:G$11))/(MAX('Dataset'!G$5:G$11)-MIN('Dataset'!G$5:G$11))),'Dataset'!G5) -> 0.58333333 | G5: =IF('Dataset'!H$12=1,IF(MAX('Dataset'!H$5:H$11)=MIN('Dataset'!H$5:H$11),0,('Dataset'!H5-MIN('Dataset'!H$5:H$11))/(MAX('Dataset'!H$5:H$11)-MIN('Dataset'!H$5:H$11))),'Dataset'!H5) -> 0 | H5: =IF('Dataset'!I$12=1,IF(MAX('Dataset'!I$5:I$11)=MIN('Dataset'!I$5:I$11),0,('Dataset'!I5-MIN('Dataset'!I$5:I$11))/(MAX('Dataset'!I$5:I$11)-MIN('Dataset'!I$5:I$11))),'Dataset'!I5) -> 2 | I5: =IF('Dataset'!J$12=1,IF(MAX('Dataset'!J$5:J$11)=MIN('Dataset'!J$5:J$11),0,('Dataset'!J5-MIN('Dataset'!J$5:J$11))/(MAX('Dataset'!J$5:J$11)-MIN('Dataset'!J$5:J$11))),'Dataset'!J5) -> 0 | ... N5: =IF('Dataset'!O$12=1,IF(MAX('Dataset'!O$5:O$11)=MIN('Dataset'!O$5:O$11),0,('Dataset'!O5-MIN('Dataset'!O$5:O$11))/(MAX('Dataset'!O$5:O$11)-MIN('Dataset'!O$5:O$11))),'Dataset'!O5) -> 3 | O5: ='Dataset'!P5 -> 2
A6: S₂ | B6: =IF('Dataset'!C$12=1,IF(MAX('Dataset'!C$5:C$11)=MIN('Dataset'!C$5:C$11),0,('Dataset'!C6-MIN('Dataset'!C$5:C$11))/(MAX('Dataset'!C$5:C$11)-MIN('Dataset'!C$5:C$11))),'Dataset'!C6) -> 0.75862069 | C6: =IF('Dataset'!D$12=1,IF(MAX('Dataset'!D$5:D$11)=MIN('Dataset'!D$5:D$11),0,('Dataset'!D6-MIN('Dataset'!D$5:D$11))/(MAX('Dataset'!D$5:D$11)-MIN('Dataset'!D$5:D$11))),'Dataset'!D6) -> 0 | D6: =IF('Dataset'!E$12=1,IF(MAX('Dataset'!E$5:E$11)=MIN('Dataset'!E$5:E$11),0,('Dataset'!E6-MIN('Dataset'!E$5:E$11))/(MAX('Dataset'!E$5:E$11)-MIN('Dataset'!E$5:E$11))),'Dataset'!E6) -> 4 | E6: =IF('Dataset'!F$12=1,IF(MAX('Dataset'!F$5:F$11)=MIN('Dataset'!F$5:F$11),0,('Dataset'!F6-MIN('Dataset'!F$5:F$11))/(MAX('Dataset'!F$5:F$11)-MIN('Dataset'!F$5:F$11))),'Dataset'!F6) -> 0.76923077 | F6: =IF('Dataset'!G$12=1,IF(MAX('Dataset'!G$5:G$11)=MIN('Dataset'!G$5:G$11),0,('Dataset'!G6-MIN('Dataset'!G$5:G$11))/(MAX('Dataset'!G$5:G$11)-MIN('Dataset'!G$5:G$11))),'Dataset'!G6) -> 1 | G6: =IF('Dataset'!H$12=1,IF(MAX('Dataset'!H$5:H$11)=MIN('Dataset'!H$5:H$11),0,('Dataset'!H6-MIN('Dataset'!H$5:H$11))/(MAX('Dataset'!H$5:H$11)-MIN('Dataset'!H$5:H$11))),'Dataset'!H6) -> 0 | H6: =IF('Dataset'!I$12=1,IF(MAX('Dataset'!I$5:I$11)=MIN('Dataset'!I$5:I$11),0,('Dataset'!I6-MIN('Dataset'!I$5:I$11))/(MAX('Dataset'!I$5:I$11)-MIN('Dataset'!I$5:I$11))),'Dataset'!I6) -> 2 | I6: =IF('Dataset'!J$12=1,IF(MAX('Dataset'!J$5:J$11)=MIN('Dataset'!J$5:J$11),0,('Dataset'!J6-MIN('Dataset'!J$5:J$11))/(MAX('Dataset'!J$5:J$11)-MIN('Dataset'!J$5:J$11))),'Dataset'!J6) -> 0.83333333 | ... N6: =IF('Dataset'!O$12=1,IF(MAX('Dataset'!O$5:O$11)=MIN('Dataset'!O$5:O$11),0,('Dataset'!O6-MIN('Dataset'!O$5:O$11))/(MAX('Dataset'!O$5:O$11)-MIN('Dataset'!O$5:O$11))),'Dataset'!O6) -> 7 | O6: ='Dataset'!P6 -> 2
A7: S₃ | B7: =IF('Dataset'!C$12=1,IF(MAX('Dataset'!C$5:C$11)=MIN('Dataset'!C$5:C$11),0,('Dataset'!C7-MIN('Dataset'!C$5:C$11))/(MAX('Dataset'!C$5:C$11)-MIN('Dataset'!C$5:C$11))),'Dataset'!C7) -> 1 | C7: =IF('Dataset'!D$12=1,IF(MAX('Dataset'!D$5:D$11)=MIN('Dataset'!D$5:D$11),0,('Dataset'!D7-MIN('Dataset'!D$5:D$11))/(MAX('Dataset'!D$5:D$11)-MIN('Dataset'!D$5:D$11))),'Dataset'!D7) -> 1 | D7: =IF('Dataset'!E$12=1,IF(MAX('Dataset'!E$5:E$11)=MIN('Dataset'!E$5:E$11),0,('Dataset'!E7-MIN('Dataset'!E$5:E$11))/(MAX('Dataset'!E$5:E$11)-MIN('Dataset'!E$5:E$11))),'Dataset'!E7) -> 2 | E7: =IF('Dataset'!F$12=1,IF(MAX('Dataset'!F$5:F$11)=MIN('Dataset'!F$5:F$11),0,('Dataset'!F7-MIN('Dataset'!F$5:F$11))/(MAX('Dataset'!F$5:F$11)-MIN('Dataset'!F$5:F$11))),'Dataset'!F7) -> 1 | F7: =IF('Dataset'!G$12=1,IF(MAX('Dataset'!G$5:G$11)=MIN('Dataset'!G$5:G$11),0,('Dataset'!G7-MIN('Dataset'!G$5:G$11))/(MAX('Dataset'!G$5:G$11)-MIN('Dataset'!G$5:G$11))),'Dataset'!G7) -> 0.20588235 | G7: =IF('Dataset'!H$12=1,IF(MAX('Dataset'!H$5:H$11)=MIN('Dataset'!H$5:H$11),0,('Dataset'!H7-MIN('Dataset'!H$5:H$11))/(MAX('Dataset'!H$5:H$11)-MIN('Dataset'!H$5:H$11))),'Dataset'!H7) -> 0 | H7: =IF('Dataset'!I$12=1,IF(MAX('Dataset'!I$5:I$11)=MIN('Dataset'!I$5:I$11),0,('Dataset'!I7-MIN('Dataset'!I$5:I$11))/(MAX('Dataset'!I$5:I$11)-MIN('Dataset'!I$5:I$11))),'Dataset'!I7) -> 2 | I7: =IF('Dataset'!J$12=1,IF(MAX('Dataset'!J$5:J$11)=MIN('Dataset'!J$5:J$11),0,('Dataset'!J7-MIN('Dataset'!J$5:J$11))/(MAX('Dataset'!J$5:J$11)-MIN('Dataset'!J$5:J$11))),'Dataset'!J7) -> 0.62962963 | ... N7: =IF('Dataset'!O$12=1,IF(MAX('Dataset'!O$5:O$11)=MIN('Dataset'!O$5:O$11),0,('Dataset'!O7-MIN('Dataset'!O$5:O$11))/(MAX('Dataset'!O$5:O$11)-MIN('Dataset'!O$5:O$11))),'Dataset'!O7) -> 3 | O7: ='Dataset'!P7 -> 1
A8: S₄ | B8: =IF('Dataset'!C$12=1,IF(MAX('Dataset'!C$5:C$11)=MIN('Dataset'!C$5:C$11),0,('Dataset'!C8-MIN('Dataset'!C$5:C$11))/(MAX('Dataset'!C$5:C$11)-MIN('Dataset'!C$5:C$11))),'Dataset'!C8) -> 0.31034483 | C8: =IF('Dataset'!D$12=1,IF(MAX('Dataset'!D$5:D$11)=MIN('Dataset'!D$5:D$11),0,('Dataset'!D8-MIN('Dataset'!D$5:D$11))/(MAX('Dataset'!D$5:D$11)-MIN('Dataset'!D$5:D$11))),'Dataset'!D8) -> 1 | D8: =IF('Dataset'!E$12=1,IF(MAX('Dataset'!E$5:E$11)=MIN('Dataset'!E$5:E$11),0,('Dataset'!E8-MIN('Dataset'!E$5:E$11))/(MAX('Dataset'!E$5:E$11)-MIN('Dataset'!E$5:E$11))),'Dataset'!E8) -> 3 | E8: =IF('Dataset'!F$12=1,IF(MAX('Dataset'!F$5:F$11)=MIN('Dataset'!F$5:F$11),0,('Dataset'!F8-MIN('Dataset'!F$5:F$11))/(MAX('Dataset'!F$5:F$11)-MIN('Dataset'!F$5:F$11))),'Dataset'!F8) -> 0.38461538 | F8: =IF('Dataset'!G$12=1,IF(MAX('Dataset'!G$5:G$11)=MIN('Dataset'!G$5:G$11),0,('Dataset'!G8-MIN('Dataset'!G$5:G$11))/(MAX('Dataset'!G$5:G$11)-MIN('Dataset'!G$5:G$11))),'Dataset'!G8) -> 0.14705882 | G8: =IF('Dataset'!H$12=1,IF(MAX('Dataset'!H$5:H$11)=MIN('Dataset'!H$5:H$11),0,('Dataset'!H8-MIN('Dataset'!H$5:H$11))/(MAX('Dataset'!H$5:H$11)-MIN('Dataset'!H$5:H$11))),'Dataset'!H8) -> 0 | H8: =IF('Dataset'!I$12=1,IF(MAX('Dataset'!I$5:I$11)=MIN('Dataset'!I$5:I$11),0,('Dataset'!I8-MIN('Dataset'!I$5:I$11))/(MAX('Dataset'!I$5:I$11)-MIN('Dataset'!I$5:I$11))),'Dataset'!I8) -> 0 | I8: =IF('Dataset'!J$12=1,IF(MAX('Dataset'!J$5:J$11)=MIN('Dataset'!J$5:J$11),0,('Dataset'!J8-MIN('Dataset'!J$5:J$11))/(MAX('Dataset'!J$5:J$11)-MIN('Dataset'!J$5:J$11))),'Dataset'!J8) -> 1 | ... N8: =IF('Dataset'!O$12=1,IF(MAX('Dataset'!O$5:O$11)=MIN('Dataset'!O$5:O$11),0,('Dataset'!O8-MIN('Dataset'!O$5:O$11))/(MAX('Dataset'!O$5:O$11)-MIN('Dataset'!O$5:O$11))),'Dataset'!O8) -> 7 | O8: ='Dataset'!P8 -> 2
A9: S₅ | B9: =IF('Dataset'!C$12=1,IF(MAX('Dataset'!C$5:C$11)=MIN('Dataset'!C$5:C$11),0,('Dataset'!C9-MIN('Dataset'!C$5:C$11))/(MAX('Dataset'!C$5:C$11)-MIN('Dataset'!C$5:C$11))),'Dataset'!C9) -> 0.75862069 | C9: =IF('Dataset'!D$12=1,IF(MAX('Dataset'!D$5:D$11)=MIN('Dataset'!D$5:D$11),0,('Dataset'!D9-MIN('Dataset'!D$5:D$11))/(MAX('Dataset'!D$5:D$11)-MIN('Dataset'!D$5:D$11))),'Dataset'!D9) -> 1 | D9: =IF('Dataset'!E$12=1,IF(MAX('Dataset'!E$5:E$11)=MIN('Dataset'!E$5:E$11),0,('Dataset'!E9-MIN('Dataset'!E$5:E$11))/(MAX('Dataset'!E$5:E$11)-MIN('Dataset'!E$5:E$11))),'Dataset'!E9) -> 4 | E9: =IF('Dataset'!F$12=1,IF(MAX('Dataset'!F$5:F$11)=MIN('Dataset'!F$5:F$11),0,('Dataset'!F9-MIN('Dataset'!F$5:F$11))/(MAX('Dataset'!F$5:F$11)-MIN('Dataset'!F$5:F$11))),'Dataset'!F9) -> 0 | F9: =IF('Dataset'!G$12=1,IF(MAX('Dataset'!G$5:G$11)=MIN('Dataset'!G$5:G$11),0,('Dataset'!G9-MIN('Dataset'!G$5:G$11))/(MAX('Dataset'!G$5:G$11)-MIN('Dataset'!G$5:G$11))),'Dataset'!G9) -> 0.62254902 | G9: =IF('Dataset'!H$12=1,IF(MAX('Dataset'!H$5:H$11)=MIN('Dataset'!H$5:H$11),0,('Dataset'!H9-MIN('Dataset'!H$5:H$11))/(MAX('Dataset'!H$5:H$11)-MIN('Dataset'!H$5:H$11))),'Dataset'!H9) -> 1 | H9: =IF('Dataset'!I$12=1,IF(MAX('Dataset'!I$5:I$11)=MIN('Dataset'!I$5:I$11),0,('Dataset'!I9-MIN('Dataset'!I$5:I$11))/(MAX('Dataset'!I$5:I$11)-MIN('Dataset'!I$5:I$11))),'Dataset'!I9) -> 2 | I9: =IF('Dataset'!J$12=1,IF(MAX('Dataset'!J$5:J$11)=MIN('Dataset'!J$5:J$11),0,('Dataset'!J9-MIN('Dataset'!J$5:J$11))/(MAX('Dataset'!J$5:J$11)-MIN('Dataset'!J$5:J$11))),'Dataset'!J9) -> 0.42592593 | ... N9: =IF('Dataset'!O$12=1,IF(MAX('Dataset'!O$5:O$11)=MIN('Dataset'!O$5:O$11),0,('Dataset'!O9-MIN('Dataset'!O$5:O$11))/(MAX('Dataset'!O$5:O$11)-MIN('Dataset'!O$5:O$11))),'Dataset'!O9) -> 7 | O9: ='Dataset'!P9 -> 2
A10: S₆ | B10: =IF('Dataset'!C$12=1,IF(MAX('Dataset'!C$5:C$11)=MIN('Dataset'!C$5:C$11),0,('Dataset'!C10-MIN('Dataset'!C$5:C$11))/(MAX('Dataset'!C$5:C$11)-MIN('Dataset'!C$5:C$11))),'Dataset'!C10) -> 0 | C10: =IF('Dataset'!D$12=1,IF(MAX('Dataset'!D$5:D$11)=MIN('Dataset'!D$5:D$11),0,('Dataset'!D10-MIN('Dataset'!D$5:D$11))/(MAX('Dataset'!D$5:D$11)-MIN('Dataset'!D$5:D$11))),'Dataset'!D10) -> 1 | D10: =IF('Dataset'!E$12=1,IF(MAX('Dataset'!E$5:E$11)=MIN('Dataset'!E$5:E$11),0,('Dataset'!E10-MIN('Dataset'!E$5:E$11))/(MAX('Dataset'!E$5:E$11)-MIN('Dataset'!E$5:E$11))),'Dataset'!E10) -> 2 | E10: =IF('Dataset'!F$12=1,IF(MAX('Dataset'!F$5:F$11)=MIN('Dataset'!F$5:F$11),0,('Dataset'!F10-MIN('Dataset'!F$5:F$11))/(MAX('Dataset'!F$5:F$11)-MIN('Dataset'!F$5:F$11))),'Dataset'!F10) -> 0.19230769 | F10: =IF('Dataset'!G$12=1,IF(MAX('Dataset'!G$5:G$11)=MIN('Dataset'!G$5:G$11),0,('Dataset'!G10-MIN('Dataset'!G$5:G$11))/(MAX('Dataset'!G$5:G$11)-MIN('Dataset'!G$5:G$11))),'Dataset'!G10) -> 0 | G10: =IF('Dataset'!H$12=1,IF(MAX('Dataset'!H$5:H$11)=MIN('Dataset'!H$5:H$11),0,('Dataset'!H10-MIN('Dataset'!H$5:H$11))/(MAX('Dataset'!H$5:H$11)-MIN('Dataset'!H$5:H$11))),'Dataset'!H10) -> 0 | H10: =IF('Dataset'!I$12=1,IF(MAX('Dataset'!I$5:I$11)=MIN('Dataset'!I$5:I$11),0,('Dataset'!I10-MIN('Dataset'!I$5:I$11))/(MAX('Dataset'!I$5:I$11)-MIN('Dataset'!I$5:I$11))),'Dataset'!I10) -> 0 | I10: =IF('Dataset'!J$12=1,IF(MAX('Dataset'!J$5:J$11)=MIN('Dataset'!J$5:J$11),0,('Dataset'!J10-MIN('Dataset'!J$5:J$11))/(MAX('Dataset'!J$5:J$11)-MIN('Dataset'!J$5:J$11))),'Dataset'!J10) -> 0.42592593 | ... N10: =IF('Dataset'!O$12=1,IF(MAX('Dataset'!O$5:O$11)=MIN('Dataset'!O$5:O$11),0,('Dataset'!O10-MIN('Dataset'!O$5:O$11))/(MAX('Dataset'!O$5:O$11)-MIN('Dataset'!O$5:O$11))),'Dataset'!O10) -> 6 | O10: ='Dataset'!P10 -> 1
A11: S₇ | B11: =IF('Dataset'!C$12=1,IF(MAX('Dataset'!C$5:C$11)=MIN('Dataset'!C$5:C$11),0,('Dataset'!C11-MIN('Dataset'!C$5:C$11))/(MAX('Dataset'!C$5:C$11)-MIN('Dataset'!C$5:C$11))),'Dataset'!C11) -> 0.20689655 | C11: =IF('Dataset'!D$12=1,IF(MAX('Dataset'!D$5:D$11)=MIN('Dataset'!D$5:D$11),0,('Dataset'!D11-MIN('Dataset'!D$5:D$11))/(MAX('Dataset'!D$5:D$11)-MIN('Dataset'!D$5:D$11))),'Dataset'!D11) -> 1 | D11: =IF('Dataset'!E$12=1,IF(MAX('Dataset'!E$5:E$11)=MIN('Dataset'!E$5:E$11),0,('Dataset'!E11-MIN('Dataset'!E$5:E$11))/(MAX('Dataset'!E$5:E$11)-MIN('Dataset'!E$5:E$11))),'Dataset'!E11) -> 3 | E11: =IF('Dataset'!F$12=1,IF(MAX('Dataset'!F$5:F$11)=MIN('Dataset'!F$5:F$11),0,('Dataset'!F11-MIN('Dataset'!F$5:F$11))/(MAX('Dataset'!F$5:F$11)-MIN('Dataset'!F$5:F$11))),'Dataset'!F11) -> 0.30769231 | F11: =IF('Dataset'!G$12=1,IF(MAX('Dataset'!G$5:G$11)=MIN('Dataset'!G$5:G$11),0,('Dataset'!G11-MIN('Dataset'!G$5:G$11))/(MAX('Dataset'!G$5:G$11)-MIN('Dataset'!G$5:G$11))),'Dataset'!G11) -> 0.26470588 | G11: =IF('Dataset'!H$12=1,IF(MAX('Dataset'!H$5:H$11)=MIN('Dataset'!H$5:H$11),0,('Dataset'!H11-MIN('Dataset'!H$5:H$11))/(MAX('Dataset'!H$5:H$11)-MIN('Dataset'!H$5:H$11))),'Dataset'!H11) -> 0 | H11: =IF('Dataset'!I$12=1,IF(MAX('Dataset'!I$5:I$11)=MIN('Dataset'!I$5:I$11),0,('Dataset'!I11-MIN('Dataset'!I$5:I$11))/(MAX('Dataset'!I$5:I$11)-MIN('Dataset'!I$5:I$11))),'Dataset'!I11) -> 2 | I11: =IF('Dataset'!J$12=1,IF(MAX('Dataset'!J$5:J$11)=MIN('Dataset'!J$5:J$11),0,('Dataset'!J11-MIN('Dataset'!J$5:J$11))/(MAX('Dataset'!J$5:J$11)-MIN('Dataset'!J$5:J$11))),'Dataset'!J11) -> 0.87037037 | ... N11: =IF('Dataset'!O$12=1,IF(MAX('Dataset'!O$5:O$11)=MIN('Dataset'!O$5:O$11),0,('Dataset'!O11-MIN('Dataset'!O$5:O$11))/(MAX('Dataset'!O$5:O$11)-MIN('Dataset'!O$5:O$11))),'Dataset'!O11) -> 3 | O11: ='Dataset'!P11 -> 1
A12: Type | B12: ='Dataset'!C$12 -> 1 | C12: ='Dataset'!D$12 -> 0 | D12: ='Dataset'!E$12 -> 0 | E12: ='Dataset'!F$12 -> 1 | F12: ='Dataset'!G$12 -> 1 | G12: ='Dataset'!H$12 -> 0 | H12: ='Dataset'!I$12 -> 0 | I12: ='Dataset'!J$12 -> 1 | ... N12: ='Dataset'!O$12 -> 0 | O12: 1 = I
A13: min | B13: =IF(B$12=1,MIN('Dataset'!C$5:C$11),"—") -> 41 | C13: =IF(C$12=1,MIN('Dataset'!D$5:D$11),"—") -> — | D13: =IF(D$12=1,MIN('Dataset'!E$5:E$11),"—") -> — | E13: =IF(E$12=1,MIN('Dataset'!F$5:F$11),"—") -> 130 | F13: =IF(F$12=1,MIN('Dataset'!G$5:G$11),"—") -> 203 | G13: =IF(G$12=1,MIN('Dataset'!H$5:H$11),"—") -> — | H13: =IF(H$12=1,MIN('Dataset'!I$5:I$11),"—") -> — | I13: =IF(I$12=1,MIN('Dataset'!J$5:J$11),"—") -> 109 | ... N13: =IF(N$12=1,MIN('Dataset'!O$5:O$11),"—") -> —
A14: max | B14: =IF(B$12=1,MAX('Dataset'!C$5:C$11),"—") -> 70 | C14: =IF(C$12=1,MAX('Dataset'!D$5:D$11),"—") -> — | D14: =IF(D$12=1,MAX('Dataset'!E$5:E$11),"—") -> — | E14: =IF(E$12=1,MAX('Dataset'!F$5:F$11),"—") -> 156 | F14: =IF(F$12=1,MAX('Dataset'!G$5:G$11),"—") -> 407 | G14: =IF(G$12=1,MAX('Dataset'!H$5:H$11),"—") -> — | H14: =IF(H$12=1,MAX('Dataset'!I$5:I$11),"—") -> — | I14: =IF(I$12=1,MAX('Dataset'!J$5:J$11),"—") -> 163 | ... N14: =IF(N$12=1,MAX('Dataset'!O$5:O$11),"—") -> —
A16: Type 1 = quantitative (set I): rescaled with the fractional-linear (min–max) transform; min and max are taken over the selected objects S₁ … S₇.
A17: Type 0 = nominal (set J): the code is kept, because the metric only asks whether two codes are equal.

Sheet Zhuravlev Distances
A1: Step 0 · Pairwise Zhuravlev distances ρ = ρ_I + ρ_J for all objects (row = Sᵢ, column = Sⱼ)
A3: ρ(Sᵢ, Sⱼ) · Zhuravlev distance = quantitative part + nominal part
A4: ρ | B4: S₁ | C4: S₂ | D4: S₃ | E4: S₄ | F4: S₅ | G4: S₆ | H4: S₇
A5: S₁ | B5: =ROUND(B15+B25,10) -> 0 | C5: =ROUND(C15+C25,10) -> 4.6606101 | D5: =ROUND(D15+D25,10) -> 5.6070806 | E5: =ROUND(E15+E25,10) -> 6.6272117 | F5: =ROUND(F15+F25,10) -> 4.8565209 | G5: =ROUND(G15+G25,10) -> 6.801567 | H5: =ROUND(H15+H25,10) -> 5.8897936
A6: S₂ | B6: =ROUND(B16+B26,10) -> 4.6606101 | C6: =ROUND(C16+C26,10) -> 0 | D6: =ROUND(D16+D26,10) -> 7.4699699 | E6: =ROUND(E16+E26,10) -> 6.3691658 | F6: =ROUND(F16+F26,10) -> 6.1040892 | G6: =ROUND(G16+G26,10) -> 8.7429512 | H6: =ROUND(H16+H26,10) -> 7.7855938
A7: S₃ | B7: =ROUND(B17+B27,10) -> 5.6070806 | C7: =ROUND(C17+C27,10) -> 7.4699699 | D7: =ROUND(D17+D27,10) -> 0 | E7: =ROUND(E17+E27,10) -> 6.217567 | F7: =ROUND(F17+F27,10) -> 7.3117497 | G7: =ROUND(G17+G27,10) -> 5.2172784 | H7: =ROUND(H17+H27,10) -> 2.7849754
A8: S₄ | B8: =ROUND(B18+B28,10) -> 6.6272117 | C8: =ROUND(C18+C28,10) -> 6.3691658 | D8: =ROUND(D18+D28,10) -> 6.217567 | E8: =ROUND(E18+E28,10) -> 0 | F8: =ROUND(F18+F28,10) -> 7.8491222 | G8: =ROUND(G18+G28,10) -> 3.7071188 | H8: =ROUND(H18+H28,10) -> 3.9109814
A9: S₅ | B9: =ROUND(B19+B29,10) -> 4.8565209 | C9: =ROUND(C19+C29,10) -> 6.1040892 | D9: =ROUND(D19+D29,10) -> 7.3117497 | E9: =ROUND(E19+E29,10) -> 7.8491222 | F9: =ROUND(F19+F29,10) -> 0 | G9: =ROUND(G19+G29,10) -> 9.0234774 | H9: =ROUND(H19+H29,10) -> 7.111704
A10: S₆ | B10: =ROUND(B20+B30,10) -> 6.801567 | C10: =ROUND(C20+C30,10) -> 8.7429512 | D10: =ROUND(D20+D30,10) -> 5.2172784 | E10: =ROUND(E20+E30,10) -> 3.7071188 | F10: =ROUND(F20+F30,10) -> 9.0234774 | G10: =ROUND(G20+G30,10) -> 0 | H10: =ROUND(H20+H30,10) -> 5.0314315
A11: S₇ | B11: =ROUND(B21+B31,10) -> 5.8897936 | C11: =ROUND(C21+C31,10) -> 7.7855938 | D11: =ROUND(D21+D31,10) -> 2.7849754 | E11: =ROUND(E21+E31,10) -> 3.9109814 | F11: =ROUND(F21+F31,10) -> 7.111704 | G11: =ROUND(G21+G31,10) -> 5.0314315 | H11: =ROUND(H21+H31,10) -> 0
A13: ρ_I · quantitative part Σ(j∈I) |x′ⱼ − y′ⱼ| (Step 0 values)
A14: ρ_I | B14: S₁ | C14: S₂ | D14: S₃ | E14: S₄ | F14: S₅ | G14: S₆ | H14: S₇
A15: S₁ | B15: =ROUND(SUMPRODUCT('Dataset'!$C$12:$O$12,ABS('Normalized Dataset'!$B$5:$N$5-'Normalized Dataset'!$B$5:$N$5)),10) -> 0 | C15: =ROUND(SUMPRODUCT('Dataset'!$C$12:$O$12,ABS('Normalized Dataset'!$B$5:$N$5-'Normalized Dataset'!$B$6:$N$6)),10) -> 2.6606101 | D15: =ROUND(SUMPRODUCT('Dataset'!$C$12:$O$12,ABS('Normalized Dataset'!$B$5:$N$5-'Normalized Dataset'!$B$7:$N$7)),10) -> 3.6070806 | E15: =ROUND(SUMPRODUCT('Dataset'!$C$12:$O$12,ABS('Normalized Dataset'!$B$5:$N$5-'Normalized Dataset'!$B$8:$N$8)),10) -> 3.6272117 | F15: =ROUND(SUMPRODUCT('Dataset'!$C$12:$O$12,ABS('Normalized Dataset'!$B$5:$N$5-'Normalized Dataset'!$B$9:$N$9)),10) -> 0.85652092 | G15: =ROUND(SUMPRODUCT('Dataset'!$C$12:$O$12,ABS('Normalized Dataset'!$B$5:$N$5-'Normalized Dataset'!$B$10:$N$10)),10) -> 3.801567 | H15: =ROUND(SUMPRODUCT('Dataset'!$C$12:$O$12,ABS('Normalized Dataset'!$B$5:$N$5-'Normalized Dataset'!$B$11:$N$11)),10) -> 3.8897936
A16: S₂ | B16: =ROUND(SUMPRODUCT('Dataset'!$C$12:$O$12,ABS('Normalized Dataset'!$B$6:$N$6-'Normalized Dataset'!$B$5:$N$5)),10) -> 2.6606101 | C16: =ROUND(SUMPRODUCT('Dataset'!$C$12:$O$12,ABS('Normalized Dataset'!$B$6:$N$6-'Normalized Dataset'!$B$6:$N$6)),10) -> 0 | D16: =ROUND(SUMPRODUCT('Dataset'!$C$12:$O$12,ABS('Normalized Dataset'!$B$6:$N$6-'Normalized Dataset'!$B$7:$N$7)),10) -> 3.4699699 | E16: =ROUND(SUMPRODUCT('Dataset'!$C$12:$O$12,ABS('Normalized Dataset'!$B$6:$N$6-'Normalized Dataset'!$B$8:$N$8)),10) -> 3.3691658 | F16: =ROUND(SUMPRODUCT('Dataset'!$C$12:$O$12,ABS('Normalized Dataset'!$B$6:$N$6-'Normalized Dataset'!$B$9:$N$9)),10) -> 2.1040892 | G16: =ROUND(SUMPRODUCT('Dataset'!$C$12:$O$12,ABS('Normalized Dataset'!$B$6:$N$6-'Normalized Dataset'!$B$10:$N$10)),10) -> 4.7429512 | H16: =ROUND(SUMPRODUCT('Dataset'!$C$12:$O$12,ABS('Normalized Dataset'!$B$6:$N$6-'Normalized Dataset'!$B$11:$N$11)),10) -> 3.7855938
A17: S₃ | B17: =ROUND(SUMPRODUCT('Dataset'!$C$12:$O$12,ABS('Normalized Dataset'!$B$7:$N$7-'Normalized Dataset'!$B$5:$N$5)),10) -> 3.6070806 | C17: =ROUND(SUMPRODUCT('Dataset'!$C$12:$O$12,ABS('Normalized Dataset'!$B$7:$N$7-'Normalized Dataset'!$B$6:$N$6)),10) -> 3.4699699 | D17: =ROUND(SUMPRODUCT('Dataset'!$C$12:$O$12,ABS('Normalized Dataset'!$B$7:$N$7-'Normalized Dataset'!$B$7:$N$7)),10) -> 0 | E17: =ROUND(SUMPRODUCT('Dataset'!$C$12:$O$12,ABS('Normalized Dataset'!$B$7:$N$7-'Normalized Dataset'!$B$8:$N$8)),10) -> 2.217567 | F17: =ROUND(SUMPRODUCT('Dataset'!$C$12:$O$12,ABS('Normalized Dataset'!$B$7:$N$7-'Normalized Dataset'!$B$9:$N$9)),10) -> 3.3117497 | G17: =ROUND(SUMPRODUCT('Dataset'!$C$12:$O$12,ABS('Normalized Dataset'!$B$7:$N$7-'Normalized Dataset'!$B$10:$N$10)),10) -> 2.2172784 | H17: =ROUND(SUMPRODUCT('Dataset'!$C$12:$O$12,ABS('Normalized Dataset'!$B$7:$N$7-'Normalized Dataset'!$B$11:$N$11)),10) -> 1.7849754
A18: S₄ | B18: =ROUND(SUMPRODUCT('Dataset'!$C$12:$O$12,ABS('Normalized Dataset'!$B$8:$N$8-'Normalized Dataset'!$B$5:$N$5)),10) -> 3.6272117 | C18: =ROUND(SUMPRODUCT('Dataset'!$C$12:$O$12,ABS('Normalized Dataset'!$B$8:$N$8-'Normalized Dataset'!$B$6:$N$6)),10) -> 3.3691658 | D18: =ROUND(SUMPRODUCT('Dataset'!$C$12:$O$12,ABS('Normalized Dataset'!$B$8:$N$8-'Normalized Dataset'!$B$7:$N$7)),10) -> 2.217567 | E18: =ROUND(SUMPRODUCT('Dataset'!$C$12:$O$12,ABS('Normalized Dataset'!$B$8:$N$8-'Normalized Dataset'!$B$8:$N$8)),10) -> 0 | F18: =ROUND(SUMPRODUCT('Dataset'!$C$12:$O$12,ABS('Normalized Dataset'!$B$8:$N$8-'Normalized Dataset'!$B$9:$N$9)),10) -> 2.8491222 | G18: =ROUND(SUMPRODUCT('Dataset'!$C$12:$O$12,ABS('Normalized Dataset'!$B$8:$N$8-'Normalized Dataset'!$B$10:$N$10)),10) -> 1.7071188 | H18: =ROUND(SUMPRODUCT('Dataset'!$C$12:$O$12,ABS('Normalized Dataset'!$B$8:$N$8-'Normalized Dataset'!$B$11:$N$11)),10) -> 0.91098137
A19: S₅ | B19: =ROUND(SUMPRODUCT('Dataset'!$C$12:$O$12,ABS('Normalized Dataset'!$B$9:$N$9-'Normalized Dataset'!$B$5:$N$5)),10) -> 0.85652092 | C19: =ROUND(SUMPRODUCT('Dataset'!$C$12:$O$12,ABS('Normalized Dataset'!$B$9:$N$9-'Normalized Dataset'!$B$6:$N$6)),10) -> 2.1040892 | D19: =ROUND(SUMPRODUCT('Dataset'!$C$12:$O$12,ABS('Normalized Dataset'!$B$9:$N$9-'Normalized Dataset'!$B$7:$N$7)),10) -> 3.3117497 | E19: =ROUND(SUMPRODUCT('Dataset'!$C$12:$O$12,ABS('Normalized Dataset'!$B$9:$N$9-'Normalized Dataset'!$B$8:$N$8)),10) -> 2.8491222 | F19: =ROUND(SUMPRODUCT('Dataset'!$C$12:$O$12,ABS('Normalized Dataset'!$B$9:$N$9-'Normalized Dataset'!$B$9:$N$9)),10) -> 0 | G19: =ROUND(SUMPRODUCT('Dataset'!$C$12:$O$12,ABS('Normalized Dataset'!$B$9:$N$9-'Normalized Dataset'!$B$10:$N$10)),10) -> 3.0234774 | H19: =ROUND(SUMPRODUCT('Dataset'!$C$12:$O$12,ABS('Normalized Dataset'!$B$9:$N$9-'Normalized Dataset'!$B$11:$N$11)),10) -> 3.111704
A20: S₆ | B20: =ROUND(SUMPRODUCT('Dataset'!$C$12:$O$12,ABS('Normalized Dataset'!$B$10:$N$10-'Normalized Dataset'!$B$5:$N$5)),10) -> 3.801567 | C20: =ROUND(SUMPRODUCT('Dataset'!$C$12:$O$12,ABS('Normalized Dataset'!$B$10:$N$10-'Normalized Dataset'!$B$6:$N$6)),10) -> 4.7429512 | D20: =ROUND(SUMPRODUCT('Dataset'!$C$12:$O$12,ABS('Normalized Dataset'!$B$10:$N$10-'Normalized Dataset'!$B$7:$N$7)),10) -> 2.2172784 | E20: =ROUND(SUMPRODUCT('Dataset'!$C$12:$O$12,ABS('Normalized Dataset'!$B$10:$N$10-'Normalized Dataset'!$B$8:$N$8)),10) -> 1.7071188 | F20: =ROUND(SUMPRODUCT('Dataset'!$C$12:$O$12,ABS('Normalized Dataset'!$B$10:$N$10-'Normalized Dataset'!$B$9:$N$9)),10) -> 3.0234774 | G20: =ROUND(SUMPRODUCT('Dataset'!$C$12:$O$12,ABS('Normalized Dataset'!$B$10:$N$10-'Normalized Dataset'!$B$10:$N$10)),10) -> 0 | H20: =ROUND(SUMPRODUCT('Dataset'!$C$12:$O$12,ABS('Normalized Dataset'!$B$10:$N$10-'Normalized Dataset'!$B$11:$N$11)),10) -> 1.0314315
A21: S₇ | B21: =ROUND(SUMPRODUCT('Dataset'!$C$12:$O$12,ABS('Normalized Dataset'!$B$11:$N$11-'Normalized Dataset'!$B$5:$N$5)),10) -> 3.8897936 | C21: =ROUND(SUMPRODUCT('Dataset'!$C$12:$O$12,ABS('Normalized Dataset'!$B$11:$N$11-'Normalized Dataset'!$B$6:$N$6)),10) -> 3.7855938 | D21: =ROUND(SUMPRODUCT('Dataset'!$C$12:$O$12,ABS('Normalized Dataset'!$B$11:$N$11-'Normalized Dataset'!$B$7:$N$7)),10) -> 1.7849754 | E21: =ROUND(SUMPRODUCT('Dataset'!$C$12:$O$12,ABS('Normalized Dataset'!$B$11:$N$11-'Normalized Dataset'!$B$8:$N$8)),10) -> 0.91098137 | F21: =ROUND(SUMPRODUCT('Dataset'!$C$12:$O$12,ABS('Normalized Dataset'!$B$11:$N$11-'Normalized Dataset'!$B$9:$N$9)),10) -> 3.111704 | G21: =ROUND(SUMPRODUCT('Dataset'!$C$12:$O$12,ABS('Normalized Dataset'!$B$11:$N$11-'Normalized Dataset'!$B$10:$N$10)),10) -> 1.0314315 | H21: =ROUND(SUMPRODUCT('Dataset'!$C$12:$O$12,ABS('Normalized Dataset'!$B$11:$N$11-'Normalized Dataset'!$B$11:$N$11)),10) -> 0
A23: ρ_J · nominal part Σ(j∈J) [xⱼ ≠ yⱼ] (number of nominal features with different codes)
A24: ρ_J | B24: S₁ | C24: S₂ | D24: S₃ | E24: S₄ | F24: S₅ | G24: S₆ | H24: S₇
A25: S₁ | B25: =SUMPRODUCT((1-'Dataset'!$C$12:$O$12)*('Dataset'!$C$5:$O$5<>'Dataset'!$C$5:$O$5)) -> 0 | C25: =SUMPRODUCT((1-'Dataset'!$C$12:$O$12)*('Dataset'!$C$5:$O$5<>'Dataset'!$C$6:$O$6)) -> 2 | D25: =SUMPRODUCT((1-'Dataset'!$C$12:$O$12)*('Dataset'!$C$5:$O$5<>'Dataset'!$C$7:$O$7)) -> 2 | E25: =SUMPRODUCT((1-'Dataset'!$C$12:$O$12)*('Dataset'!$C$5:$O$5<>'Dataset'!$C$8:$O$8)) -> 3 | F25: =SUMPRODUCT((1-'Dataset'!$C$12:$O$12)*('Dataset'!$C$5:$O$5<>'Dataset'!$C$9:$O$9)) -> 4 | G25: =SUMPRODUCT((1-'Dataset'!$C$12:$O$12)*('Dataset'!$C$5:$O$5<>'Dataset'!$C$10:$O$10)) -> 3 | H25: =SUMPRODUCT((1-'Dataset'!$C$12:$O$12)*('Dataset'!$C$5:$O$5<>'Dataset'!$C$11:$O$11)) -> 2
A26: S₂ | B26: =SUMPRODUCT((1-'Dataset'!$C$12:$O$12)*('Dataset'!$C$6:$O$6<>'Dataset'!$C$5:$O$5)) -> 2 | C26: =SUMPRODUCT((1-'Dataset'!$C$12:$O$12)*('Dataset'!$C$6:$O$6<>'Dataset'!$C$6:$O$6)) -> 0 | D26: =SUMPRODUCT((1-'Dataset'!$C$12:$O$12)*('Dataset'!$C$6:$O$6<>'Dataset'!$C$7:$O$7)) -> 4 | E26: =SUMPRODUCT((1-'Dataset'!$C$12:$O$12)*('Dataset'!$C$6:$O$6<>'Dataset'!$C$8:$O$8)) -> 3 | F26: =SUMPRODUCT((1-'Dataset'!$C$12:$O$12)*('Dataset'!$C$6:$O$6<>'Dataset'!$C$9:$O$9)) -> 4 | G26: =SUMPRODUCT((1-'Dataset'!$C$12:$O$12)*('Dataset'!$C$6:$O$6<>'Dataset'!$C$10:$O$10)) -> 4 | H26: =SUMPRODUCT((1-'Dataset'!$C$12:$O$12)*('Dataset'!$C$6:$O$6<>'Dataset'!$C$11:$O$11)) -> 4
A27: S₃ | B27: =SUMPRODUCT((1-'Dataset'!$C$12:$O$12)*('Dataset'!$C$7:$O$7<>'Dataset'!$C$5:$O$5)) -> 2 | C27: =SUMPRODUCT((1-'Dataset'!$C$12:$O$12)*('Dataset'!$C$7:$O$7<>'Dataset'!$C$6:$O$6)) -> 4 | D27: =SUMPRODUCT((1-'Dataset'!$C$12:$O$12)*('Dataset'!$C$7:$O$7<>'Dataset'!$C$7:$O$7)) -> 0 | E27: =SUMPRODUCT((1-'Dataset'!$C$12:$O$12)*('Dataset'!$C$7:$O$7<>'Dataset'!$C$8:$O$8)) -> 4 | F27: =SUMPRODUCT((1-'Dataset'!$C$12:$O$12)*('Dataset'!$C$7:$O$7<>'Dataset'!$C$9:$O$9)) -> 4 | G27: =SUMPRODUCT((1-'Dataset'!$C$12:$O$12)*('Dataset'!$C$7:$O$7<>'Dataset'!$C$10:$O$10)) -> 3 | H27: =SUMPRODUCT((1-'Dataset'!$C$12:$O$12)*('Dataset'!$C$7:$O$7<>'Dataset'!$C$11:$O$11)) -> 1
A28: S₄ | B28: =SUMPRODUCT((1-'Dataset'!$C$12:$O$12)*('Dataset'!$C$8:$O$8<>'Dataset'!$C$5:$O$5)) -> 3 | C28: =SUMPRODUCT((1-'Dataset'!$C$12:$O$12)*('Dataset'!$C$8:$O$8<>'Dataset'!$C$6:$O$6)) -> 3 | D28: =SUMPRODUCT((1-'Dataset'!$C$12:$O$12)*('Dataset'!$C$8:$O$8<>'Dataset'!$C$7:$O$7)) -> 4 | E28: =SUMPRODUCT((1-'Dataset'!$C$12:$O$12)*('Dataset'!$C$8:$O$8<>'Dataset'!$C$8:$O$8)) -> 0 | F28: =SUMPRODUCT((1-'Dataset'!$C$12:$O$12)*('Dataset'!$C$8:$O$8<>'Dataset'!$C$9:$O$9)) -> 5 | G28: =SUMPRODUCT((1-'Dataset'!$C$12:$O$12)*('Dataset'!$C$8:$O$8<>'Dataset'!$C$10:$O$10)) -> 2 | H28: =SUMPRODUCT((1-'Dataset'!$C$12:$O$12)*('Dataset'!$C$8:$O$8<>'Dataset'!$C$11:$O$11)) -> 3
A29: S₅ | B29: =SUMPRODUCT((1-'Dataset'!$C$12:$O$12)*('Dataset'!$C$9:$O$9<>'Dataset'!$C$5:$O$5)) -> 4 | C29: =SUMPRODUCT((1-'Dataset'!$C$12:$O$12)*('Dataset'!$C$9:$O$9<>'Dataset'!$C$6:$O$6)) -> 4 | D29: =SUMPRODUCT((1-'Dataset'!$C$12:$O$12)*('Dataset'!$C$9:$O$9<>'Dataset'!$C$7:$O$7)) -> 4 | E29: =SUMPRODUCT((1-'Dataset'!$C$12:$O$12)*('Dataset'!$C$9:$O$9<>'Dataset'!$C$8:$O$8)) -> 5 | F29: =SUMPRODUCT((1-'Dataset'!$C$12:$O$12)*('Dataset'!$C$9:$O$9<>'Dataset'!$C$9:$O$9)) -> 0 | G29: =SUMPRODUCT((1-'Dataset'!$C$12:$O$12)*('Dataset'!$C$9:$O$9<>'Dataset'!$C$10:$O$10)) -> 6 | H29: =SUMPRODUCT((1-'Dataset'!$C$12:$O$12)*('Dataset'!$C$9:$O$9<>'Dataset'!$C$11:$O$11)) -> 4
A30: S₆ | B30: =SUMPRODUCT((1-'Dataset'!$C$12:$O$12)*('Dataset'!$C$10:$O$10<>'Dataset'!$C$5:$O$5)) -> 3 | C30: =SUMPRODUCT((1-'Dataset'!$C$12:$O$12)*('Dataset'!$C$10:$O$10<>'Dataset'!$C$6:$O$6)) -> 4 | D30: =SUMPRODUCT((1-'Dataset'!$C$12:$O$12)*('Dataset'!$C$10:$O$10<>'Dataset'!$C$7:$O$7)) -> 3 | E30: =SUMPRODUCT((1-'Dataset'!$C$12:$O$12)*('Dataset'!$C$10:$O$10<>'Dataset'!$C$8:$O$8)) -> 2 | F30: =SUMPRODUCT((1-'Dataset'!$C$12:$O$12)*('Dataset'!$C$10:$O$10<>'Dataset'!$C$9:$O$9)) -> 6 | G30: =SUMPRODUCT((1-'Dataset'!$C$12:$O$12)*('Dataset'!$C$10:$O$10<>'Dataset'!$C$10:$O$10)) -> 0 | H30: =SUMPRODUCT((1-'Dataset'!$C$12:$O$12)*('Dataset'!$C$10:$O$10<>'Dataset'!$C$11:$O$11)) -> 4
A31: S₇ | B31: =SUMPRODUCT((1-'Dataset'!$C$12:$O$12)*('Dataset'!$C$11:$O$11<>'Dataset'!$C$5:$O$5)) -> 2 | C31: =SUMPRODUCT((1-'Dataset'!$C$12:$O$12)*('Dataset'!$C$11:$O$11<>'Dataset'!$C$6:$O$6)) -> 4 | D31: =SUMPRODUCT((1-'Dataset'!$C$12:$O$12)*('Dataset'!$C$11:$O$11<>'Dataset'!$C$7:$O$7)) -> 1 | E31: =SUMPRODUCT((1-'Dataset'!$C$12:$O$12)*('Dataset'!$C$11:$O$11<>'Dataset'!$C$8:$O$8)) -> 3 | F31: =SUMPRODUCT((1-'Dataset'!$C$12:$O$12)*('Dataset'!$C$11:$O$11<>'Dataset'!$C$9:$O$9)) -> 4 | G31: =SUMPRODUCT((1-'Dataset'!$C$12:$O$12)*('Dataset'!$C$11:$O$11<>'Dataset'!$C$10:$O$10)) -> 4 | H31: =SUMPRODUCT((1-'Dataset'!$C$12:$O$12)*('Dataset'!$C$11:$O$11<>'Dataset'!$C$11:$O$11)) -> 0
A33: Every distance is rounded to 10 decimals, so that mathematically equal distances (e.g. r(S₁) = r(S₃) = ρ(S₁, S₃)) tie exactly.
A34: The diagonal (grey) is the distance of an object to itself; it is never a neighbour, but it explains why Sᵢ lies inside its own enemy sphere (0 < r(Sᵢ)).

Sheet Sorted Neighbors
A1: Step 0 · Sorted neighbours — nearest enemy r, k-th neighbour z, own-class objects inside the enemy sphere g
A3: Rank of Sⱼ in the neighbour list of Sᵢ (self excluded; equal ρ → smaller index first)
A4: Sᵢ \ Sⱼ | B4: S₁ | C4: S₂ | D4: S₃ | E4: S₄ | F4: S₅ | G4: S₆ | H4: S₇
A5: S₁ | B5: — | C5: =1+SUMPRODUCT(('Zhuravlev Distances'!$B$5:$H$5<'Zhuravlev Distances'!C$5)*(COLUMN('Zhuravlev Distances'!$B$5:$H$5)<>COLUMN('Zhuravlev Distances'!B$5)))+SUMPRODUCT(('Zhuravlev Distances'!$B$5:$H$5='Zhuravlev Distances'!C$5)*(COLUMN('Zhuravlev Distances'!$B$5:$H$5)<COLUMN('Zhuravlev Distances'!C$5))*(COLUMN('Zhuravlev Distances'!$B$5:$H$5)<>COLUMN('Zhuravlev Distances'!B$5))) -> 1 | D5: =1+SUMPRODUCT(('Zhuravlev Distances'!$B$5:$H$5<'Zhuravlev Distances'!D$5)*(COLUMN('Zhuravlev Distances'!$B$5:$H$5)<>COLUMN('Zhuravlev Distances'!B$5)))+SUMPRODUCT(('Zhuravlev Distances'!$B$5:$H$5='Zhuravlev Distances'!D$5)*(COLUMN('Zhuravlev Distances'!$B$5:$H$5)<COLUMN('Zhuravlev Distances'!D$5))*(COLUMN('Zhuravlev Distances'!$B$5:$H$5)<>COLUMN('Zhuravlev Distances'!B$5))) -> 3 | E5: =1+SUMPRODUCT(('Zhuravlev Distances'!$B$5:$H$5<'Zhuravlev Distances'!E$5)*(COLUMN('Zhuravlev Distances'!$B$5:$H$5)<>COLUMN('Zhuravlev Distances'!B$5)))+SUMPRODUCT(('Zhuravlev Distances'!$B$5:$H$5='Zhuravlev Distances'!E$5)*(COLUMN('Zhuravlev Distances'!$B$5:$H$5)<COLUMN('Zhuravlev Distances'!E$5))*(COLUMN('Zhuravlev Distances'!$B$5:$H$5)<>COLUMN('Zhuravlev Distances'!B$5))) -> 5 | F5: =1+SUMPRODUCT(('Zhuravlev Distances'!$B$5:$H$5<'Zhuravlev Distances'!F$5)*(COLUMN('Zhuravlev Distances'!$B$5:$H$5)<>COLUMN('Zhuravlev Distances'!B$5)))+SUMPRODUCT(('Zhuravlev Distances'!$B$5:$H$5='Zhuravlev Distances'!F$5)*(COLUMN('Zhuravlev Distances'!$B$5:$H$5)<COLUMN('Zhuravlev Distances'!F$5))*(COLUMN('Zhuravlev Distances'!$B$5:$H$5)<>COLUMN('Zhuravlev Distances'!B$5))) -> 2 | G5: =1+SUMPRODUCT(('Zhuravlev Distances'!$B$5:$H$5<'Zhuravlev Distances'!G$5)*(COLUMN('Zhuravlev Distances'!$B$5:$H$5)<>COLUMN('Zhuravlev Distances'!B$5)))+SUMPRODUCT(('Zhuravlev Distances'!$B$5:$H$5='Zhuravlev Distances'!G$5)*(COLUMN('Zhuravlev Distances'!$B$5:$H$5)<COLUMN('Zhuravlev Distances'!G$5))*(COLUMN('Zhuravlev Distances'!$B$5:$H$5)<>COLUMN('Zhuravlev Distances'!B$5))) -> 6 | H5: =1+SUMPRODUCT(('Zhuravlev Distances'!$B$5:$H$5<'Zhuravlev Distances'!H$5)*(COLUMN('Zhuravlev Distances'!$B$5:$H$5)<>COLUMN('Zhuravlev Distances'!B$5)))+SUMPRODUCT(('Zhuravlev Distances'!$B$5:$H$5='Zhuravlev Distances'!H$5)*(COLUMN('Zhuravlev Distances'!$B$5:$H$5)<COLUMN('Zhuravlev Distances'!H$5))*(COLUMN('Zhuravlev Distances'!$B$5:$H$5)<>COLUMN('Zhuravlev Distances'!B$5))) -> 4
A6: S₂ | B6: =1+SUMPRODUCT(('Zhuravlev Distances'!$B$6:$H$6<'Zhuravlev Distances'!B$6)*(COLUMN('Zhuravlev Distances'!$B$6:$H$6)<>COLUMN('Zhuravlev Distances'!C$6)))+SUMPRODUCT(('Zhuravlev Distances'!$B$6:$H$6='Zhuravlev Distances'!B$6)*(COLUMN('Zhuravlev Distances'!$B$6:$H$6)<COLUMN('Zhuravlev Distances'!B$6))*(COLUMN('Zhuravlev Distances'!$B$6:$H$6)<>COLUMN('Zhuravlev Distances'!C$6))) -> 1 | C6: — | D6: =1+SUMPRODUCT(('Zhuravlev Distances'!$B$6:$H$6<'Zhuravlev Distances'!D$6)*(COLUMN('Zhuravlev Distances'!$B$6:$H$6)<>COLUMN('Zhuravlev Distances'!C$6)))+SUMPRODUCT(('Zhuravlev Distances'!$B$6:$H$6='Zhuravlev Distances'!D$6)*(COLUMN('Zhuravlev Distances'!$B$6:$H$6)<COLUMN('Zhuravlev Distances'!D$6))*(COLUMN('Zhuravlev Distances'!$B$6:$H$6)<>COLUMN('Zhuravlev Distances'!C$6))) -> 4 | E6: =1+SUMPRODUCT(('Zhuravlev Distances'!$B$6:$H$6<'Zhuravlev Distances'!E$6)*(COLUMN('Zhuravlev Distances'!$B$6:$H$6)<>COLUMN('Zhuravlev Distances'!C$6)))+SUMPRODUCT(('Zhuravlev Distances'!$B$6:$H$6='Zhuravlev Distances'!E$6)*(COLUMN('Zhuravlev Distances'!$B$6:$H$6)<COLUMN('Zhuravlev Distances'!E$6))*(COLUMN('Zhuravlev Distances'!$B$6:$H$6)<>COLUMN('Zhuravlev Distances'!C$6))) -> 3 | F6: =1+SUMPRODUCT(('Zhuravlev Distances'!$B$6:$H$6<'Zhuravlev Distances'!F$6)*(COLUMN('Zhuravlev Distances'!$B$6:$H$6)<>COLUMN('Zhuravlev Distances'!C$6)))+SUMPRODUCT(('Zhuravlev Distances'!$B$6:$H$6='Zhuravlev Distances'!F$6)*(COLUMN('Zhuravlev Distances'!$B$6:$H$6)<COLUMN('Zhuravlev Distances'!F$6))*(COLUMN('Zhuravlev Distances'!$B$6:$H$6)<>COLUMN('Zhuravlev Distances'!C$6))) -> 2 | G6: =1+SUMPRODUCT(('Zhuravlev Distances'!$B$6:$H$6<'Zhuravlev Distances'!G$6)*(COLUMN('Zhuravlev Distances'!$B$6:$H$6)<>COLUMN('Zhuravlev Distances'!C$6)))+SUMPRODUCT(('Zhuravlev Distances'!$B$6:$H$6='Zhuravlev Distances'!G$6)*(COLUMN('Zhuravlev Distances'!$B$6:$H$6)<COLUMN('Zhuravlev Distances'!G$6))*(COLUMN('Zhuravlev Distances'!$B$6:$H$6)<>COLUMN('Zhuravlev Distances'!C$6))) -> 6 | H6: =1+SUMPRODUCT(('Zhuravlev Distances'!$B$6:$H$6<'Zhuravlev Distances'!H$6)*(COLUMN('Zhuravlev Distances'!$B$6:$H$6)<>COLUMN('Zhuravlev Distances'!C$6)))+SUMPRODUCT(('Zhuravlev Distances'!$B$6:$H$6='Zhuravlev Distances'!H$6)*(COLUMN('Zhuravlev Distances'!$B$6:$H$6)<COLUMN('Zhuravlev Distances'!H$6))*(COLUMN('Zhuravlev Distances'!$B$6:$H$6)<>COLUMN('Zhuravlev Distances'!C$6))) -> 5
A7: S₃ | B7: =1+SUMPRODUCT(('Zhuravlev Distances'!$B$7:$H$7<'Zhuravlev Distances'!B$7)*(COLUMN('Zhuravlev Distances'!$B$7:$H$7)<>COLUMN('Zhuravlev Distances'!D$7)))+SUMPRODUCT(('Zhuravlev Distances'!$B$7:$H$7='Zhuravlev Distances'!B$7)*(COLUMN('Zhuravlev Distances'!$B$7:$H$7)<COLUMN('Zhuravlev Distances'!B$7))*(COLUMN('Zhuravlev Distances'!$B$7:$H$7)<>COLUMN('Zhuravlev Distances'!D$7))) -> 3 | C7: =1+SUMPRODUCT(('Zhuravlev Distances'!$B$7:$H$7<'Zhuravlev Distances'!C$7)*(COLUMN('Zhuravlev Distances'!$B$7:$H$7)<>COLUMN('Zhuravlev Distances'!D$7)))+SUMPRODUCT(('Zhuravlev Distances'!$B$7:$H$7='Zhuravlev Distances'!C$7)*(COLUMN('Zhuravlev Distances'!$B$7:$H$7)<COLUMN('Zhuravlev Distances'!C$7))*(COLUMN('Zhuravlev Distances'!$B$7:$H$7)<>COLUMN('Zhuravlev Distances'!D$7))) -> 6 | D7: — | E7: =1+SUMPRODUCT(('Zhuravlev Distances'!$B$7:$H$7<'Zhuravlev Distances'!E$7)*(COLUMN('Zhuravlev Distances'!$B$7:$H$7)<>COLUMN('Zhuravlev Distances'!D$7)))+SUMPRODUCT(('Zhuravlev Distances'!$B$7:$H$7='Zhuravlev Distances'!E$7)*(COLUMN('Zhuravlev Distances'!$B$7:$H$7)<COLUMN('Zhuravlev Distances'!E$7))*(COLUMN('Zhuravlev Distances'!$B$7:$H$7)<>COLUMN('Zhuravlev Distances'!D$7))) -> 4 | F7: =1+SUMPRODUCT(('Zhuravlev Distances'!$B$7:$H$7<'Zhuravlev Distances'!F$7)*(COLUMN('Zhuravlev Distances'!$B$7:$H$7)<>COLUMN('Zhuravlev Distances'!D$7)))+SUMPRODUCT(('Zhuravlev Distances'!$B$7:$H$7='Zhuravlev Distances'!F$7)*(COLUMN('Zhuravlev Distances'!$B$7:$H$7)<COLUMN('Zhuravlev Distances'!F$7))*(COLUMN('Zhuravlev Distances'!$B$7:$H$7)<>COLUMN('Zhuravlev Distances'!D$7))) -> 5 | G7: =1+SUMPRODUCT(('Zhuravlev Distances'!$B$7:$H$7<'Zhuravlev Distances'!G$7)*(COLUMN('Zhuravlev Distances'!$B$7:$H$7)<>COLUMN('Zhuravlev Distances'!D$7)))+SUMPRODUCT(('Zhuravlev Distances'!$B$7:$H$7='Zhuravlev Distances'!G$7)*(COLUMN('Zhuravlev Distances'!$B$7:$H$7)<COLUMN('Zhuravlev Distances'!G$7))*(COLUMN('Zhuravlev Distances'!$B$7:$H$7)<>COLUMN('Zhuravlev Distances'!D$7))) -> 2 | H7: =1+SUMPRODUCT(('Zhuravlev Distances'!$B$7:$H$7<'Zhuravlev Distances'!H$7)*(COLUMN('Zhuravlev Distances'!$B$7:$H$7)<>COLUMN('Zhuravlev Distances'!D$7)))+SUMPRODUCT(('Zhuravlev Distances'!$B$7:$H$7='Zhuravlev Distances'!H$7)*(COLUMN('Zhuravlev Distances'!$B$7:$H$7)<COLUMN('Zhuravlev Distances'!H$7))*(COLUMN('Zhuravlev Distances'!$B$7:$H$7)<>COLUMN('Zhuravlev Distances'!D$7))) -> 1
A8: S₄ | B8: =1+SUMPRODUCT(('Zhuravlev Distances'!$B$8:$H$8<'Zhuravlev Distances'!B$8)*(COLUMN('Zhuravlev Distances'!$B$8:$H$8)<>COLUMN('Zhuravlev Distances'!E$8)))+SUMPRODUCT(('Zhuravlev Distances'!$B$8:$H$8='Zhuravlev Distances'!B$8)*(COLUMN('Zhuravlev Distances'!$B$8:$H$8)<COLUMN('Zhuravlev Distances'!B$8))*(COLUMN('Zhuravlev Distances'!$B$8:$H$8)<>COLUMN('Zhuravlev Distances'!E$8))) -> 5 | C8: =1+SUMPRODUCT(('Zhuravlev Distances'!$B$8:$H$8<'Zhuravlev Distances'!C$8)*(COLUMN('Zhuravlev Distances'!$B$8:$H$8)<>COLUMN('Zhuravlev Distances'!E$8)))+SUMPRODUCT(('Zhuravlev Distances'!$B$8:$H$8='Zhuravlev Distances'!C$8)*(COLUMN('Zhuravlev Distances'!$B$8:$H$8)<COLUMN('Zhuravlev Distances'!C$8))*(COLUMN('Zhuravlev Distances'!$B$8:$H$8)<>COLUMN('Zhuravlev Distances'!E$8))) -> 4 | D8: =1+SUMPRODUCT(('Zhuravlev Distances'!$B$8:$H$8<'Zhuravlev Distances'!D$8)*(COLUMN('Zhuravlev Distances'!$B$8:$H$8)<>COLUMN('Zhuravlev Distances'!E$8)))+SUMPRODUCT(('Zhuravlev Distances'!$B$8:$H$8='Zhuravlev Distances'!D$8)*(COLUMN('Zhuravlev Distances'!$B$8:$H$8)<COLUMN('Zhuravlev Distances'!D$8))*(COLUMN('Zhuravlev Distances'!$B$8:$H$8)<>COLUMN('Zhuravlev Distances'!E$8))) -> 3 | E8: — | F8: =1+SUMPRODUCT(('Zhuravlev Distances'!$B$8:$H$8<'Zhuravlev Distances'!F$8)*(COLUMN('Zhuravlev Distances'!$B$8:$H$8)<>COLUMN('Zhuravlev Distances'!E$8)))+SUMPRODUCT(('Zhuravlev Distances'!$B$8:$H$8='Zhuravlev Distances'!F$8)*(COLUMN('Zhuravlev Distances'!$B$8:$H$8)<COLUMN('Zhuravlev Distances'!F$8))*(COLUMN('Zhuravlev Distances'!$B$8:$H$8)<>COLUMN('Zhuravlev Distances'!E$8))) -> 6 | G8: =1+SUMPRODUCT(('Zhuravlev Distances'!$B$8:$H$8<'Zhuravlev Distances'!G$8)*(COLUMN('Zhuravlev Distances'!$B$8:$H$8)<>COLUMN('Zhuravlev Distances'!E$8)))+SUMPRODUCT(('Zhuravlev Distances'!$B$8:$H$8='Zhuravlev Distances'!G$8)*(COLUMN('Zhuravlev Distances'!$B$8:$H$8)<COLUMN('Zhuravlev Distances'!G$8))*(COLUMN('Zhuravlev Distances'!$B$8:$H$8)<>COLUMN('Zhuravlev Distances'!E$8))) -> 1 | H8: =1+SUMPRODUCT(('Zhuravlev Distances'!$B$8:$H$8<'Zhuravlev Distances'!H$8)*(COLUMN('Zhuravlev Distances'!$B$8:$H$8)<>COLUMN('Zhuravlev Distances'!E$8)))+SUMPRODUCT(('Zhuravlev Distances'!$B$8:$H$8='Zhuravlev Distances'!H$8)*(COLUMN('Zhuravlev Distances'!$B$8:$H$8)<COLUMN('Zhuravlev Distances'!H$8))*(COLUMN('Zhuravlev Distances'!$B$8:$H$8)<>COLUMN('Zhuravlev Distances'!E$8))) -> 2
A9: S₅ | B9: =1+SUMPRODUCT(('Zhuravlev Distances'!$B$9:$H$9<'Zhuravlev Distances'!B$9)*(COLUMN('Zhuravlev Distances'!$B$9:$H$9)<>COLUMN('Zhuravlev Distances'!F$9)))+SUMPRODUCT(('Zhuravlev Distances'!$B$9:$H$9='Zhuravlev Distances'!B$9)*(COLUMN('Zhuravlev Distances'!$B$9:$H$9)<COLUMN('Zhuravlev Distances'!B$9))*(COLUMN('Zhuravlev Distances'!$B$9:$H$9)<>COLUMN('Zhuravlev Distances'!F$9))) -> 1 | C9: =1+SUMPRODUCT(('Zhuravlev Distances'!$B$9:$H$9<'Zhuravlev Distances'!C$9)*(COLUMN('Zhuravlev Distances'!$B$9:$H$9)<>COLUMN('Zhuravlev Distances'!F$9)))+SUMPRODUCT(('Zhuravlev Distances'!$B$9:$H$9='Zhuravlev Distances'!C$9)*(COLUMN('Zhuravlev Distances'!$B$9:$H$9)<COLUMN('Zhuravlev Distances'!C$9))*(COLUMN('Zhuravlev Distances'!$B$9:$H$9)<>COLUMN('Zhuravlev Distances'!F$9))) -> 2 | D9: =1+SUMPRODUCT(('Zhuravlev Distances'!$B$9:$H$9<'Zhuravlev Distances'!D$9)*(COLUMN('Zhuravlev Distances'!$B$9:$H$9)<>COLUMN('Zhuravlev Distances'!F$9)))+SUMPRODUCT(('Zhuravlev Distances'!$B$9:$H$9='Zhuravlev Distances'!D$9)*(COLUMN('Zhuravlev Distances'!$B$9:$H$9)<COLUMN('Zhuravlev Distances'!D$9))*(COLUMN('Zhuravlev Distances'!$B$9:$H$9)<>COLUMN('Zhuravlev Distances'!F$9))) -> 4 | E9: =1+SUMPRODUCT(('Zhuravlev Distances'!$B$9:$H$9<'Zhuravlev Distances'!E$9)*(COLUMN('Zhuravlev Distances'!$B$9:$H$9)<>COLUMN('Zhuravlev Distances'!F$9)))+SUMPRODUCT(('Zhuravlev Distances'!$B$9:$H$9='Zhuravlev Distances'!E$9)*(COLUMN('Zhuravlev Distances'!$B$9:$H$9)<COLUMN('Zhuravlev Distances'!E$9))*(COLUMN('Zhuravlev Distances'!$B$9:$H$9)<>COLUMN('Zhuravlev Distances'!F$9))) -> 5 | F9: — | G9: =1+SUMPRODUCT(('Zhuravlev Distances'!$B$9:$H$9<'Zhuravlev Distances'!G$9)*(COLUMN('Zhuravlev Distances'!$B$9:$H$9)<>COLUMN('Zhuravlev Distances'!F$9)))+SUMPRODUCT(('Zhuravlev Distances'!$B$9:$H$9='Zhuravlev Distances'!G$9)*(COLUMN('Zhuravlev Distances'!$B$9:$H$9)<COLUMN('Zhuravlev Distances'!G$9))*(COLUMN('Zhuravlev Distances'!$B$9:$H$9)<>COLUMN('Zhuravlev Distances'!F$9))) -> 6 | H9: =1+SUMPRODUCT(('Zhuravlev Distances'!$B$9:$H$9<'Zhuravlev Distances'!H$9)*(COLUMN('Zhuravlev Distances'!$B$9:$H$9)<>COLUMN('Zhuravlev Distances'!F$9)))+SUMPRODUCT(('Zhuravlev Distances'!$B$9:$H$9='Zhuravlev Distances'!H$9)*(COLUMN('Zhuravlev Distances'!$B$9:$H$9)<COLUMN('Zhuravlev Distances'!H$9))*(COLUMN('Zhuravlev Distances'!$B$9:$H$9)<>COLUMN('Zhuravlev Distances'!F$9))) -> 3
A10: S₆ | B10: =1+SUMPRODUCT(('Zhuravlev Distances'!$B$10:$H$10<'Zhuravlev Distances'!B$10)*(COLUMN('Zhuravlev Distances'!$B$10:$H$10)<>COLUMN('Zhuravlev Distances'!G$10)))+SUMPRODUCT(('Zhuravlev Distances'!$B$10:$H$10='Zhuravlev Distances'!B$10)*(COLUMN('Zhuravlev Distances'!$B$10:$H$10)<COLUMN('Zhuravlev Distances'!B$10))*(COLUMN('Zhuravlev Distances'!$B$10:$H$10)<>COLUMN('Zhuravlev Distances'!G$10))) -> 4 | C10: =1+SUMPRODUCT(('Zhuravlev Distances'!$B$10:$H$10<'Zhuravlev Distances'!C$10)*(COLUMN('Zhuravlev Distances'!$B$10:$H$10)<>COLUMN('Zhuravlev Distances'!G$10)))+SUMPRODUCT(('Zhuravlev Distances'!$B$10:$H$10='Zhuravlev Distances'!C$10)*(COLUMN('Zhuravlev Distances'!$B$10:$H$10)<COLUMN('Zhuravlev Distances'!C$10))*(COLUMN('Zhuravlev Distances'!$B$10:$H$10)<>COLUMN('Zhuravlev Distances'!G$10))) -> 5 | D10: =1+SUMPRODUCT(('Zhuravlev Distances'!$B$10:$H$10<'Zhuravlev Distances'!D$10)*(COLUMN('Zhuravlev Distances'!$B$10:$H$10)<>COLUMN('Zhuravlev Distances'!G$10)))+SUMPRODUCT(('Zhuravlev Distances'!$B$10:$H$10='Zhuravlev Distances'!D$10)*(COLUMN('Zhuravlev Distances'!$B$10:$H$10)<COLUMN('Zhuravlev Distances'!D$10))*(COLUMN('Zhuravlev Distances'!$B$10:$H$10)<>COLUMN('Zhuravlev Distances'!G$10))) -> 3 | E10: =1+SUMPRODUCT(('Zhuravlev Distances'!$B$10:$H$10<'Zhuravlev Distances'!E$10)*(COLUMN('Zhuravlev Distances'!$B$10:$H$10)<>COLUMN('Zhuravlev Distances'!G$10)))+SUMPRODUCT(('Zhuravlev Distances'!$B$10:$H$10='Zhuravlev Distances'!E$10)*(COLUMN('Zhuravlev Distances'!$B$10:$H$10)<COLUMN('Zhuravlev Distances'!E$10))*(COLUMN('Zhuravlev Distances'!$B$10:$H$10)<>COLUMN('Zhuravlev Distances'!G$10))) -> 1 | F10: =1+SUMPRODUCT(('Zhuravlev Distances'!$B$10:$H$10<'Zhuravlev Distances'!F$10)*(COLUMN('Zhuravlev Distances'!$B$10:$H$10)<>COLUMN('Zhuravlev Distances'!G$10)))+SUMPRODUCT(('Zhuravlev Distances'!$B$10:$H$10='Zhuravlev Distances'!F$10)*(COLUMN('Zhuravlev Distances'!$B$10:$H$10)<COLUMN('Zhuravlev Distances'!F$10))*(COLUMN('Zhuravlev Distances'!$B$10:$H$10)<>COLUMN('Zhuravlev Distances'!G$10))) -> 6 | G10: — | H10: =1+SUMPRODUCT(('Zhuravlev Distances'!$B$10:$H$10<'Zhuravlev Distances'!H$10)*(COLUMN('Zhuravlev Distances'!$B$10:$H$10)<>COLUMN('Zhuravlev Distances'!G$10)))+SUMPRODUCT(('Zhuravlev Distances'!$B$10:$H$10='Zhuravlev Distances'!H$10)*(COLUMN('Zhuravlev Distances'!$B$10:$H$10)<COLUMN('Zhuravlev Distances'!H$10))*(COLUMN('Zhuravlev Distances'!$B$10:$H$10)<>COLUMN('Zhuravlev Distances'!G$10))) -> 2
A11: S₇ | B11: =1+SUMPRODUCT(('Zhuravlev Distances'!$B$11:$H$11<'Zhuravlev Distances'!B$11)*(COLUMN('Zhuravlev Distances'!$B$11:$H$11)<>COLUMN('Zhuravlev Distances'!H$11)))+SUMPRODUCT(('Zhuravlev Distances'!$B$11:$H$11='Zhuravlev Distances'!B$11)*(COLUMN('Zhuravlev Distances'!$B$11:$H$11)<COLUMN('Zhuravlev Distances'!B$11))*(COLUMN('Zhuravlev Distances'!$B$11:$H$11)<>COLUMN('Zhuravlev Distances'!H$11))) -> 4 | C11: =1+SUMPRODUCT(('Zhuravlev Distances'!$B$11:$H$11<'Zhuravlev Distances'!C$11)*(COLUMN('Zhuravlev Distances'!$B$11:$H$11)<>COLUMN('Zhuravlev Distances'!H$11)))+SUMPRODUCT(('Zhuravlev Distances'!$B$11:$H$11='Zhuravlev Distances'!C$11)*(COLUMN('Zhuravlev Distances'!$B$11:$H$11)<COLUMN('Zhuravlev Distances'!C$11))*(COLUMN('Zhuravlev Distances'!$B$11:$H$11)<>COLUMN('Zhuravlev Distances'!H$11))) -> 6 | D11: =1+SUMPRODUCT(('Zhuravlev Distances'!$B$11:$H$11<'Zhuravlev Distances'!D$11)*(COLUMN('Zhuravlev Distances'!$B$11:$H$11)<>COLUMN('Zhuravlev Distances'!H$11)))+SUMPRODUCT(('Zhuravlev Distances'!$B$11:$H$11='Zhuravlev Distances'!D$11)*(COLUMN('Zhuravlev Distances'!$B$11:$H$11)<COLUMN('Zhuravlev Distances'!D$11))*(COLUMN('Zhuravlev Distances'!$B$11:$H$11)<>COLUMN('Zhuravlev Distances'!H$11))) -> 1 | E11: =1+SUMPRODUCT(('Zhuravlev Distances'!$B$11:$H$11<'Zhuravlev Distances'!E$11)*(COLUMN('Zhuravlev Distances'!$B$11:$H$11)<>COLUMN('Zhuravlev Distances'!H$11)))+SUMPRODUCT(('Zhuravlev Distances'!$B$11:$H$11='Zhuravlev Distances'!E$11)*(COLUMN('Zhuravlev Distances'!$B$11:$H$11)<COLUMN('Zhuravlev Distances'!E$11))*(COLUMN('Zhuravlev Distances'!$B$11:$H$11)<>COLUMN('Zhuravlev Distances'!H$11))) -> 2 | F11: =1+SUMPRODUCT(('Zhuravlev Distances'!$B$11:$H$11<'Zhuravlev Distances'!F$11)*(COLUMN('Zhuravlev Distances'!$B$11:$H$11)<>COLUMN('Zhuravlev Distances'!H$11)))+SUMPRODUCT(('Zhuravlev Distances'!$B$11:$H$11='Zhuravlev Distances'!F$11)*(COLUMN('Zhuravlev Distances'!$B$11:$H$11)<COLUMN('Zhuravlev Distances'!F$11))*(COLUMN('Zhuravlev Distances'!$B$11:$H$11)<>COLUMN('Zhuravlev Distances'!H$11))) -> 5 | G11: =1+SUMPRODUCT(('Zhuravlev Distances'!$B$11:$H$11<'Zhuravlev Distances'!G$11)*(COLUMN('Zhuravlev Distances'!$B$11:$H$11)<>COLUMN('Zhuravlev Distances'!H$11)))+SUMPRODUCT(('Zhuravlev Distances'!$B$11:$H$11='Zhuravlev Distances'!G$11)*(COLUMN('Zhuravlev Distances'!$B$11:$H$11)<COLUMN('Zhuravlev Distances'!G$11))*(COLUMN('Zhuravlev Distances'!$B$11:$H$11)<>COLUMN('Zhuravlev Distances'!H$11))) -> 3 | H11: —
A13: ="S₁ · class "&'Dataset'!$P$5&" · neighbours by ascending ρ · r = "&TEXT('ERDR Characteristics'!$D$5,"0.0000")&", z = "&TEXT('ERDR Characteristics'!$H$5,"0.0000")&", g = "&'ERDR Characteristics'!$E$5 -> S₁ · class 2 · neighbours by ascending ρ · r = 5.6071, z = 5.6071, g = 3
A14: Rank | B14: 1 | C14: 2 | D14: 3 | E14: 4 | F14: 5 | G14: 6
A15: Neighbour | B15: =INDEX('Zhuravlev Distances'!$B$4:$H$4,B16) -> S₂ | C15: =INDEX('Zhuravlev Distances'!$B$4:$H$4,C16) -> S₅ | D15: =INDEX('Zhuravlev Distances'!$B$4:$H$4,D16) -> S₃ | E15: =INDEX('Zhuravlev Distances'!$B$4:$H$4,E16) -> S₇ | F15: =INDEX('Zhuravlev Distances'!$B$4:$H$4,F16) -> S₄ | G15: =INDEX('Zhuravlev Distances'!$B$4:$H$4,G16) -> S₆
A16: Index in the dataset | B16: =MATCH(B$14,$B$5:$H$5,0) -> 2 | C16: =MATCH(C$14,$B$5:$H$5,0) -> 5 | D16: =MATCH(D$14,$B$5:$H$5,0) -> 3 | E16: =MATCH(E$14,$B$5:$H$5,0) -> 7 | F16: =MATCH(F$14,$B$5:$H$5,0) -> 4 | G16: =MATCH(G$14,$B$5:$H$5,0) -> 6
A17: ρ(S₁, neighbour) | B17: =INDEX('Zhuravlev Distances'!$B$5:$H$5,B16) -> 4.6606101 | C17: =INDEX('Zhuravlev Distances'!$B$5:$H$5,C16) -> 4.8565209 | D17: =INDEX('Zhuravlev Distances'!$B$5:$H$5,D16) -> 5.6070806 | E17: =INDEX('Zhuravlev Distances'!$B$5:$H$5,E16) -> 5.8897936 | F17: =INDEX('Zhuravlev Distances'!$B$5:$H$5,F16) -> 6.6272117 | G17: =INDEX('Zhuravlev Distances'!$B$5:$H$5,G16) -> 6.801567
A18: Class | B18: =INDEX('Dataset'!$P$5:$P$11,B16) -> 2 | C18: =INDEX('Dataset'!$P$5:$P$11,C16) -> 2 | D18: =INDEX('Dataset'!$P$5:$P$11,D16) -> 1 | E18: =INDEX('Dataset'!$P$5:$P$11,E16) -> 1 | F18: =INDEX('Dataset'!$P$5:$P$11,F16) -> 2 | G18: =INDEX('Dataset'!$P$5:$P$11,G16) -> 1
A19: Own class (1) — same class as S₁ | B19: =IF(B18='Dataset'!$P$5,1,0) -> 1 | C19: =IF(C18='Dataset'!$P$5,1,0) -> 1 | D19: =IF(D18='Dataset'!$P$5,1,0) -> 0 | E19: =IF(E18='Dataset'!$P$5,1,0) -> 0 | F19: =IF(F18='Dataset'!$P$5,1,0) -> 1 | G19: =IF(G18='Dataset'!$P$5,1,0) -> 0
A20: Enemy (1) — the other class | B20: =1-B19 -> 0 | C20: =1-C19 -> 0 | D20: =1-D19 -> 1 | E20: =1-E19 -> 1 | F20: =1-F19 -> 0 | G20: =1-G19 -> 1
A21: Nearest enemy → r(Sᵢ) | B21: =IF(B$14=IFERROR(MATCH(1,$B$20:$G$20,0),0),"r","") | C21: =IF(C$14=IFERROR(MATCH(1,$B$20:$G$20,0),0),"r","") | D21: =IF(D$14=IFERROR(MATCH(1,$B$20:$G$20,0),0),"r","") -> r | E21: =IF(E$14=IFERROR(MATCH(1,$B$20:$G$20,0),0),"r","") | F21: =IF(F$14=IFERROR(MATCH(1,$B$20:$G$20,0),0),"r","") | G21: =IF(G$14=IFERROR(MATCH(1,$B$20:$G$20,0),0),"r","")
A22: Own class inside the enemy sphere: ρ < r(Sᵢ) | B22: =IF(AND(B19=1,B17<'ERDR Characteristics'!$D$5),1,0) -> 1 | C22: =IF(AND(C19=1,C17<'ERDR Characteristics'!$D$5),1,0) -> 1 | D22: =IF(AND(D19=1,D17<'ERDR Characteristics'!$D$5),1,0) -> 0 | E22: =IF(AND(E19=1,E17<'ERDR Characteristics'!$D$5),1,0) -> 0 | F22: =IF(AND(F19=1,F17<'ERDR Characteristics'!$D$5),1,0) -> 0 | G22: =IF(AND(G19=1,G17<'ERDR Characteristics'!$D$5),1,0) -> 0
A23: k-th neighbour → z(Sᵢ, k) | B23: =IF(B$14='Parameters'!$B$12,"z","") | C23: =IF(C$14='Parameters'!$B$12,"z","") | D23: =IF(D$14='Parameters'!$B$12,"z","") -> z | E23: =IF(E$14='Parameters'!$B$12,"z","") | F23: =IF(F$14='Parameters'!$B$12,"z","") | G23: =IF(G$14='Parameters'!$B$12,"z","")
A25: ="S₂ · class "&'Dataset'!$P$6&" · neighbours by ascending ρ · r = "&TEXT('ERDR Characteristics'!$D$6,"0.0000")&", z = "&TEXT('ERDR Characteristics'!$H$6,"0.0000")&", g = "&'ERDR Characteristics'!$E$6 -> S₂ · class 2 · neighbours by ascending ρ · r = 7.4700, z = 6.3692, g = 4
A26: Rank | B26: 1 | C26: 2 | D26: 3 | E26: 4 | F26: 5 | G26: 6
A27: Neighbour | B27: =INDEX('Zhuravlev Distances'!$B$4:$H$4,B28) -> S₁ | C27: =INDEX('Zhuravlev Distances'!$B$4:$H$4,C28) -> S₅ | D27: =INDEX('Zhuravlev Distances'!$B$4:$H$4,D28) -> S₄ | E27: =INDEX('Zhuravlev Distances'!$B$4:$H$4,E28) -> S₃ | F27: =INDEX('Zhuravlev Distances'!$B$4:$H$4,F28) -> S₇ | G27: =INDEX('Zhuravlev Distances'!$B$4:$H$4,G28) -> S₆
A28: Index in the dataset | B28: =MATCH(B$26,$B$6:$H$6,0) -> 1 | C28: =MATCH(C$26,$B$6:$H$6,0) -> 5 | D28: =MATCH(D$26,$B$6:$H$6,0) -> 4 | E28: =MATCH(E$26,$B$6:$H$6,0) -> 3 | F28: =MATCH(F$26,$B$6:$H$6,0) -> 7 | G28: =MATCH(G$26,$B$6:$H$6,0) -> 6
A29: ρ(S₂, neighbour) | B29: =INDEX('Zhuravlev Distances'!$B$6:$H$6,B28) -> 4.6606101 | C29: =INDEX('Zhuravlev Distances'!$B$6:$H$6,C28) -> 6.1040892 | D29: =INDEX('Zhuravlev Distances'!$B$6:$H$6,D28) -> 6.3691658 | E29: =INDEX('Zhuravlev Distances'!$B$6:$H$6,E28) -> 7.4699699 | F29: =INDEX('Zhuravlev Distances'!$B$6:$H$6,F28) -> 7.7855938 | G29: =INDEX('Zhuravlev Distances'!$B$6:$H$6,G28) -> 8.7429512
A30: Class | B30: =INDEX('Dataset'!$P$5:$P$11,B28) -> 2 | C30: =INDEX('Dataset'!$P$5:$P$11,C28) -> 2 | D30: =INDEX('Dataset'!$P$5:$P$11,D28) -> 2 | E30: =INDEX('Dataset'!$P$5:$P$11,E28) -> 1 | F30: =INDEX('Dataset'!$P$5:$P$11,F28) -> 1 | G30: =INDEX('Dataset'!$P$5:$P$11,G28) -> 1
A31: Own class (1) — same class as S₂ | B31: =IF(B30='Dataset'!$P$6,1,0) -> 1 | C31: =IF(C30='Dataset'!$P$6,1,0) -> 1 | D31: =IF(D30='Dataset'!$P$6,1,0) -> 1 | E31: =IF(E30='Dataset'!$P$6,1,0) -> 0 | F31: =IF(F30='Dataset'!$P$6,1,0) -> 0 | G31: =IF(G30='Dataset'!$P$6,1,0) -> 0
A32: Enemy (1) — the other class | B32: =1-B31 -> 0 | C32: =1-C31 -> 0 | D32: =1-D31 -> 0 | E32: =1-E31 -> 1 | F32: =1-F31 -> 1 | G32: =1-G31 -> 1
A33: Nearest enemy → r(Sᵢ) | B33: =IF(B$26=IFERROR(MATCH(1,$B$32:$G$32,0),0),"r","") | C33: =IF(C$26=IFERROR(MATCH(1,$B$32:$G$32,0),0),"r","") | D33: =IF(D$26=IFERROR(MATCH(1,$B$32:$G$32,0),0),"r","") | E33: =IF(E$26=IFERROR(MATCH(1,$B$32:$G$32,0),0),"r","") -> r | F33: =IF(F$26=IFERROR(MATCH(1,$B$32:$G$32,0),0),"r","") | G33: =IF(G$26=IFERROR(MATCH(1,$B$32:$G$32,0),0),"r","")
A34: Own class inside the enemy sphere: ρ < r(Sᵢ) | B34: =IF(AND(B31=1,B29<'ERDR Characteristics'!$D$6),1,0) -> 1 | C34: =IF(AND(C31=1,C29<'ERDR Characteristics'!$D$6),1,0) -> 1 | D34: =IF(AND(D31=1,D29<'ERDR Characteristics'!$D$6),1,0) -> 1 | E34: =IF(AND(E31=1,E29<'ERDR Characteristics'!$D$6),1,0) -> 0 | F34: =IF(AND(F31=1,F29<'ERDR Characteristics'!$D$6),1,0) -> 0 | G34: =IF(AND(G31=1,G29<'ERDR Characteristics'!$D$6),1,0) -> 0
A35: k-th neighbour → z(Sᵢ, k) | B35: =IF(B$26='Parameters'!$B$12,"z","") | C35: =IF(C$26='Parameters'!$B$12,"z","") | D35: =IF(D$26='Parameters'!$B$12,"z","") -> z | E35: =IF(E$26='Parameters'!$B$12,"z","") | F35: =IF(F$26='Parameters'!$B$12,"z","") | G35: =IF(G$26='Parameters'!$B$12,"z","")
A37: ="S₃ · class "&'Dataset'!$P$7&" · neighbours by ascending ρ · r = "&TEXT('ERDR Characteristics'!$D$7,"0.0000")&", z = "&TEXT('ERDR Characteristics'!$H$7,"0.0000")&", g = "&'ERDR Characteristics'!$E$7 -> S₃ · class 1 · neighbours by ascending ρ · r = 5.6071, z = 5.6071, g = 3
A38: Rank | B38: 1 | C38: 2 | D38: 3 | E38: 4 | F38: 5 | G38: 6
A39: Neighbour | B39: =INDEX('Zhuravlev Distances'!$B$4:$H$4,B40) -> S₇ | C39: =INDEX('Zhuravlev Distances'!$B$4:$H$4,C40) -> S₆ | D39: =INDEX('Zhuravlev Distances'!$B$4:$H$4,D40) -> S₁ | E39: =INDEX('Zhuravlev Distances'!$B$4:$H$4,E40) -> S₄ | F39: =INDEX('Zhuravlev Distances'!$B$4:$H$4,F40) -> S₅ | G39: =INDEX('Zhuravlev Distances'!$B$4:$H$4,G40) -> S₂
A40: Index in the dataset | B40: =MATCH(B$38,$B$7:$H$7,0) -> 7 | C40: =MATCH(C$38,$B$7:$H$7,0) -> 6 | D40: =MATCH(D$38,$B$7:$H$7,0) -> 1 | E40: =MATCH(E$38,$B$7:$H$7,0) -> 4 | F40: =MATCH(F$38,$B$7:$H$7,0) -> 5 | G40: =MATCH(G$38,$B$7:$H$7,0) -> 2
A41: ρ(S₃, neighbour) | B41: =INDEX('Zhuravlev Distances'!$B$7:$H$7,B40) -> 2.7849754 | C41: =INDEX('Zhuravlev Distances'!$B$7:$H$7,C40) -> 5.2172784 | D41: =INDEX('Zhuravlev Distances'!$B$7:$H$7,D40) -> 5.6070806 | E41: =INDEX('Zhuravlev Distances'!$B$7:$H$7,E40) -> 6.217567 | F41: =INDEX('Zhuravlev Distances'!$B$7:$H$7,F40) -> 7.3117497 | G41: =INDEX('Zhuravlev Distances'!$B$7:$H$7,G40) -> 7.4699699
A42: Class | B42: =INDEX('Dataset'!$P$5:$P$11,B40) -> 1 | C42: =INDEX('Dataset'!$P$5:$P$11,C40) -> 1 | D42: =INDEX('Dataset'!$P$5:$P$11,D40) -> 2 | E42: =INDEX('Dataset'!$P$5:$P$11,E40) -> 2 | F42: =INDEX('Dataset'!$P$5:$P$11,F40) -> 2 | G42: =INDEX('Dataset'!$P$5:$P$11,G40) -> 2
A43: Own class (1) — same class as S₃ | B43: =IF(B42='Dataset'!$P$7,1,0) -> 1 | C43: =IF(C42='Dataset'!$P$7,1,0) -> 1 | D43: =IF(D42='Dataset'!$P$7,1,0) -> 0 | E43: =IF(E42='Dataset'!$P$7,1,0) -> 0 | F43: =IF(F42='Dataset'!$P$7,1,0) -> 0 | G43: =IF(G42='Dataset'!$P$7,1,0) -> 0
A44: Enemy (1) — the other class | B44: =1-B43 -> 0 | C44: =1-C43 -> 0 | D44: =1-D43 -> 1 | E44: =1-E43 -> 1 | F44: =1-F43 -> 1 | G44: =1-G43 -> 1
A45: Nearest enemy → r(Sᵢ) | B45: =IF(B$38=IFERROR(MATCH(1,$B$44:$G$44,0),0),"r","") | C45: =IF(C$38=IFERROR(MATCH(1,$B$44:$G$44,0),0),"r","") | D45: =IF(D$38=IFERROR(MATCH(1,$B$44:$G$44,0),0),"r","") -> r | E45: =IF(E$38=IFERROR(MATCH(1,$B$44:$G$44,0),0),"r","") | F45: =IF(F$38=IFERROR(MATCH(1,$B$44:$G$44,0),0),"r","") | G45: =IF(G$38=IFERROR(MATCH(1,$B$44:$G$44,0),0),"r","")
A46: Own class inside the enemy sphere: ρ < r(Sᵢ) | B46: =IF(AND(B43=1,B41<'ERDR Characteristics'!$D$7),1,0) -> 1 | C46: =IF(AND(C43=1,C41<'ERDR Characteristics'!$D$7),1,0) -> 1 | D46: =IF(AND(D43=1,D41<'ERDR Characteristics'!$D$7),1,0) -> 0 | E46: =IF(AND(E43=1,E41<'ERDR Characteristics'!$D$7),1,0) -> 0 | F46: =IF(AND(F43=1,F41<'ERDR Characteristics'!$D$7),1,0) -> 0 | G46: =IF(AND(G43=1,G41<'ERDR Characteristics'!$D$7),1,0) -> 0
A47: k-th neighbour → z(Sᵢ, k) | B47: =IF(B$38='Parameters'!$B$12,"z","") | C47: =IF(C$38='Parameters'!$B$12,"z","") | D47: =IF(D$38='Parameters'!$B$12,"z","") -> z | E47: =IF(E$38='Parameters'!$B$12,"z","") | F47: =IF(F$38='Parameters'!$B$12,"z","") | G47: =IF(G$38='Parameters'!$B$12,"z","")
A49: ="S₄ · class "&'Dataset'!$P$8&" · neighbours by ascending ρ · r = "&TEXT('ERDR Characteristics'!$D$8,"0.0000")&", z = "&TEXT('ERDR Characteristics'!$H$8,"0.0000")&", g = "&'ERDR Characteristics'!$E$8 -> S₄ · class 2 · neighbours by ascending ρ · r = 3.7071, z = 6.2176, g = 1
A50: Rank | B50: 1 | C50: 2 | D50: 3 | E50: 4 | F50: 5 | G50: 6
A51: Neighbour | B51: =INDEX('Zhuravlev Distances'!$B$4:$H$4,B52) -> S₆ | C51: =INDEX('Zhuravlev Distances'!$B$4:$H$4,C52) -> S₇ | D51: =INDEX('Zhuravlev Distances'!$B$4:$H$4,D52) -> S₃ | E51: =INDEX('Zhuravlev Distances'!$B$4:$H$4,E52) -> S₂ | F51: =INDEX('Zhuravlev Distances'!$B$4:$H$4,F52) -> S₁ | G51: =INDEX('Zhuravlev Distances'!$B$4:$H$4,G52) -> S₅
A52: Index in the dataset | B52: =MATCH(B$50,$B$8:$H$8,0) -> 6 | C52: =MATCH(C$50,$B$8:$H$8,0) -> 7 | D52: =MATCH(D$50,$B$8:$H$8,0) -> 3 | E52: =MATCH(E$50,$B$8:$H$8,0) -> 2 | F52: =MATCH(F$50,$B$8:$H$8,0) -> 1 | G52: =MATCH(G$50,$B$8:$H$8,0) -> 5
A53: ρ(S₄, neighbour) | B53: =INDEX('Zhuravlev Distances'!$B$8:$H$8,B52) -> 3.7071188 | C53: =INDEX('Zhuravlev Distances'!$B$8:$H$8,C52) -> 3.9109814 | D53: =INDEX('Zhuravlev Distances'!$B$8:$H$8,D52) -> 6.217567 | E53: =INDEX('Zhuravlev Distances'!$B$8:$H$8,E52) -> 6.3691658 | F53: =INDEX('Zhuravlev Distances'!$B$8:$H$8,F52) -> 6.6272117 | G53: =INDEX('Zhuravlev Distances'!$B$8:$H$8,G52) -> 7.8491222
A54: Class | B54: =INDEX('Dataset'!$P$5:$P$11,B52) -> 1 | C54: =INDEX('Dataset'!$P$5:$P$11,C52) -> 1 | D54: =INDEX('Dataset'!$P$5:$P$11,D52) -> 1 | E54: =INDEX('Dataset'!$P$5:$P$11,E52) -> 2 | F54: =INDEX('Dataset'!$P$5:$P$11,F52) -> 2 | G54: =INDEX('Dataset'!$P$5:$P$11,G52) -> 2
A55: Own class (1) — same class as S₄ | B55: =IF(B54='Dataset'!$P$8,1,0) -> 0 | C55: =IF(C54='Dataset'!$P$8,1,0) -> 0 | D55: =IF(D54='Dataset'!$P$8,1,0) -> 0 | E55: =IF(E54='Dataset'!$P$8,1,0) -> 1 | F55: =IF(F54='Dataset'!$P$8,1,0) -> 1 | G55: =IF(G54='Dataset'!$P$8,1,0) -> 1
A56: Enemy (1) — the other class | B56: =1-B55 -> 1 | C56: =1-C55 -> 1 | D56: =1-D55 -> 1 | E56: =1-E55 -> 0 | F56: =1-F55 -> 0 | G56: =1-G55 -> 0
A57: Nearest enemy → r(Sᵢ) | B57: =IF(B$50=IFERROR(MATCH(1,$B$56:$G$56,0),0),"r","") -> r | C57: =IF(C$50=IFERROR(MATCH(1,$B$56:$G$56,0),0),"r","") | D57: =IF(D$50=IFERROR(MATCH(1,$B$56:$G$56,0),0),"r","") | E57: =IF(E$50=IFERROR(MATCH(1,$B$56:$G$56,0),0),"r","") | F57: =IF(F$50=IFERROR(MATCH(1,$B$56:$G$56,0),0),"r","") | G57: =IF(G$50=IFERROR(MATCH(1,$B$56:$G$56,0),0),"r","")
A58: Own class inside the enemy sphere: ρ < r(Sᵢ) | B58: =IF(AND(B55=1,B53<'ERDR Characteristics'!$D$8),1,0) -> 0 | C58: =IF(AND(C55=1,C53<'ERDR Characteristics'!$D$8),1,0) -> 0 | D58: =IF(AND(D55=1,D53<'ERDR Characteristics'!$D$8),1,0) -> 0 | E58: =IF(AND(E55=1,E53<'ERDR Characteristics'!$D$8),1,0) -> 0 | F58: =IF(AND(F55=1,F53<'ERDR Characteristics'!$D$8),1,0) -> 0 | G58: =IF(AND(G55=1,G53<'ERDR Characteristics'!$D$8),1,0) -> 0
A59: k-th neighbour → z(Sᵢ, k) | B59: =IF(B$50='Parameters'!$B$12,"z","") | C59: =IF(C$50='Parameters'!$B$12,"z","") | D59: =IF(D$50='Parameters'!$B$12,"z","") -> z | E59: =IF(E$50='Parameters'!$B$12,"z","") | F59: =IF(F$50='Parameters'!$B$12,"z","") | G59: =IF(G$50='Parameters'!$B$12,"z","")
A61: ="S₅ · class "&'Dataset'!$P$9&" · neighbours by ascending ρ · r = "&TEXT('ERDR Characteristics'!$D$9,"0.0000")&", z = "&TEXT('ERDR Characteristics'!$H$9,"0.0000")&", g = "&'ERDR Characteristics'!$E$9 -> S₅ · class 2 · neighbours by ascending ρ · r = 7.1117, z = 7.1117, g = 3
A62: Rank | B62: 1 | C62: 2 | D62: 3 | E62: 4 | F62: 5 | G62: 6
A63: Neighbour | B63: =INDEX('Zhuravlev Distances'!$B$4:$H$4,B64) -> S₁ | C63: =INDEX('Zhuravlev Distances'!$B$4:$H$4,C64) -> S₂ | D63: =INDEX('Zhuravlev Distances'!$B$4:$H$4,D64) -> S₇ | E63: =INDEX('Zhuravlev Distances'!$B$4:$H$4,E64) -> S₃ | F63: =INDEX('Zhuravlev Distances'!$B$4:$H$4,F64) -> S₄ | G63: =INDEX('Zhuravlev Distances'!$B$4:$H$4,G64) -> S₆
A64: Index in the dataset | B64: =MATCH(B$62,$B$9:$H$9,0) -> 1 | C64: =MATCH(C$62,$B$9:$H$9,0) -> 2 | D64: =MATCH(D$62,$B$9:$H$9,0) -> 7 | E64: =MATCH(E$62,$B$9:$H$9,0) -> 3 | F64: =MATCH(F$62,$B$9:$H$9,0) -> 4 | G64: =MATCH(G$62,$B$9:$H$9,0) -> 6
A65: ρ(S₅, neighbour) | B65: =INDEX('Zhuravlev Distances'!$B$9:$H$9,B64) -> 4.8565209 | C65: =INDEX('Zhuravlev Distances'!$B$9:$H$9,C64) -> 6.1040892 | D65: =INDEX('Zhuravlev Distances'!$B$9:$H$9,D64) -> 7.111704 | E65: =INDEX('Zhuravlev Distances'!$B$9:$H$9,E64) -> 7.3117497 | F65: =INDEX('Zhuravlev Distances'!$B$9:$H$9,F64) -> 7.8491222 | G65: =INDEX('Zhuravlev Distances'!$B$9:$H$9,G64) -> 9.0234774
A66: Class | B66: =INDEX('Dataset'!$P$5:$P$11,B64) -> 2 | C66: =INDEX('Dataset'!$P$5:$P$11,C64) -> 2 | D66: =INDEX('Dataset'!$P$5:$P$11,D64) -> 1 | E66: =INDEX('Dataset'!$P$5:$P$11,E64) -> 1 | F66: =INDEX('Dataset'!$P$5:$P$11,F64) -> 2 | G66: =INDEX('Dataset'!$P$5:$P$11,G64) -> 1
A67: Own class (1) — same class as S₅ | B67: =IF(B66='Dataset'!$P$9,1,0) -> 1 | C67: =IF(C66='Dataset'!$P$9,1,0) -> 1 | D67: =IF(D66='Dataset'!$P$9,1,0) -> 0 | E67: =IF(E66='Dataset'!$P$9,1,0) -> 0 | F67: =IF(F66='Dataset'!$P$9,1,0) -> 1 | G67: =IF(G66='Dataset'!$P$9,1,0) -> 0
A68: Enemy (1) — the other class | B68: =1-B67 -> 0 | C68: =1-C67 -> 0 | D68: =1-D67 -> 1 | E68: =1-E67 -> 1 | F68: =1-F67 -> 0 | G68: =1-G67 -> 1
A69: Nearest enemy → r(Sᵢ) | B69: =IF(B$62=IFERROR(MATCH(1,$B$68:$G$68,0),0),"r","") | C69: =IF(C$62=IFERROR(MATCH(1,$B$68:$G$68,0),0),"r","") | D69: =IF(D$62=IFERROR(MATCH(1,$B$68:$G$68,0),0),"r","") -> r | E69: =IF(E$62=IFERROR(MATCH(1,$B$68:$G$68,0),0),"r","") | F69: =IF(F$62=IFERROR(MATCH(1,$B$68:$G$68,0),0),"r","") | G69: =IF(G$62=IFERROR(MATCH(1,$B$68:$G$68,0),0),"r","")
A70: Own class inside the enemy sphere: ρ < r(Sᵢ) | B70: =IF(AND(B67=1,B65<'ERDR Characteristics'!$D$9),1,0) -> 1 | C70: =IF(AND(C67=1,C65<'ERDR Characteristics'!$D$9),1,0) -> 1 | D70: =IF(AND(D67=1,D65<'ERDR Characteristics'!$D$9),1,0) -> 0 | E70: =IF(AND(E67=1,E65<'ERDR Characteristics'!$D$9),1,0) -> 0 | F70: =IF(AND(F67=1,F65<'ERDR Characteristics'!$D$9),1,0) -> 0 | G70: =IF(AND(G67=1,G65<'ERDR Characteristics'!$D$9),1,0) -> 0
A71: k-th neighbour → z(Sᵢ, k) | B71: =IF(B$62='Parameters'!$B$12,"z","") | C71: =IF(C$62='Parameters'!$B$12,"z","") | D71: =IF(D$62='Parameters'!$B$12,"z","") -> z | E71: =IF(E$62='Parameters'!$B$12,"z","") | F71: =IF(F$62='Parameters'!$B$12,"z","") | G71: =IF(G$62='Parameters'!$B$12,"z","")
A73: ="S₆ · class "&'Dataset'!$P$10&" · neighbours by ascending ρ · r = "&TEXT('ERDR Characteristics'!$D$10,"0.0000")&", z = "&TEXT('ERDR Characteristics'!$H$10,"0.0000")&", g = "&'ERDR Characteristics'!$E$10 -> S₆ · class 1 · neighbours by ascending ρ · r = 3.7071, z = 5.2173, g = 1
A74: Rank | B74: 1 | C74: 2 | D74: 3 | E74: 4 | F74: 5 | G74: 6
A75: Neighbour | B75: =INDEX('Zhuravlev Distances'!$B$4:$H$4,B76) -> S₄ | C75: =INDEX('Zhuravlev Distances'!$B$4:$H$4,C76) -> S₇ | D75: =INDEX('Zhuravlev Distances'!$B$4:$H$4,D76) -> S₃ | E75: =INDEX('Zhuravlev Distances'!$B$4:$H$4,E76) -> S₁ | F75: =INDEX('Zhuravlev Distances'!$B$4:$H$4,F76) -> S₂ | G75: =INDEX('Zhuravlev Distances'!$B$4:$H$4,G76) -> S₅
A76: Index in the dataset | B76: =MATCH(B$74,$B$10:$H$10,0) -> 4 | C76: =MATCH(C$74,$B$10:$H$10,0) -> 7 | D76: =MATCH(D$74,$B$10:$H$10,0) -> 3 | E76: =MATCH(E$74,$B$10:$H$10,0) -> 1 | F76: =MATCH(F$74,$B$10:$H$10,0) -> 2 | G76: =MATCH(G$74,$B$10:$H$10,0) -> 5
A77: ρ(S₆, neighbour) | B77: =INDEX('Zhuravlev Distances'!$B$10:$H$10,B76) -> 3.7071188 | C77: =INDEX('Zhuravlev Distances'!$B$10:$H$10,C76) -> 5.0314315 | D77: =INDEX('Zhuravlev Distances'!$B$10:$H$10,D76) -> 5.2172784 | E77: =INDEX('Zhuravlev Distances'!$B$10:$H$10,E76) -> 6.801567 | F77: =INDEX('Zhuravlev Distances'!$B$10:$H$10,F76) -> 8.7429512 | G77: =INDEX('Zhuravlev Distances'!$B$10:$H$10,G76) -> 9.0234774
A78: Class | B78: =INDEX('Dataset'!$P$5:$P$11,B76) -> 2 | C78: =INDEX('Dataset'!$P$5:$P$11,C76) -> 1 | D78: =INDEX('Dataset'!$P$5:$P$11,D76) -> 1 | E78: =INDEX('Dataset'!$P$5:$P$11,E76) -> 2 | F78: =INDEX('Dataset'!$P$5:$P$11,F76) -> 2 | G78: =INDEX('Dataset'!$P$5:$P$11,G76) -> 2
A79: Own class (1) — same class as S₆ | B79: =IF(B78='Dataset'!$P$10,1,0) -> 0 | C79: =IF(C78='Dataset'!$P$10,1,0) -> 1 | D79: =IF(D78='Dataset'!$P$10,1,0) -> 1 | E79: =IF(E78='Dataset'!$P$10,1,0) -> 0 | F79: =IF(F78='Dataset'!$P$10,1,0) -> 0 | G79: =IF(G78='Dataset'!$P$10,1,0) -> 0
A80: Enemy (1) — the other class | B80: =1-B79 -> 1 | C80: =1-C79 -> 0 | D80: =1-D79 -> 0 | E80: =1-E79 -> 1 | F80: =1-F79 -> 1 | G80: =1-G79 -> 1
A81: Nearest enemy → r(Sᵢ) | B81: =IF(B$74=IFERROR(MATCH(1,$B$80:$G$80,0),0),"r","") -> r | C81: =IF(C$74=IFERROR(MATCH(1,$B$80:$G$80,0),0),"r","") | D81: =IF(D$74=IFERROR(MATCH(1,$B$80:$G$80,0),0),"r","") | E81: =IF(E$74=IFERROR(MATCH(1,$B$80:$G$80,0),0),"r","") | F81: =IF(F$74=IFERROR(MATCH(1,$B$80:$G$80,0),0),"r","") | G81: =IF(G$74=IFERROR(MATCH(1,$B$80:$G$80,0),0),"r","")
A82: Own class inside the enemy sphere: ρ < r(Sᵢ) | B82: =IF(AND(B79=1,B77<'ERDR Characteristics'!$D$10),1,0) -> 0 | C82: =IF(AND(C79=1,C77<'ERDR Characteristics'!$D$10),1,0) -> 0 | D82: =IF(AND(D79=1,D77<'ERDR Characteristics'!$D$10),1,0) -> 0 | E82: =IF(AND(E79=1,E77<'ERDR Characteristics'!$D$10),1,0) -> 0 | F82: =IF(AND(F79=1,F77<'ERDR Characteristics'!$D$10),1,0) -> 0 | G82: =IF(AND(G79=1,G77<'ERDR Characteristics'!$D$10),1,0) -> 0
A83: k-th neighbour → z(Sᵢ, k) | B83: =IF(B$74='Parameters'!$B$12,"z","") | C83: =IF(C$74='Parameters'!$B$12,"z","") | D83: =IF(D$74='Parameters'!$B$12,"z","") -> z | E83: =IF(E$74='Parameters'!$B$12,"z","") | F83: =IF(F$74='Parameters'!$B$12,"z","") | G83: =IF(G$74='Parameters'!$B$12,"z","")
A85: ="S₇ · class "&'Dataset'!$P$11&" · neighbours by ascending ρ · r = "&TEXT('ERDR Characteristics'!$D$11,"0.0000")&", z = "&TEXT('ERDR Characteristics'!$H$11,"0.0000")&", g = "&'ERDR Characteristics'!$E$11 -> S₇ · class 1 · neighbours by ascending ρ · r = 3.9110, z = 5.0314, g = 2
A86: Rank | B86: 1 | C86: 2 | D86: 3 | E86: 4 | F86: 5 | G86: 6
A87: Neighbour | B87: =INDEX('Zhuravlev Distances'!$B$4:$H$4,B88) -> S₃ | C87: =INDEX('Zhuravlev Distances'!$B$4:$H$4,C88) -> S₄ | D87: =INDEX('Zhuravlev Distances'!$B$4:$H$4,D88) -> S₆ | E87: =INDEX('Zhuravlev Distances'!$B$4:$H$4,E88) -> S₁ | F87: =INDEX('Zhuravlev Distances'!$B$4:$H$4,F88) -> S₅ | G87: =INDEX('Zhuravlev Distances'!$B$4:$H$4,G88) -> S₂
A88: Index in the dataset | B88: =MATCH(B$86,$B$11:$H$11,0) -> 3 | C88: =MATCH(C$86,$B$11:$H$11,0) -> 4 | D88: =MATCH(D$86,$B$11:$H$11,0) -> 6 | E88: =MATCH(E$86,$B$11:$H$11,0) -> 1 | F88: =MATCH(F$86,$B$11:$H$11,0) -> 5 | G88: =MATCH(G$86,$B$11:$H$11,0) -> 2
A89: ρ(S₇, neighbour) | B89: =INDEX('Zhuravlev Distances'!$B$11:$H$11,B88) -> 2.7849754 | C89: =INDEX('Zhuravlev Distances'!$B$11:$H$11,C88) -> 3.9109814 | D89: =INDEX('Zhuravlev Distances'!$B$11:$H$11,D88) -> 5.0314315 | E89: =INDEX('Zhuravlev Distances'!$B$11:$H$11,E88) -> 5.8897936 | F89: =INDEX('Zhuravlev Distances'!$B$11:$H$11,F88) -> 7.111704 | G89: =INDEX('Zhuravlev Distances'!$B$11:$H$11,G88) -> 7.7855938
A90: Class | B90: =INDEX('Dataset'!$P$5:$P$11,B88) -> 1 | C90: =INDEX('Dataset'!$P$5:$P$11,C88) -> 2 | D90: =INDEX('Dataset'!$P$5:$P$11,D88) -> 1 | E90: =INDEX('Dataset'!$P$5:$P$11,E88) -> 2 | F90: =INDEX('Dataset'!$P$5:$P$11,F88) -> 2 | G90: =INDEX('Dataset'!$P$5:$P$11,G88) -> 2
A91: Own class (1) — same class as S₇ | B91: =IF(B90='Dataset'!$P$11,1,0) -> 1 | C91: =IF(C90='Dataset'!$P$11,1,0) -> 0 | D91: =IF(D90='Dataset'!$P$11,1,0) -> 1 | E91: =IF(E90='Dataset'!$P$11,1,0) -> 0 | F91: =IF(F90='Dataset'!$P$11,1,0) -> 0 | G91: =IF(G90='Dataset'!$P$11,1,0) -> 0
A92: Enemy (1) — the other class | B92: =1-B91 -> 0 | C92: =1-C91 -> 1 | D92: =1-D91 -> 0 | E92: =1-E91 -> 1 | F92: =1-F91 -> 1 | G92: =1-G91 -> 1
A93: Nearest enemy → r(Sᵢ) | B93: =IF(B$86=IFERROR(MATCH(1,$B$92:$G$92,0),0),"r","") | C93: =IF(C$86=IFERROR(MATCH(1,$B$92:$G$92,0),0),"r","") -> r | D93: =IF(D$86=IFERROR(MATCH(1,$B$92:$G$92,0),0),"r","") | E93: =IF(E$86=IFERROR(MATCH(1,$B$92:$G$92,0),0),"r","") | F93: =IF(F$86=IFERROR(MATCH(1,$B$92:$G$92,0),0),"r","") | G93: =IF(G$86=IFERROR(MATCH(1,$B$92:$G$92,0),0),"r","")
A94: Own class inside the enemy sphere: ρ < r(Sᵢ) | B94: =IF(AND(B91=1,B89<'ERDR Characteristics'!$D$11),1,0) -> 1 | C94: =IF(AND(C91=1,C89<'ERDR Characteristics'!$D$11),1,0) -> 0 | D94: =IF(AND(D91=1,D89<'ERDR Characteristics'!$D$11),1,0) -> 0 | E94: =IF(AND(E91=1,E89<'ERDR Characteristics'!$D$11),1,0) -> 0 | F94: =IF(AND(F91=1,F89<'ERDR Characteristics'!$D$11),1,0) -> 0 | G94: =IF(AND(G91=1,G89<'ERDR Characteristics'!$D$11),1,0) -> 0
A95: k-th neighbour → z(Sᵢ, k) | B95: =IF(B$86='Parameters'!$B$12,"z","") | C95: =IF(C$86='Parameters'!$B$12,"z","") | D95: =IF(D$86='Parameters'!$B$12,"z","") -> z | E95: =IF(E$86='Parameters'!$B$12,"z","") | F95: =IF(F$86='Parameters'!$B$12,"z","") | G95: =IF(G$86='Parameters'!$B$12,"z","")
A97: Ranks use the Step 0 distances: rank = 1 + #{objects closer than Sⱼ} + #{objects at the same distance with a smaller index}; the target itself is excluded.
A98: r(Sᵢ) is the distance at the first enemy (“r”); z(Sᵢ, k) is the distance at rank k (“z”, k from the Parameters sheet); g(Sᵢ) = 1 (Sᵢ itself) + the 1s of the green row.
A99: When the nearest enemy sits exactly at rank k, z = r and d = 0 — the source of the ties that Step 2 resolves by r and then by index.

Sheet ERDR Characteristics
A1: ERDR Step 1 · Auxiliary functions of every object — r(Sᵢ), g(Sᵢ), z(Sᵢ, k), d(Sᵢ) and the Step 2 priority position
A3: r = nearest-enemy distance · g = own-class objects strictly inside the enemy sphere (Sᵢ counts) · z = distance to the k-th neighbour · d = |z − r| / (z + r)
A4: № | B4: Class | C4: Nearest enemy | D4: r(Sᵢ) | E4: g(Sᵢ) | F4: Rank of the nearest enemy | G4: k-th neighbour | H4: z(Sᵢ, k) | I4: z − r | J4: d(Sᵢ) | K4: Priority position (Step 2) | L4: Own-class objects inside the sphere (Sᵢ, r(Sᵢ)) | M4: Note
A5: S₁ | B5: ='Dataset'!P5 -> 2 | C5: =IFERROR(INDEX('Sorted Neighbors'!$B$15:$G$15,MATCH(1,'Sorted Neighbors'!$B$20:$G$20,0)),"— (one class only)") -> S₃ | D5: =IFERROR(INDEX('Sorted Neighbors'!$B$17:$G$17,MATCH(1,'Sorted Neighbors'!$B$20:$G$20,0)),0) -> 5.6070806 | E5: =1+SUM('Sorted Neighbors'!$B$22:$G$22) -> 3 | F5: =IFERROR(MATCH(1,'Sorted Neighbors'!$B$20:$G$20,0),"—") -> 3 | G5: =IF('Parameters'!$B$12<='Parameters'!$B$5-1,INDEX('Sorted Neighbors'!$B$15:$G$15,'Parameters'!$B$12),"—") -> S₃ | H5: =IF('Parameters'!$B$12<='Parameters'!$B$5-1,INDEX('Sorted Neighbors'!$B$17:$G$17,'Parameters'!$B$12),0) -> 5.6070806 | I5: =H5-D5 -> 0 | J5: =IF(H5+D5=0,0,ROUND(ABS(H5-D5)/(H5+D5),10)) -> 0 | K5: =1+SUMPRODUCT(($J$5:$J$11<J5)+($J$5:$J$11=J5)*($D$5:$D$11<D5)+($J$5:$J$11=J5)*($D$5:$D$11=D5)*(ROW($J$5:$J$11)<ROW(J5))) -> 1 | L5: =A5&" (itself)"&IF('Sorted Neighbors'!B22=1,", "&'Sorted Neighbors'!B15,"")&IF('Sorted Neighbors'!C22=1,", "&'Sorted Neighbors'!C15,"")&IF('Sorted Neighbors'!D22=1,", "&'Sorted Neighbors'!D15,"")&IF('Sorted Neighbors'!E22=1,", "&'Sorted Neighbors'!E15,"")&IF('Sorted Neighbors'!F22=1,", "&'Sorted Neighbors'!F15,"")&IF('Sorted Neighbors'!G22=1,", "&'Sorted Neighbors'!G15,"") -> S₁ (itself), S₂, S₅ | M5: =IF(J5=0,"z = r: the nearest enemy is the k-th neighbour → d = 0",IF(E5=1,"g = 1: no own-class object inside the enemy sphere","")) -> z = r: the nearest enemy is the k-th neighbour → d = 0
A6: S₂ | B6: ='Dataset'!P6 -> 2 | C6: =IFERROR(INDEX('Sorted Neighbors'!$B$27:$G$27,MATCH(1,'Sorted Neighbors'!$B$32:$G$32,0)),"— (one class only)") -> S₃ | D6: =IFERROR(INDEX('Sorted Neighbors'!$B$29:$G$29,MATCH(1,'Sorted Neighbors'!$B$32:$G$32,0)),0) -> 7.4699699 | E6: =1+SUM('Sorted Neighbors'!$B$34:$G$34) -> 4 | F6: =IFERROR(MATCH(1,'Sorted Neighbors'!$B$32:$G$32,0),"—") -> 4 | G6: =IF('Parameters'!$B$12<='Parameters'!$B$5-1,INDEX('Sorted Neighbors'!$B$27:$G$27,'Parameters'!$B$12),"—") -> S₄ | H6: =IF('Parameters'!$B$12<='Parameters'!$B$5-1,INDEX('Sorted Neighbors'!$B$29:$G$29,'Parameters'!$B$12),0) -> 6.3691658 | I6: =H6-D6 -> -1.1008041 | J6: =IF(H6+D6=0,0,ROUND(ABS(H6-D6)/(H6+D6),10)) -> 0.079542839 | K6: =1+SUMPRODUCT(($J$5:$J$11<J6)+($J$5:$J$11=J6)*($D$5:$D$11<D6)+($J$5:$J$11=J6)*($D$5:$D$11=D6)*(ROW($J$5:$J$11)<ROW(J6))) -> 4 | L6: =A6&" (itself)"&IF('Sorted Neighbors'!B34=1,", "&'Sorted Neighbors'!B27,"")&IF('Sorted Neighbors'!C34=1,", "&'Sorted Neighbors'!C27,"")&IF('Sorted Neighbors'!D34=1,", "&'Sorted Neighbors'!D27,"")&IF('Sorted Neighbors'!E34=1,", "&'Sorted Neighbors'!E27,"")&IF('Sorted Neighbors'!F34=1,", "&'Sorted Neighbors'!F27,"")&IF('Sorted Neighbors'!G34=1,", "&'Sorted Neighbors'!G27,"") -> S₂ (itself), S₁, S₅, S₄ | M6: =IF(J6=0,"z = r: the nearest enemy is the k-th neighbour → d = 0",IF(E6=1,"g = 1: no own-class object inside the enemy sphere",""))
A7: S₃ | B7: ='Dataset'!P7 -> 1 | C7: =IFERROR(INDEX('Sorted Neighbors'!$B$39:$G$39,MATCH(1,'Sorted Neighbors'!$B$44:$G$44,0)),"— (one class only)") -> S₁ | D7: =IFERROR(INDEX('Sorted Neighbors'!$B$41:$G$41,MATCH(1,'Sorted Neighbors'!$B$44:$G$44,0)),0) -> 5.6070806 | E7: =1+SUM('Sorted Neighbors'!$B$46:$G$46) -> 3 | F7: =IFERROR(MATCH(1,'Sorted Neighbors'!$B$44:$G$44,0),"—") -> 3 | G7: =IF('Parameters'!$B$12<='Parameters'!$B$5-1,INDEX('Sorted Neighbors'!$B$39:$G$39,'Parameters'!$B$12),"—") -> S₁ | H7: =IF('Parameters'!$B$12<='Parameters'!$B$5-1,INDEX('Sorted Neighbors'!$B$41:$G$41,'Parameters'!$B$12),0) -> 5.6070806 | I7: =H7-D7 -> 0 | J7: =IF(H7+D7=0,0,ROUND(ABS(H7-D7)/(H7+D7),10)) -> 0 | K7: =1+SUMPRODUCT(($J$5:$J$11<J7)+($J$5:$J$11=J7)*($D$5:$D$11<D7)+($J$5:$J$11=J7)*($D$5:$D$11=D7)*(ROW($J$5:$J$11)<ROW(J7))) -> 2 | L7: =A7&" (itself)"&IF('Sorted Neighbors'!B46=1,", "&'Sorted Neighbors'!B39,"")&IF('Sorted Neighbors'!C46=1,", "&'Sorted Neighbors'!C39,"")&IF('Sorted Neighbors'!D46=1,", "&'Sorted Neighbors'!D39,"")&IF('Sorted Neighbors'!E46=1,", "&'Sorted Neighbors'!E39,"")&IF('Sorted Neighbors'!F46=1,", "&'Sorted Neighbors'!F39,"")&IF('Sorted Neighbors'!G46=1,", "&'Sorted Neighbors'!G39,"") -> S₃ (itself), S₇, S₆ | M7: =IF(J7=0,"z = r: the nearest enemy is the k-th neighbour → d = 0",IF(E7=1,"g = 1: no own-class object inside the enemy sphere","")) -> z = r: the nearest enemy is the k-th neighbour → d = 0
A8: S₄ | B8: ='Dataset'!P8 -> 2 | C8: =IFERROR(INDEX('Sorted Neighbors'!$B$51:$G$51,MATCH(1,'Sorted Neighbors'!$B$56:$G$56,0)),"— (one class only)") -> S₆ | D8: =IFERROR(INDEX('Sorted Neighbors'!$B$53:$G$53,MATCH(1,'Sorted Neighbors'!$B$56:$G$56,0)),0) -> 3.7071188 | E8: =1+SUM('Sorted Neighbors'!$B$58:$G$58) -> 1 | F8: =IFERROR(MATCH(1,'Sorted Neighbors'!$B$56:$G$56,0),"—") -> 1 | G8: =IF('Parameters'!$B$12<='Parameters'!$B$5-1,INDEX('Sorted Neighbors'!$B$51:$G$51,'Parameters'!$B$12),"—") -> S₃ | H8: =IF('Parameters'!$B$12<='Parameters'!$B$5-1,INDEX('Sorted Neighbors'!$B$53:$G$53,'Parameters'!$B$12),0) -> 6.217567 | I8: =H8-D8 -> 2.5104483 | J8: =IF(H8+D8=0,0,ROUND(ABS(H8-D8)/(H8+D8),10)) -> 0.2529499 | K8: =1+SUMPRODUCT(($J$5:$J$11<J8)+($J$5:$J$11=J8)*($D$5:$D$11<D8)+($J$5:$J$11=J8)*($D$5:$D$11=D8)*(ROW($J$5:$J$11)<ROW(J8))) -> 7 | L8: =A8&" (itself)"&IF('Sorted Neighbors'!B58=1,", "&'Sorted Neighbors'!B51,"")&IF('Sorted Neighbors'!C58=1,", "&'Sorted Neighbors'!C51,"")&IF('Sorted Neighbors'!D58=1,", "&'Sorted Neighbors'!D51,"")&IF('Sorted Neighbors'!E58=1,", "&'Sorted Neighbors'!E51,"")&IF('Sorted Neighbors'!F58=1,", "&'Sorted Neighbors'!F51,"")&IF('Sorted Neighbors'!G58=1,", "&'Sorted Neighbors'!G51,"") -> S₄ (itself) | M8: =IF(J8=0,"z = r: the nearest enemy is the k-th neighbour → d = 0",IF(E8=1,"g = 1: no own-class object inside the enemy sphere","")) -> g = 1: no own-class object inside the enemy sphere
A9: S₅ | B9: ='Dataset'!P9 -> 2 | C9: =IFERROR(INDEX('Sorted Neighbors'!$B$63:$G$63,MATCH(1,'Sorted Neighbors'!$B$68:$G$68,0)),"— (one class only)") -> S₇ | D9: =IFERROR(INDEX('Sorted Neighbors'!$B$65:$G$65,MATCH(1,'Sorted Neighbors'!$B$68:$G$68,0)),0) -> 7.111704 | E9: =1+SUM('Sorted Neighbors'!$B$70:$G$70) -> 3 | F9: =IFERROR(MATCH(1,'Sorted Neighbors'!$B$68:$G$68,0),"—") -> 3 | G9: =IF('Parameters'!$B$12<='Parameters'!$B$5-1,INDEX('Sorted Neighbors'!$B$63:$G$63,'Parameters'!$B$12),"—") -> S₇ | H9: =IF('Parameters'!$B$12<='Parameters'!$B$5-1,INDEX('Sorted Neighbors'!$B$65:$G$65,'Parameters'!$B$12),0) -> 7.111704 | I9: =H9-D9 -> 0 | J9: =IF(H9+D9=0,0,ROUND(ABS(H9-D9)/(H9+D9),10)) -> 0 | K9: =1+SUMPRODUCT(($J$5:$J$11<J9)+($J$5:$J$11=J9)*($D$5:$D$11<D9)+($J$5:$J$11=J9)*($D$5:$D$11=D9)*(ROW($J$5:$J$11)<ROW(J9))) -> 3 | L9: =A9&" (itself)"&IF('Sorted Neighbors'!B70=1,", "&'Sorted Neighbors'!B63,"")&IF('Sorted Neighbors'!C70=1,", "&'Sorted Neighbors'!C63,"")&IF('Sorted Neighbors'!D70=1,", "&'Sorted Neighbors'!D63,"")&IF('Sorted Neighbors'!E70=1,", "&'Sorted Neighbors'!E63,"")&IF('Sorted Neighbors'!F70=1,", "&'Sorted Neighbors'!F63,"")&IF('Sorted Neighbors'!G70=1,", "&'Sorted Neighbors'!G63,"") -> S₅ (itself), S₁, S₂ | M9: =IF(J9=0,"z = r: the nearest enemy is the k-th neighbour → d = 0",IF(E9=1,"g = 1: no own-class object inside the enemy sphere","")) -> z = r: the nearest enemy is the k-th neighbour → d = 0
A10: S₆ | B10: ='Dataset'!P10 -> 1 | C10: =IFERROR(INDEX('Sorted Neighbors'!$B$75:$G$75,MATCH(1,'Sorted Neighbors'!$B$80:$G$80,0)),"— (one class only)") -> S₄ | D10: =IFERROR(INDEX('Sorted Neighbors'!$B$77:$G$77,MATCH(1,'Sorted Neighbors'!$B$80:$G$80,0)),0) -> 3.7071188 | E10: =1+SUM('Sorted Neighbors'!$B$82:$G$82) -> 1 | F10: =IFERROR(MATCH(1,'Sorted Neighbors'!$B$80:$G$80,0),"—") -> 1 | G10: =IF('Parameters'!$B$12<='Parameters'!$B$5-1,INDEX('Sorted Neighbors'!$B$75:$G$75,'Parameters'!$B$12),"—") -> S₃ | H10: =IF('Parameters'!$B$12<='Parameters'!$B$5-1,INDEX('Sorted Neighbors'!$B$77:$G$77,'Parameters'!$B$12),0) -> 5.2172784 | I10: =H10-D10 -> 1.5101596 | J10: =IF(H10+D10=0,0,ROUND(ABS(H10-D10)/(H10+D10),10)) -> 0.16921699 | K10: =1+SUMPRODUCT(($J$5:$J$11<J10)+($J$5:$J$11=J10)*($D$5:$D$11<D10)+($J$5:$J$11=J10)*($D$5:$D$11=D10)*(ROW($J$5:$J$11)<ROW(J10))) -> 6 | L10: =A10&" (itself)"&IF('Sorted Neighbors'!B82=1,", "&'Sorted Neighbors'!B75,"")&IF('Sorted Neighbors'!C82=1,", "&'Sorted Neighbors'!C75,"")&IF('Sorted Neighbors'!D82=1,", "&'Sorted Neighbors'!D75,"")&IF('Sorted Neighbors'!E82=1,", "&'Sorted Neighbors'!E75,"")&IF('Sorted Neighbors'!F82=1,", "&'Sorted Neighbors'!F75,"")&IF('Sorted Neighbors'!G82=1,", "&'Sorted Neighbors'!G75,"") -> S₆ (itself) | M10: =IF(J10=0,"z = r: the nearest enemy is the k-th neighbour → d = 0",IF(E10=1,"g = 1: no own-class object inside the enemy sphere","")) -> g = 1: no own-class object inside the enemy sphere
A11: S₇ | B11: ='Dataset'!P11 -> 1 | C11: =IFERROR(INDEX('Sorted Neighbors'!$B$87:$G$87,MATCH(1,'Sorted Neighbors'!$B$92:$G$92,0)),"— (one class only)") -> S₄ | D11: =IFERROR(INDEX('Sorted Neighbors'!$B$89:$G$89,MATCH(1,'Sorted Neighbors'!$B$92:$G$92,0)),0) -> 3.9109814 | E11: =1+SUM('Sorted Neighbors'!$B$94:$G$94) -> 2 | F11: =IFERROR(MATCH(1,'Sorted Neighbors'!$B$92:$G$92,0),"—") -> 2 | G11: =IF('Parameters'!$B$12<='Parameters'!$B$5-1,INDEX('Sorted Neighbors'!$B$87:$G$87,'Parameters'!$B$12),"—") -> S₆ | H11: =IF('Parameters'!$B$12<='Parameters'!$B$5-1,INDEX('Sorted Neighbors'!$B$89:$G$89,'Parameters'!$B$12),0) -> 5.0314315 | I11: =H11-D11 -> 1.1204501 | J11: =IF(H11+D11=0,0,ROUND(ABS(H11-D11)/(H11+D11),10)) -> 0.12529617 | K11: =1+SUMPRODUCT(($J$5:$J$11<J11)+($J$5:$J$11=J11)*($D$5:$D$11<D11)+($J$5:$J$11=J11)*($D$5:$D$11=D11)*(ROW($J$5:$J$11)<ROW(J11))) -> 5 | L11: =A11&" (itself)"&IF('Sorted Neighbors'!B94=1,", "&'Sorted Neighbors'!B87,"")&IF('Sorted Neighbors'!C94=1,", "&'Sorted Neighbors'!C87,"")&IF('Sorted Neighbors'!D94=1,", "&'Sorted Neighbors'!D87,"")&IF('Sorted Neighbors'!E94=1,", "&'Sorted Neighbors'!E87,"")&IF('Sorted Neighbors'!F94=1,", "&'Sorted Neighbors'!F87,"")&IF('Sorted Neighbors'!G94=1,", "&'Sorted Neighbors'!G87,"") -> S₇ (itself), S₃ | M11: =IF(J11=0,"z = r: the nearest enemy is the k-th neighbour → d = 0",IF(E11=1,"g = 1: no own-class object inside the enemy sphere",""))
A14: Enemy spheres · M(i, j) = 1 when Sⱼ has the class of Sᵢ and ρ(Sᵢ, Sⱼ) < r(Sᵢ) · row sum = g(Sᵢ)
A15: Sphere of Sᵢ \ Sⱼ | B15: S₁ | C15: S₂ | D15: S₃ | E15: S₄ | F15: S₅ | G15: S₆ | H15: S₇ | I15: Row sum = g(Sᵢ)
A16: S₁ | B16: =IF(AND('Dataset'!$P$5='Dataset'!$P$5,'Zhuravlev Distances'!B$5<$D$5),1,0) -> 1 | C16: =IF(AND('Dataset'!$P$6='Dataset'!$P$5,'Zhuravlev Distances'!C$5<$D$5),1,0) -> 1 | D16: =IF(AND('Dataset'!$P$7='Dataset'!$P$5,'Zhuravlev Distances'!D$5<$D$5),1,0) -> 0 | E16: =IF(AND('Dataset'!$P$8='Dataset'!$P$5,'Zhuravlev Distances'!E$5<$D$5),1,0) -> 0 | F16: =IF(AND('Dataset'!$P$9='Dataset'!$P$5,'Zhuravlev Distances'!F$5<$D$5),1,0) -> 1 | G16: =IF(AND('Dataset'!$P$10='Dataset'!$P$5,'Zhuravlev Distances'!G$5<$D$5),1,0) -> 0 | H16: =IF(AND('Dataset'!$P$11='Dataset'!$P$5,'Zhuravlev Distances'!H$5<$D$5),1,0) -> 0 | I16: =SUM(B16:H16) -> 3
A17: S₂ | B17: =IF(AND('Dataset'!$P$5='Dataset'!$P$6,'Zhuravlev Distances'!B$6<$D$6),1,0) -> 1 | C17: =IF(AND('Dataset'!$P$6='Dataset'!$P$6,'Zhuravlev Distances'!C$6<$D$6),1,0) -> 1 | D17: =IF(AND('Dataset'!$P$7='Dataset'!$P$6,'Zhuravlev Distances'!D$6<$D$6),1,0) -> 0 | E17: =IF(AND('Dataset'!$P$8='Dataset'!$P$6,'Zhuravlev Distances'!E$6<$D$6),1,0) -> 1 | F17: =IF(AND('Dataset'!$P$9='Dataset'!$P$6,'Zhuravlev Distances'!F$6<$D$6),1,0) -> 1 | G17: =IF(AND('Dataset'!$P$10='Dataset'!$P$6,'Zhuravlev Distances'!G$6<$D$6),1,0) -> 0 | H17: =IF(AND('Dataset'!$P$11='Dataset'!$P$6,'Zhuravlev Distances'!H$6<$D$6),1,0) -> 0 | I17: =SUM(B17:H17) -> 4
A18: S₃ | B18: =IF(AND('Dataset'!$P$5='Dataset'!$P$7,'Zhuravlev Distances'!B$7<$D$7),1,0) -> 0 | C18: =IF(AND('Dataset'!$P$6='Dataset'!$P$7,'Zhuravlev Distances'!C$7<$D$7),1,0) -> 0 | D18: =IF(AND('Dataset'!$P$7='Dataset'!$P$7,'Zhuravlev Distances'!D$7<$D$7),1,0) -> 1 | E18: =IF(AND('Dataset'!$P$8='Dataset'!$P$7,'Zhuravlev Distances'!E$7<$D$7),1,0) -> 0 | F18: =IF(AND('Dataset'!$P$9='Dataset'!$P$7,'Zhuravlev Distances'!F$7<$D$7),1,0) -> 0 | G18: =IF(AND('Dataset'!$P$10='Dataset'!$P$7,'Zhuravlev Distances'!G$7<$D$7),1,0) -> 1 | H18: =IF(AND('Dataset'!$P$11='Dataset'!$P$7,'Zhuravlev Distances'!H$7<$D$7),1,0) -> 1 | I18: =SUM(B18:H18) -> 3
A19: S₄ | B19: =IF(AND('Dataset'!$P$5='Dataset'!$P$8,'Zhuravlev Distances'!B$8<$D$8),1,0) -> 0 | C19: =IF(AND('Dataset'!$P$6='Dataset'!$P$8,'Zhuravlev Distances'!C$8<$D$8),1,0) -> 0 | D19: =IF(AND('Dataset'!$P$7='Dataset'!$P$8,'Zhuravlev Distances'!D$8<$D$8),1,0) -> 0 | E19: =IF(AND('Dataset'!$P$8='Dataset'!$P$8,'Zhuravlev Distances'!E$8<$D$8),1,0) -> 1 | F19: =IF(AND('Dataset'!$P$9='Dataset'!$P$8,'Zhuravlev Distances'!F$8<$D$8),1,0) -> 0 | G19: =IF(AND('Dataset'!$P$10='Dataset'!$P$8,'Zhuravlev Distances'!G$8<$D$8),1,0) -> 0 | H19: =IF(AND('Dataset'!$P$11='Dataset'!$P$8,'Zhuravlev Distances'!H$8<$D$8),1,0) -> 0 | I19: =SUM(B19:H19) -> 1
A20: S₅ | B20: =IF(AND('Dataset'!$P$5='Dataset'!$P$9,'Zhuravlev Distances'!B$9<$D$9),1,0) -> 1 | C20: =IF(AND('Dataset'!$P$6='Dataset'!$P$9,'Zhuravlev Distances'!C$9<$D$9),1,0) -> 1 | D20: =IF(AND('Dataset'!$P$7='Dataset'!$P$9,'Zhuravlev Distances'!D$9<$D$9),1,0) -> 0 | E20: =IF(AND('Dataset'!$P$8='Dataset'!$P$9,'Zhuravlev Distances'!E$9<$D$9),1,0) -> 0 | F20: =IF(AND('Dataset'!$P$9='Dataset'!$P$9,'Zhuravlev Distances'!F$9<$D$9),1,0) -> 1 | G20: =IF(AND('Dataset'!$P$10='Dataset'!$P$9,'Zhuravlev Distances'!G$9<$D$9),1,0) -> 0 | H20: =IF(AND('Dataset'!$P$11='Dataset'!$P$9,'Zhuravlev Distances'!H$9<$D$9),1,0) -> 0 | I20: =SUM(B20:H20) -> 3
A21: S₆ | B21: =IF(AND('Dataset'!$P$5='Dataset'!$P$10,'Zhuravlev Distances'!B$10<$D$10),1,0) -> 0 | C21: =IF(AND('Dataset'!$P$6='Dataset'!$P$10,'Zhuravlev Distances'!C$10<$D$10),1,0) -> 0 | D21: =IF(AND('Dataset'!$P$7='Dataset'!$P$10,'Zhuravlev Distances'!D$10<$D$10),1,0) -> 0 | E21: =IF(AND('Dataset'!$P$8='Dataset'!$P$10,'Zhuravlev Distances'!E$10<$D$10),1,0) -> 0 | F21: =IF(AND('Dataset'!$P$9='Dataset'!$P$10,'Zhuravlev Distances'!F$10<$D$10),1,0) -> 0 | G21: =IF(AND('Dataset'!$P$10='Dataset'!$P$10,'Zhuravlev Distances'!G$10<$D$10),1,0) -> 1 | H21: =IF(AND('Dataset'!$P$11='Dataset'!$P$10,'Zhuravlev Distances'!H$10<$D$10),1,0) -> 0 | I21: =SUM(B21:H21) -> 1
A22: S₇ | B22: =IF(AND('Dataset'!$P$5='Dataset'!$P$11,'Zhuravlev Distances'!B$11<$D$11),1,0) -> 0 | C22: =IF(AND('Dataset'!$P$6='Dataset'!$P$11,'Zhuravlev Distances'!C$11<$D$11),1,0) -> 0 | D22: =IF(AND('Dataset'!$P$7='Dataset'!$P$11,'Zhuravlev Distances'!D$11<$D$11),1,0) -> 1 | E22: =IF(AND('Dataset'!$P$8='Dataset'!$P$11,'Zhuravlev Distances'!E$11<$D$11),1,0) -> 0 | F22: =IF(AND('Dataset'!$P$9='Dataset'!$P$11,'Zhuravlev Distances'!F$11<$D$11),1,0) -> 0 | G22: =IF(AND('Dataset'!$P$10='Dataset'!$P$11,'Zhuravlev Distances'!G$11<$D$11),1,0) -> 0 | H22: =IF(AND('Dataset'!$P$11='Dataset'!$P$11,'Zhuravlev Distances'!H$11<$D$11),1,0) -> 1 | I22: =SUM(B22:H22) -> 2
A23: Spheres with Sⱼ | B23: =SUM(B16:B22) -> 3 | C23: =SUM(C16:C22) -> 3 | D23: =SUM(D16:D22) -> 2 | E23: =SUM(E16:E22) -> 2 | F23: =SUM(F16:F22) -> 3 | G23: =SUM(G16:G22) -> 2 | H23: =SUM(H16:H22) -> 2
A25: g(Sᵢ) counts Sᵢ itself (ρ(Sᵢ, Sᵢ) = 0 < r(Sᵢ)); the article confirms it: “g(Sⱼ) = 1 (т.е. Sⱼ остался единственным объектом в своей r(Sⱼ)-окрестности)”.
A26: d(Sᵢ) is small when the k-th neighbour lies as far as the nearest enemy; d = 0 when the enemy itself is the k-th neighbour.
A27: Priority position = 1 + #{objects before Sᵢ by (d, r, index)} — the static Step 2 order; the queue of every iteration is this order restricted to unprocessed objects of F.
A28: Rows of M show who is inside the sphere of Sᵢ; when Sⱼ is selected, the column of Sⱼ shows whose spheres contain it — Step 4 keeps those that are still in F, have g > 1 and are allowed by readings A and B.

Sheet Priority Queue
A1: ERDR Step 2 · Priority queue — objects ordered by d ascending, then r ascending, then index ascending
A3: Static order of all objects (d and r never change while an object waits); every iteration takes the first object of this list that is still in F and not yet processed
A4: Position | B4: Object | C4: Index i | D4: Class | E4: d(Sᵢ) | F4: r(Sᵢ) | G4: Order against the next object decided by | H4: Tie note
A5: 1 | B5: =INDEX('ERDR Characteristics'!$A$5:$A$11,C5) -> S₁ | C5: =MATCH(A5,'ERDR Characteristics'!$K$5:$K$11,0) -> 1 | D5: =INDEX('ERDR Characteristics'!$B$5:$B$11,C5) -> 2 | E5: =INDEX('ERDR Characteristics'!$J$5:$J$11,C5) -> 0 | F5: =INDEX('ERDR Characteristics'!$D$5:$D$11,C5) -> 5.6070806 | G5: =IF(E5<E6,"d",IF(F5<F6,"r (equal d)","index (equal d and r)")) -> index (equal d and r) | H5: =IF(G5="d","",B5&" before "&B6&": d = "&TEXT(E5,"0.0000")&IF(LEFT(G5,1)="r",", r "&TEXT(F5,"0.0000")&" < "&TEXT(F6,"0.0000"),", r = "&TEXT(F5,"0.0000")&", index "&C5&" < "&C6)) -> S₁ before S₃: d = 0.0000, r = 5.6071, index 1 < 3
A6: 2 | B6: =INDEX('ERDR Characteristics'!$A$5:$A$11,C6) -> S₃ | C6: =MATCH(A6,'ERDR Characteristics'!$K$5:$K$11,0) -> 3 | D6: =INDEX('ERDR Characteristics'!$B$5:$B$11,C6) -> 1 | E6: =INDEX('ERDR Characteristics'!$J$5:$J$11,C6) -> 0 | F6: =INDEX('ERDR Characteristics'!$D$5:$D$11,C6) -> 5.6070806 | G6: =IF(E6<E7,"d",IF(F6<F7,"r (equal d)","index (equal d and r)")) -> r (equal d) | H6: =IF(G6="d","",B6&" before "&B7&": d = "&TEXT(E6,"0.0000")&IF(LEFT(G6,1)="r",", r "&TEXT(F6,"0.0000")&" < "&TEXT(F7,"0.0000"),", r = "&TEXT(F6,"0.0000")&", index "&C6&" < "&C7)) -> S₃ before S₅: d = 0.0000, r 5.6071 < 7.1117
A7: 3 | B7: =INDEX('ERDR Characteristics'!$A$5:$A$11,C7) -> S₅ | C7: =MATCH(A7,'ERDR Characteristics'!$K$5:$K$11,0) -> 5 | D7: =INDEX('ERDR Characteristics'!$B$5:$B$11,C7) -> 2 | E7: =INDEX('ERDR Characteristics'!$J$5:$J$11,C7) -> 0 | F7: =INDEX('ERDR Characteristics'!$D$5:$D$11,C7) -> 7.111704 | G7: =IF(E7<E8,"d",IF(F7<F8,"r (equal d)","index (equal d and r)")) -> d | H7: =IF(G7="d","",B7&" before "&B8&": d = "&TEXT(E7,"0.0000")&IF(LEFT(G7,1)="r",", r "&TEXT(F7,"0.0000")&" < "&TEXT(F8,"0.0000"),", r = "&TEXT(F7,"0.0000")&", index "&C7&" < "&C8))
A8: 4 | B8: =INDEX('ERDR Characteristics'!$A$5:$A$11,C8) -> S₂ | C8: =MATCH(A8,'ERDR Characteristics'!$K$5:$K$11,0) -> 2 | D8: =INDEX('ERDR Characteristics'!$B$5:$B$11,C8) -> 2 | E8: =INDEX('ERDR Characteristics'!$J$5:$J$11,C8) -> 0.079542839 | F8: =INDEX('ERDR Characteristics'!$D$5:$D$11,C8) -> 7.4699699 | G8: =IF(E8<E9,"d",IF(F8<F9,"r (equal d)","index (equal d and r)")) -> d | H8: =IF(G8="d","",B8&" before "&B9&": d = "&TEXT(E8,"0.0000")&IF(LEFT(G8,1)="r",", r "&TEXT(F8,"0.0000")&" < "&TEXT(F9,"0.0000"),", r = "&TEXT(F8,"0.0000")&", index "&C8&" < "&C9))
A9: 5 | B9: =INDEX('ERDR Characteristics'!$A$5:$A$11,C9) -> S₇ | C9: =MATCH(A9,'ERDR Characteristics'!$K$5:$K$11,0) -> 7 | D9: =INDEX('ERDR Characteristics'!$B$5:$B$11,C9) -> 1 | E9: =INDEX('ERDR Characteristics'!$J$5:$J$11,C9) -> 0.12529617 | F9: =INDEX('ERDR Characteristics'!$D$5:$D$11,C9) -> 3.9109814 | G9: =IF(E9<E10,"d",IF(F9<F10,"r (equal d)","index (equal d and r)")) -> d | H9: =IF(G9="d","",B9&" before "&B10&": d = "&TEXT(E9,"0.0000")&IF(LEFT(G9,1)="r",", r "&TEXT(F9,"0.0000")&" < "&TEXT(F10,"0.0000"),", r = "&TEXT(F9,"0.0000")&", index "&C9&" < "&C10))
A10: 6 | B10: =INDEX('ERDR Characteristics'!$A$5:$A$11,C10) -> S₆ | C10: =MATCH(A10,'ERDR Characteristics'!$K$5:$K$11,0) -> 6 | D10: =INDEX('ERDR Characteristics'!$B$5:$B$11,C10) -> 1 | E10: =INDEX('ERDR Characteristics'!$J$5:$J$11,C10) -> 0.16921699 | F10: =INDEX('ERDR Characteristics'!$D$5:$D$11,C10) -> 3.7071188 | G10: =IF(E10<E11,"d",IF(F10<F11,"r (equal d)","index (equal d and r)")) -> d | H10: =IF(G10="d","",B10&" before "&B11&": d = "&TEXT(E10,"0.0000")&IF(LEFT(G10,1)="r",", r "&TEXT(F10,"0.0000")&" < "&TEXT(F11,"0.0000"),", r = "&TEXT(F10,"0.0000")&", index "&C10&" < "&C11))
A11: 7 | B11: =INDEX('ERDR Characteristics'!$A$5:$A$11,C11) -> S₄ | C11: =MATCH(A11,'ERDR Characteristics'!$K$5:$K$11,0) -> 4 | D11: =INDEX('ERDR Characteristics'!$B$5:$B$11,C11) -> 2 | E11: =INDEX('ERDR Characteristics'!$J$5:$J$11,C11) -> 0.2529499 | F11: =INDEX('ERDR Characteristics'!$D$5:$D$11,C11) -> 3.7071188 | G11: — (last)
A13: The article: «Упорядочить объекты из множества {Sᵢ ∈ F | d(Sᵢ) ≥ 0} по возрастанию d(Sᵢ) … При равенстве d(Sᵢ) … сначала по возрастанию r(Sᵢ), затем по возрастанию индексов».
A14: Blocking (d ← −(d + ε)) removes an object from the queue, and objects that move to D leave F, so the queue of an iteration is this list without them (see ERDR Iterations, row “queue key”).
A15: Yellow: the order is decided by r (equal d); blue: decided by the index (equal d and r). Both tie rules of Step 2 occur in this sample.

Sheet ERDR Iterations
A1: ERDR Steps 2–5 · one block per iteration — queue, selection of Sᵢ, the set L, blocking, Step 4 / Step 5 decisions and counter corrections
A3: ="Settings: k = "&'Parameters'!$B$12&" · ε = "&'Parameters'!$B$17&" · readings A = "&'Parameters'!$B$24&", B = "&'Parameters'!$B$25&", C = "&'Parameters'!$B$26&IF(AND('Parameters'!$B$24=1,'Parameters'!$B$25=1,'Parameters'!$B$26=1)," (literal article text)"," (alternative reading — see Readings (Switches))") -> Settings: k = 3 · ε = 0.001 · readings A = 1, B = 1, C = 1 (literal article text)
A5: ="Iteration 1 · "&IF($K$9=0,"queue empty → Step 6 (stop)","Step 3 selects "&$K$10&" · L = "&$K$13&" · "&$K$15) -> Iteration 1 · Step 3 selects S₁ · L = {S₁, S₂, S₅} · |L| > 1 → Step 5 corrects g
A6: Row | B6: S₁ | C6: S₂ | D6: S₃ | E6: S₄ | F6: S₅ | G6: S₆ | H6: S₇ | J6: Iteration summary | K6: Value
A7: Class | B7: ='Dataset'!$P$5 -> 2 | C7: ='Dataset'!$P$6 -> 2 | D7: ='Dataset'!$P$7 -> 1 | E7: ='Dataset'!$P$8 -> 2 | F7: ='Dataset'!$P$9 -> 2 | G7: ='Dataset'!$P$10 -> 1 | H7: ='Dataset'!$P$11 -> 1 | J7: Queue length (Step 2) | K7: =SUM(B11:H11) -> 7
A8: In F before the iteration (1 = in the working set) | B8: 1 | C8: 1 | D8: 1 | E8: 1 | F8: 1 | G8: 1 | H8: 1 | J8: Smallest queue key | K8: =MIN(B12:H12) -> 1
A9: Processed before (blocked: d < 0) | B9: 0 | C9: 0 | D9: 0 | E9: 0 | F9: 0 | G9: 0 | H9: 0 | J9: Selected index i (0 = queue empty) | K9: =IF(K8=99,0,MATCH(K8,B12:H12,0)) -> 1
A10: g before the iteration | B10: ='ERDR Characteristics'!$E$5 -> 3 | C10: ='ERDR Characteristics'!$E$6 -> 4 | D10: ='ERDR Characteristics'!$E$7 -> 3 | E10: ='ERDR Characteristics'!$E$8 -> 1 | F10: ='ERDR Characteristics'!$E$9 -> 3 | G10: ='ERDR Characteristics'!$E$10 -> 1 | H10: ='ERDR Characteristics'!$E$11 -> 2 | J10: Step 3 · selected Sᵢ | K10: =IF(K9=0,"— (queue empty → Step 6)",INDEX(B6:H6,K9)) -> S₁
A11: Step 2 · in the queue: in F and not processed | B11: =IF(AND(B8=1,B9=0),1,0) -> 1 | C11: =IF(AND(C8=1,C9=0),1,0) -> 1 | D11: =IF(AND(D8=1,D9=0),1,0) -> 1 | E11: =IF(AND(E8=1,E9=0),1,0) -> 1 | F11: =IF(AND(F8=1,F9=0),1,0) -> 1 | G11: =IF(AND(G8=1,G9=0),1,0) -> 1 | H11: =IF(AND(H8=1,H9=0),1,0) -> 1 | J11: d(Sᵢ) | K11: =IF(K9=0,"—",INDEX('ERDR Characteristics'!$J$5:$J$11,K9)) -> 0
A12: Step 2 · queue key = priority position (99 = not in the queue) | B12: =IF(B11=1,'ERDR Characteristics'!$K$5,99) -> 1 | C12: =IF(C11=1,'ERDR Characteristics'!$K$6,99) -> 4 | D12: =IF(D11=1,'ERDR Characteristics'!$K$7,99) -> 2 | E12: =IF(E11=1,'ERDR Characteristics'!$K$8,99) -> 7 | F12: =IF(F11=1,'ERDR Characteristics'!$K$9,99) -> 3 | G12: =IF(G11=1,'ERDR Characteristics'!$K$10,99) -> 6 | H12: =IF(H11=1,'ERDR Characteristics'!$K$11,99) -> 5 | J12: r(Sᵢ) | K12: =IF(K9=0,"—",INDEX('ERDR Characteristics'!$D$5:$D$11,K9)) -> 5.6070806
A13: Step 3 · selected Sᵢ (smallest key) | B13: =IF($K$9=1,1,0) -> 1 | C13: =IF($K$9=2,1,0) -> 0 | D13: =IF($K$9=3,1,0) -> 0 | E13: =IF($K$9=4,1,0) -> 0 | F13: =IF($K$9=5,1,0) -> 0 | G13: =IF($K$9=6,1,0) -> 0 | H13: =IF($K$9=7,1,0) -> 0 | J13: Step 4 · L | K13: =IF(K14=0,"∅","{"&MID(IF(B20=1,", "&B$6,"")&IF(C20=1,", "&C$6,"")&IF(D20=1,", "&D$6,"")&IF(E20=1,", "&E$6,"")&IF(F20=1,", "&F$6,"")&IF(G20=1,", "&G$6,"")&IF(H20=1,", "&H$6,""),3,200)&"}") -> {S₁, S₂, S₅}
A14: Same class as Sᵢ | B14: =IF($K$9=0,0,IF(B7=INDEX($B$7:$H$7,$K$9),1,0)) -> 1 | C14: =IF($K$9=0,0,IF(C7=INDEX($B$7:$H$7,$K$9),1,0)) -> 1 | D14: =IF($K$9=0,0,IF(D7=INDEX($B$7:$H$7,$K$9),1,0)) -> 0 | E14: =IF($K$9=0,0,IF(E7=INDEX($B$7:$H$7,$K$9),1,0)) -> 1 | F14: =IF($K$9=0,0,IF(F7=INDEX($B$7:$H$7,$K$9),1,0)) -> 1 | G14: =IF($K$9=0,0,IF(G7=INDEX($B$7:$H$7,$K$9),1,0)) -> 0 | H14: =IF($K$9=0,0,IF(H7=INDEX($B$7:$H$7,$K$9),1,0)) -> 0 | J14: |L| | K14: =SUM(B20:H20) -> 3
A15: ρ(Sⱼ, Sᵢ) | B15: =IF($K$9=0,"—",INDEX('Zhuravlev Distances'!$B$5:$H$5,$K$9)) -> 0 | C15: =IF($K$9=0,"—",INDEX('Zhuravlev Distances'!$B$6:$H$6,$K$9)) -> 4.6606101 | D15: =IF($K$9=0,"—",INDEX('Zhuravlev Distances'!$B$7:$H$7,$K$9)) -> 5.6070806 | E15: =IF($K$9=0,"—",INDEX('Zhuravlev Distances'!$B$8:$H$8,$K$9)) -> 6.6272117 | F15: =IF($K$9=0,"—",INDEX('Zhuravlev Distances'!$B$9:$H$9,$K$9)) -> 4.8565209 | G15: =IF($K$9=0,"—",INDEX('Zhuravlev Distances'!$B$10:$H$10,$K$9)) -> 6.801567 | H15: =IF($K$9=0,"—",INDEX('Zhuravlev Distances'!$B$11:$H$11,$K$9)) -> 5.8897936 | J15: Decision | K15: =IF(K9=0,"Step 6 · stop",IF(K14=0,"|L| = 0 → Sᵢ is only blocked and stays in F",IF(K14=1,"|L| = 1 → Sᵢ moves to D","|L| > 1 → Step 5 corrects g"))) -> |L| > 1 → Step 5 corrects g
A16: r(Sⱼ) | B16: ='ERDR Characteristics'!$D$5 -> 5.6070806 | C16: ='ERDR Characteristics'!$D$6 -> 7.4699699 | D16: ='ERDR Characteristics'!$D$7 -> 5.6070806 | E16: ='ERDR Characteristics'!$D$8 -> 3.7071188 | F16: ='ERDR Characteristics'!$D$9 -> 7.111704 | G16: ='ERDR Characteristics'!$D$10 -> 3.7071188 | H16: ='ERDR Characteristics'!$D$11 -> 3.9109814 | J16: Step 5 · counters g: before → after | K16: =IF(SUM(B22:H22)=0,"—",MID(IF(B22=1,", "&B$6&": "&B10&" → "&B23,"")&IF(C22=1,", "&C$6&": "&C10&" → "&C23,"")&IF(D22=1,", "&D$6&": "&D10&" → "&D23,"")&IF(E22=1,", "&E$6&": "&E10&" → "&E23,"")&IF(F22=1,", "&F$6&": "&F10&" → "&F23,"")&IF(G22=1,", "&G$6&": "&G10&" → "&G23,"")&IF(H22=1,", "&H$6&": "&H10&" → "&H23,""),3,300)) -> S₁: 3 → 2, S₂: 4 → 3, S₅: 3 → 2
A17: Sᵢ inside the sphere of Sⱼ: ρ(Sⱼ, Sᵢ) < r(Sⱼ) | B17: =IF($K$9=0,0,IF(B15<B16,1,0)) -> 1 | C17: =IF($K$9=0,0,IF(C15<C16,1,0)) -> 1 | D17: =IF($K$9=0,0,IF(D15<D16,1,0)) -> 0 | E17: =IF($K$9=0,0,IF(E15<E16,1,0)) -> 0 | F17: =IF($K$9=0,0,IF(F15<F16,1,0)) -> 1 | G17: =IF($K$9=0,0,IF(G15<G16,1,0)) -> 0 | H17: =IF($K$9=0,0,IF(H15<H16,1,0)) -> 0 | J17: Moved to D | K17: =IF(SUM(B25:H25)=0,"—",MID(IF(B25=1,", "&B$6&IF(B21=1," (Step 4)"," (Step 5)"),"")&IF(C25=1,", "&C$6&IF(C21=1," (Step 4)"," (Step 5)"),"")&IF(D25=1,", "&D$6&IF(D21=1," (Step 4)"," (Step 5)"),"")&IF(E25=1,", "&E$6&IF(E21=1," (Step 4)"," (Step 5)"),"")&IF(F25=1,", "&F$6&IF(F21=1," (Step 4)"," (Step 5)"),"")&IF(G25=1,", "&G$6&IF(G21=1," (Step 4)"," (Step 5)"),"")&IF(H25=1,", "&H$6&IF(H21=1," (Step 4)"," (Step 5)"),""),3,300)) -> —
A18: g(Sⱼ) > 1 | B18: =IF(B10>1,1,0) -> 1 | C18: =IF(C10>1,1,0) -> 1 | D18: =IF(D10>1,1,0) -> 1 | E18: =IF(E10>1,1,0) -> 0 | F18: =IF(F10>1,1,0) -> 1 | G18: =IF(G10>1,1,0) -> 0 | H18: =IF(H10>1,1,0) -> 1 | J18: |F| after | K18: =SUM(B26:H26) -> 7
A19: Allowed by readings A (Sᵢ itself) and B (processed Sⱼ) | B19: =IF($K$9=0,0,IF($K$9=1,IF('Parameters'!$B$24=1,1,0),IF(OR('Parameters'!$B$25=1,B9=0),1,0))) -> 1 | C19: =IF($K$9=0,0,IF($K$9=2,IF('Parameters'!$B$24=1,1,0),IF(OR('Parameters'!$B$25=1,C9=0),1,0))) -> 1 | D19: =IF($K$9=0,0,IF($K$9=3,IF('Parameters'!$B$24=1,1,0),IF(OR('Parameters'!$B$25=1,D9=0),1,0))) -> 1 | E19: =IF($K$9=0,0,IF($K$9=4,IF('Parameters'!$B$24=1,1,0),IF(OR('Parameters'!$B$25=1,E9=0),1,0))) -> 1 | F19: =IF($K$9=0,0,IF($K$9=5,IF('Parameters'!$B$24=1,1,0),IF(OR('Parameters'!$B$25=1,F9=0),1,0))) -> 1 | G19: =IF($K$9=0,0,IF($K$9=6,IF('Parameters'!$B$24=1,1,0),IF(OR('Parameters'!$B$25=1,G9=0),1,0))) -> 1 | H19: =IF($K$9=0,0,IF($K$9=7,IF('Parameters'!$B$24=1,1,0),IF(OR('Parameters'!$B$25=1,H9=0),1,0))) -> 1 | J19: |D| after | K19: =SUM(B29:H29) -> 0
A20: Step 4 · Sⱼ ∈ L | B20: =B8*B14*B17*B18*B19 -> 1 | C20: =C8*C14*C17*C18*C19 -> 1 | D20: =D8*D14*D17*D18*D19 -> 0 | E20: =E8*E14*E17*E18*E19 -> 0 | F20: =F8*F14*F17*F18*F19 -> 1 | G20: =G8*G14*G17*G18*G19 -> 0 | H20: =H8*H14*H17*H18*H19 -> 0 | J20: Objects left in the queue | K20: =SUMPRODUCT(B26:H26*(1-B27:H27)) -> 6
A21: Step 4 · |L| = 1 → Sᵢ moves to D | B21: =IF(AND(B13=1,$K$14=1),1,0) -> 0 | C21: =IF(AND(C13=1,$K$14=1),1,0) -> 0 | D21: =IF(AND(D13=1,$K$14=1),1,0) -> 0 | E21: =IF(AND(E13=1,$K$14=1),1,0) -> 0 | F21: =IF(AND(F13=1,$K$14=1),1,0) -> 0 | G21: =IF(AND(G13=1,$K$14=1),1,0) -> 0 | H21: =IF(AND(H13=1,$K$14=1),1,0) -> 0 | J21: Step 4 · Sᵢ blocked: d(Sᵢ) ← −(d + ε) | K21: =IF(K9=0,"—",-(INDEX('ERDR Characteristics'!$J$5:$J$11,K9)+'Parameters'!$B$17)) -> -0.001
A22: Step 5 · counter decreased (|L| > 1) | B22: =IF($K$14>1,B20,0) -> 1 | C22: =IF($K$14>1,C20*IF('Parameters'!$B$26=1,1,IF(SUMPRODUCT($B$20:B$20*($B$10:B$10=2))=0,1,0)),0) -> 1 | D22: =IF($K$14>1,D20*IF('Parameters'!$B$26=1,1,IF(SUMPRODUCT($B$20:C$20*($B$10:C$10=2))=0,1,0)),0) -> 0 | E22: =IF($K$14>1,E20*IF('Parameters'!$B$26=1,1,IF(SUMPRODUCT($B$20:D$20*($B$10:D$10=2))=0,1,0)),0) -> 0 | F22: =IF($K$14>1,F20*IF('Parameters'!$B$26=1,1,IF(SUMPRODUCT($B$20:E$20*($B$10:E$10=2))=0,1,0)),0) -> 1 | G22: =IF($K$14>1,G20*IF('Parameters'!$B$26=1,1,IF(SUMPRODUCT($B$20:F$20*($B$10:F$10=2))=0,1,0)),0) -> 0 | H22: =IF($K$14>1,H20*IF('Parameters'!$B$26=1,1,IF(SUMPRODUCT($B$20:G$20*($B$10:G$10=2))=0,1,0)),0) -> 0
A23: g after the iteration | B23: =B10-B22 -> 2 | C23: =C10-C22 -> 3 | D23: =D10-D22 -> 3 | E23: =E10-E22 -> 1 | F23: =F10-F22 -> 2 | G23: =G10-G22 -> 1 | H23: =H10-H22 -> 2
A24: Step 5 · g fell to 1 → Sⱼ moves to D | B24: =IF(AND(B22=1,B23=1),1,0) -> 0 | C24: =IF(AND(C22=1,C23=1),1,0) -> 0 | D24: =IF(AND(D22=1,D23=1),1,0) -> 0 | E24: =IF(AND(E22=1,E23=1),1,0) -> 0 | F24: =IF(AND(F22=1,F23=1),1,0) -> 0 | G24: =IF(AND(G22=1,G23=1),1,0) -> 0 | H24: =IF(AND(H22=1,H23=1),1,0) -> 0
A25: Moves to D in this iteration | B25: =B21+B24 -> 0 | C25: =C21+C24 -> 0 | D25: =D21+D24 -> 0 | E25: =E21+E24 -> 0 | F25: =F21+F24 -> 0 | G25: =G21+G24 -> 0 | H25: =H21+H24 -> 0
A26: In F after the iteration | B26: =B8-B25 -> 1 | C26: =C8-C25 -> 1 | D26: =D8-D25 -> 1 | E26: =E8-E25 -> 1 | F26: =F8-F25 -> 1 | G26: =G8-G25 -> 1 | H26: =H8-H25 -> 1
A27: Processed after the iteration | B27: =MIN(1,B9+B13) -> 1 | C27: =MIN(1,C9+C13) -> 0 | D27: =MIN(1,D9+D13) -> 0 | E27: =MIN(1,E9+E13) -> 0 | F27: =MIN(1,F9+F13) -> 0 | G27: =MIN(1,G9+G13) -> 0 | H27: =MIN(1,H9+H13) -> 0
A28: d after (article: −(d + ε) once processed) | B28: =IF(B27=1,-('ERDR Characteristics'!$J$5+'Parameters'!$B$17),'ERDR Characteristics'!$J$5) -> -0.001 | C28: =IF(C27=1,-('ERDR Characteristics'!$J$6+'Parameters'!$B$17),'ERDR Characteristics'!$J$6) -> 0.079542839 | D28: =IF(D27=1,-('ERDR Characteristics'!$J$7+'Parameters'!$B$17),'ERDR Characteristics'!$J$7) -> 0 | E28: =IF(E27=1,-('ERDR Characteristics'!$J$8+'Parameters'!$B$17),'ERDR Characteristics'!$J$8) -> 0.2529499 | F28: =IF(F27=1,-('ERDR Characteristics'!$J$9+'Parameters'!$B$17),'ERDR Characteristics'!$J$9) -> 0 | G28: =IF(G27=1,-('ERDR Characteristics'!$J$10+'Parameters'!$B$17),'ERDR Characteristics'!$J$10) -> 0.16921699 | H28: =IF(H27=1,-('ERDR Characteristics'!$J$11+'Parameters'!$B$17),'ERDR Characteristics'!$J$11) -> 0.12529617
A29: In D after the iteration | B29: =1-B26 -> 0 | C29: =1-C26 -> 0 | D29: =1-D26 -> 0 | E29: =1-E26 -> 0 | F29: =1-F26 -> 0 | G29: =1-G26 -> 0 | H29: =1-H26 -> 0
A31: ="Iteration 2 · "&IF($K$35=0,"queue empty → Step 6 (stop)","Step 3 selects "&$K$36&" · L = "&$K$39&" · "&$K$41) -> Iteration 2 · Step 3 selects S₃ · L = {S₃, S₇} · |L| > 1 → Step 5 corrects g
A32: Row | B32: S₁ | C32: S₂ | D32: S₃ | E32: S₄ | F32: S₅ | G32: S₆ | H32: S₇ | J32: Iteration summary | K32: Value
A33: Class | B33: ='Dataset'!$P$5 -> 2 | C33: ='Dataset'!$P$6 -> 2 | D33: ='Dataset'!$P$7 -> 1 | E33: ='Dataset'!$P$8 -> 2 | F33: ='Dataset'!$P$9 -> 2 | G33: ='Dataset'!$P$10 -> 1 | H33: ='Dataset'!$P$11 -> 1 | J33: Queue length (Step 2) | K33: =SUM(B37:H37) -> 6
A34: In F before the iteration (1 = in the working set) | B34: =B26 -> 1 | C34: =C26 -> 1 | D34: =D26 -> 1 | E34: =E26 -> 1 | F34: =F26 -> 1 | G34: =G26 -> 1 | H34: =H26 -> 1 | J34: Smallest queue key | K34: =MIN(B38:H38) -> 2
A35: Processed before (blocked: d < 0) | B35: =B27 -> 1 | C35: =C27 -> 0 | D35: =D27 -> 0 | E35: =E27 -> 0 | F35: =F27 -> 0 | G35: =G27 -> 0 | H35: =H27 -> 0 | J35: Selected index i (0 = queue empty) | K35: =IF(K34=99,0,MATCH(K34,B38:H38,0)) -> 3
A36: g before the iteration | B36: =B23 -> 2 | C36: =C23 -> 3 | D36: =D23 -> 3 | E36: =E23 -> 1 | F36: =F23 -> 2 | G36: =G23 -> 1 | H36: =H23 -> 2 | J36: Step 3 · selected Sᵢ | K36: =IF(K35=0,"— (queue empty → Step 6)",INDEX(B32:H32,K35)) -> S₃
A37: Step 2 · in the queue: in F and not processed | B37: =IF(AND(B34=1,B35=0),1,0) -> 0 | C37: =IF(AND(C34=1,C35=0),1,0) -> 1 | D37: =IF(AND(D34=1,D35=0),1,0) -> 1 | E37: =IF(AND(E34=1,E35=0),1,0) -> 1 | F37: =IF(AND(F34=1,F35=0),1,0) -> 1 | G37: =IF(AND(G34=1,G35=0),1,0) -> 1 | H37: =IF(AND(H34=1,H35=0),1,0) -> 1 | J37: d(Sᵢ) | K37: =IF(K35=0,"—",INDEX('ERDR Characteristics'!$J$5:$J$11,K35)) -> 0
A38: Step 2 · queue key = priority position (99 = not in the queue) | B38: =IF(B37=1,'ERDR Characteristics'!$K$5,99) -> 99 | C38: =IF(C37=1,'ERDR Characteristics'!$K$6,99) -> 4 | D38: =IF(D37=1,'ERDR Characteristics'!$K$7,99) -> 2 | E38: =IF(E37=1,'ERDR Characteristics'!$K$8,99) -> 7 | F38: =IF(F37=1,'ERDR Characteristics'!$K$9,99) -> 3 | G38: =IF(G37=1,'ERDR Characteristics'!$K$10,99) -> 6 | H38: =IF(H37=1,'ERDR Characteristics'!$K$11,99) -> 5 | J38: r(Sᵢ) | K38: =IF(K35=0,"—",INDEX('ERDR Characteristics'!$D$5:$D$11,K35)) -> 5.6070806
A39: Step 3 · selected Sᵢ (smallest key) | B39: =IF($K$35=1,1,0) -> 0 | C39: =IF($K$35=2,1,0) -> 0 | D39: =IF($K$35=3,1,0) -> 1 | E39: =IF($K$35=4,1,0) -> 0 | F39: =IF($K$35=5,1,0) -> 0 | G39: =IF($K$35=6,1,0) -> 0 | H39: =IF($K$35=7,1,0) -> 0 | J39: Step 4 · L | K39: =IF(K40=0,"∅","{"&MID(IF(B46=1,", "&B$32,"")&IF(C46=1,", "&C$32,"")&IF(D46=1,", "&D$32,"")&IF(E46=1,", "&E$32,"")&IF(F46=1,", "&F$32,"")&IF(G46=1,", "&G$32,"")&IF(H46=1,", "&H$32,""),3,200)&"}") -> {S₃, S₇}
A40: Same class as Sᵢ | B40: =IF($K$35=0,0,IF(B33=INDEX($B$33:$H$33,$K$35),1,0)) -> 0 | C40: =IF($K$35=0,0,IF(C33=INDEX($B$33:$H$33,$K$35),1,0)) -> 0 | D40: =IF($K$35=0,0,IF(D33=INDEX($B$33:$H$33,$K$35),1,0)) -> 1 | E40: =IF($K$35=0,0,IF(E33=INDEX($B$33:$H$33,$K$35),1,0)) -> 0 | F40: =IF($K$35=0,0,IF(F33=INDEX($B$33:$H$33,$K$35),1,0)) -> 0 | G40: =IF($K$35=0,0,IF(G33=INDEX($B$33:$H$33,$K$35),1,0)) -> 1 | H40: =IF($K$35=0,0,IF(H33=INDEX($B$33:$H$33,$K$35),1,0)) -> 1 | J40: |L| | K40: =SUM(B46:H46) -> 2
A41: ρ(Sⱼ, Sᵢ) | B41: =IF($K$35=0,"—",INDEX('Zhuravlev Distances'!$B$5:$H$5,$K$35)) -> 5.6070806 | C41: =IF($K$35=0,"—",INDEX('Zhuravlev Distances'!$B$6:$H$6,$K$35)) -> 7.4699699 | D41: =IF($K$35=0,"—",INDEX('Zhuravlev Distances'!$B$7:$H$7,$K$35)) -> 0 | E41: =IF($K$35=0,"—",INDEX('Zhuravlev Distances'!$B$8:$H$8,$K$35)) -> 6.217567 | F41: =IF($K$35=0,"—",INDEX('Zhuravlev Distances'!$B$9:$H$9,$K$35)) -> 7.3117497 | G41: =IF($K$35=0,"—",INDEX('Zhuravlev Distances'!$B$10:$H$10,$K$35)) -> 5.2172784 | H41: =IF($K$35=0,"—",INDEX('Zhuravlev Distances'!$B$11:$H$11,$K$35)) -> 2.7849754 | J41: Decision | K41: =IF(K35=0,"Step 6 · stop",IF(K40=0,"|L| = 0 → Sᵢ is only blocked and stays in F",IF(K40=1,"|L| = 1 → Sᵢ moves to D","|L| > 1 → Step 5 corrects g"))) -> |L| > 1 → Step 5 corrects g
A42: r(Sⱼ) | B42: ='ERDR Characteristics'!$D$5 -> 5.6070806 | C42: ='ERDR Characteristics'!$D$6 -> 7.4699699 | D42: ='ERDR Characteristics'!$D$7 -> 5.6070806 | E42: ='ERDR Characteristics'!$D$8 -> 3.7071188 | F42: ='ERDR Characteristics'!$D$9 -> 7.111704 | G42: ='ERDR Characteristics'!$D$10 -> 3.7071188 | H42: ='ERDR Characteristics'!$D$11 -> 3.9109814 | J42: Step 5 · counters g: before → after | K42: =IF(SUM(B48:H48)=0,"—",MID(IF(B48=1,", "&B$32&": "&B36&" → "&B49,"")&IF(C48=1,", "&C$32&": "&C36&" → "&C49,"")&IF(D48=1,", "&D$32&": "&D36&" → "&D49,"")&IF(E48=1,", "&E$32&": "&E36&" → "&E49,"")&IF(F48=1,", "&F$32&": "&F36&" → "&F49,"")&IF(G48=1,", "&G$32&": "&G36&" → "&G49,"")&IF(H48=1,", "&H$32&": "&H36&" → "&H49,""),3,300)) -> S₃: 3 → 2, S₇: 2 → 1
A43: Sᵢ inside the sphere of Sⱼ: ρ(Sⱼ, Sᵢ) < r(Sⱼ) | B43: =IF($K$35=0,0,IF(B41<B42,1,0)) -> 0 | C43: =IF($K$35=0,0,IF(C41<C42,1,0)) -> 0 | D43: =IF($K$35=0,0,IF(D41<D42,1,0)) -> 1 | E43: =IF($K$35=0,0,IF(E41<E42,1,0)) -> 0 | F43: =IF($K$35=0,0,IF(F41<F42,1,0)) -> 0 | G43: =IF($K$35=0,0,IF(G41<G42,1,0)) -> 0 | H43: =IF($K$35=0,0,IF(H41<H42,1,0)) -> 1 | J43: Moved to D | K43: =IF(SUM(B51:H51)=0,"—",MID(IF(B51=1,", "&B$32&IF(B47=1," (Step 4)"," (Step 5)"),"")&IF(C51=1,", "&C$32&IF(C47=1," (Step 4)"," (Step 5)"),"")&IF(D51=1,", "&D$32&IF(D47=1," (Step 4)"," (Step 5)"),"")&IF(E51=1,", "&E$32&IF(E47=1," (Step 4)"," (Step 5)"),"")&IF(F51=1,", "&F$32&IF(F47=1," (Step 4)"," (Step 5)"),"")&IF(G51=1,", "&G$32&IF(G47=1," (Step 4)"," (Step 5)"),"")&IF(H51=1,", "&H$32&IF(H47=1," (Step 4)"," (Step 5)"),""),3,300)) -> S₇ (Step 5)
A44: g(Sⱼ) > 1 | B44: =IF(B36>1,1,0) -> 1 | C44: =IF(C36>1,1,0) -> 1 | D44: =IF(D36>1,1,0) -> 1 | E44: =IF(E36>1,1,0) -> 0 | F44: =IF(F36>1,1,0) -> 1 | G44: =IF(G36>1,1,0) -> 0 | H44: =IF(H36>1,1,0) -> 1 | J44: |F| after | K44: =SUM(B52:H52) -> 6
A45: Allowed by readings A (Sᵢ itself) and B (processed Sⱼ) | B45: =IF($K$35=0,0,IF($K$35=1,IF('Parameters'!$B$24=1,1,0),IF(OR('Parameters'!$B$25=1,B35=0),1,0))) -> 1 | C45: =IF($K$35=0,0,IF($K$35=2,IF('Parameters'!$B$24=1,1,0),IF(OR('Parameters'!$B$25=1,C35=0),1,0))) -> 1 | D45: =IF($K$35=0,0,IF($K$35=3,IF('Parameters'!$B$24=1,1,0),IF(OR('Parameters'!$B$25=1,D35=0),1,0))) -> 1 | E45: =IF($K$35=0,0,IF($K$35=4,IF('Parameters'!$B$24=1,1,0),IF(OR('Parameters'!$B$25=1,E35=0),1,0))) -> 1 | F45: =IF($K$35=0,0,IF($K$35=5,IF('Parameters'!$B$24=1,1,0),IF(OR('Parameters'!$B$25=1,F35=0),1,0))) -> 1 | G45: =IF($K$35=0,0,IF($K$35=6,IF('Parameters'!$B$24=1,1,0),IF(OR('Parameters'!$B$25=1,G35=0),1,0))) -> 1 | H45: =IF($K$35=0,0,IF($K$35=7,IF('Parameters'!$B$24=1,1,0),IF(OR('Parameters'!$B$25=1,H35=0),1,0))) -> 1 | J45: |D| after | K45: =SUM(B55:H55) -> 1
A46: Step 4 · Sⱼ ∈ L | B46: =B34*B40*B43*B44*B45 -> 0 | C46: =C34*C40*C43*C44*C45 -> 0 | D46: =D34*D40*D43*D44*D45 -> 1 | E46: =E34*E40*E43*E44*E45 -> 0 | F46: =F34*F40*F43*F44*F45 -> 0 | G46: =G34*G40*G43*G44*G45 -> 0 | H46: =H34*H40*H43*H44*H45 -> 1 | J46: Objects left in the queue | K46: =SUMPRODUCT(B52:H52*(1-B53:H53)) -> 4
A47: Step 4 · |L| = 1 → Sᵢ moves to D | B47: =IF(AND(B39=1,$K$40=1),1,0) -> 0 | C47: =IF(AND(C39=1,$K$40=1),1,0) -> 0 | D47: =IF(AND(D39=1,$K$40=1),1,0) -> 0 | E47: =IF(AND(E39=1,$K$40=1),1,0) -> 0 | F47: =IF(AND(F39=1,$K$40=1),1,0) -> 0 | G47: =IF(AND(G39=1,$K$40=1),1,0) -> 0 | H47: =IF(AND(H39=1,$K$40=1),1,0) -> 0 | J47: Step 4 · Sᵢ blocked: d(Sᵢ) ← −(d + ε) | K47: =IF(K35=0,"—",-(INDEX('ERDR Characteristics'!$J$5:$J$11,K35)+'Parameters'!$B$17)) -> -0.001
A48: Step 5 · counter decreased (|L| > 1) | B48: =IF($K$40>1,B46,0) -> 0 | C48: =IF($K$40>1,C46*IF('Parameters'!$B$26=1,1,IF(SUMPRODUCT($B$46:B$46*($B$36:B$36=2))=0,1,0)),0) -> 0 | D48: =IF($K$40>1,D46*IF('Parameters'!$B$26=1,1,IF(SUMPRODUCT($B$46:C$46*($B$36:C$36=2))=0,1,0)),0) -> 1 | E48: =IF($K$40>1,E46*IF('Parameters'!$B$26=1,1,IF(SUMPRODUCT($B$46:D$46*($B$36:D$36=2))=0,1,0)),0) -> 0 | F48: =IF($K$40>1,F46*IF('Parameters'!$B$26=1,1,IF(SUMPRODUCT($B$46:E$46*($B$36:E$36=2))=0,1,0)),0) -> 0 | G48: =IF($K$40>1,G46*IF('Parameters'!$B$26=1,1,IF(SUMPRODUCT($B$46:F$46*($B$36:F$36=2))=0,1,0)),0) -> 0 | H48: =IF($K$40>1,H46*IF('Parameters'!$B$26=1,1,IF(SUMPRODUCT($B$46:G$46*($B$36:G$36=2))=0,1,0)),0) -> 1
A49: g after the iteration | B49: =B36-B48 -> 2 | C49: =C36-C48 -> 3 | D49: =D36-D48 -> 2 | E49: =E36-E48 -> 1 | F49: =F36-F48 -> 2 | G49: =G36-G48 -> 1 | H49: =H36-H48 -> 1
A50: Step 5 · g fell to 1 → Sⱼ moves to D | B50: =IF(AND(B48=1,B49=1),1,0) -> 0 | C50: =IF(AND(C48=1,C49=1),1,0) -> 0 | D50: =IF(AND(D48=1,D49=1),1,0) -> 0 | E50: =IF(AND(E48=1,E49=1),1,0) -> 0 | F50: =IF(AND(F48=1,F49=1),1,0) -> 0 | G50: =IF(AND(G48=1,G49=1),1,0) -> 0 | H50: =IF(AND(H48=1,H49=1),1,0) -> 1
A51: Moves to D in this iteration | B51: =B47+B50 -> 0 | C51: =C47+C50 -> 0 | D51: =D47+D50 -> 0 | E51: =E47+E50 -> 0 | F51: =F47+F50 -> 0 | G51: =G47+G50 -> 0 | H51: =H47+H50 -> 1
A52: In F after the iteration | B52: =B34-B51 -> 1 | C52: =C34-C51 -> 1 | D52: =D34-D51 -> 1 | E52: =E34-E51 -> 1 | F52: =F34-F51 -> 1 | G52: =G34-G51 -> 1 | H52: =H34-H51 -> 0
A53: Processed after the iteration | B53: =MIN(1,B35+B39) -> 1 | C53: =MIN(1,C35+C39) -> 0 | D53: =MIN(1,D35+D39) -> 1 | E53: =MIN(1,E35+E39) -> 0 | F53: =MIN(1,F35+F39) -> 0 | G53: =MIN(1,G35+G39) -> 0 | H53: =MIN(1,H35+H39) -> 0
A54: d after (article: −(d + ε) once processed) | B54: =IF(B53=1,-('ERDR Characteristics'!$J$5+'Parameters'!$B$17),'ERDR Characteristics'!$J$5) -> -0.001 | C54: =IF(C53=1,-('ERDR Characteristics'!$J$6+'Parameters'!$B$17),'ERDR Characteristics'!$J$6) -> 0.079542839 | D54: =IF(D53=1,-('ERDR Characteristics'!$J$7+'Parameters'!$B$17),'ERDR Characteristics'!$J$7) -> -0.001 | E54: =IF(E53=1,-('ERDR Characteristics'!$J$8+'Parameters'!$B$17),'ERDR Characteristics'!$J$8) -> 0.2529499 | F54: =IF(F53=1,-('ERDR Characteristics'!$J$9+'Parameters'!$B$17),'ERDR Characteristics'!$J$9) -> 0 | G54: =IF(G53=1,-('ERDR Characteristics'!$J$10+'Parameters'!$B$17),'ERDR Characteristics'!$J$10) -> 0.16921699 | H54: =IF(H53=1,-('ERDR Characteristics'!$J$11+'Parameters'!$B$17),'ERDR Characteristics'!$J$11) -> 0.12529617
A55: In D after the iteration | B55: =1-B52 -> 0 | C55: =1-C52 -> 0 | D55: =1-D52 -> 0 | E55: =1-E52 -> 0 | F55: =1-F52 -> 0 | G55: =1-G52 -> 0 | H55: =1-H52 -> 1
A57: ="Iteration 3 · "&IF($K$61=0,"queue empty → Step 6 (stop)","Step 3 selects "&$K$62&" · L = "&$K$65&" · "&$K$67) -> Iteration 3 · Step 3 selects S₅ · L = {S₁, S₂, S₅} · |L| > 1 → Step 5 corrects g
A58: Row | B58: S₁ | C58: S₂ | D58: S₃ | E58: S₄ | F58: S₅ | G58: S₆ | H58: S₇ | J58: Iteration summary | K58: Value
A59: Class | B59: ='Dataset'!$P$5 -> 2 | C59: ='Dataset'!$P$6 -> 2 | D59: ='Dataset'!$P$7 -> 1 | E59: ='Dataset'!$P$8 -> 2 | F59: ='Dataset'!$P$9 -> 2 | G59: ='Dataset'!$P$10 -> 1 | H59: ='Dataset'!$P$11 -> 1 | J59: Queue length (Step 2) | K59: =SUM(B63:H63) -> 4
A60: In F before the iteration (1 = in the working set) | B60: =B52 -> 1 | C60: =C52 -> 1 | D60: =D52 -> 1 | E60: =E52 -> 1 | F60: =F52 -> 1 | G60: =G52 -> 1 | H60: =H52 -> 0 | J60: Smallest queue key | K60: =MIN(B64:H64) -> 3
A61: Processed before (blocked: d < 0) | B61: =B53 -> 1 | C61: =C53 -> 0 | D61: =D53 -> 1 | E61: =E53 -> 0 | F61: =F53 -> 0 | G61: =G53 -> 0 | H61: =H53 -> 0 | J61: Selected index i (0 = queue empty) | K61: =IF(K60=99,0,MATCH(K60,B64:H64,0)) -> 5
A62: g before the iteration | B62: =B49 -> 2 | C62: =C49 -> 3 | D62: =D49 -> 2 | E62: =E49 -> 1 | F62: =F49 -> 2 | G62: =G49 -> 1 | H62: =H49 -> 1 | J62: Step 3 · selected Sᵢ | K62: =IF(K61=0,"— (queue empty → Step 6)",INDEX(B58:H58,K61)) -> S₅
A63: Step 2 · in the queue: in F and not processed | B63: =IF(AND(B60=1,B61=0),1,0) -> 0 | C63: =IF(AND(C60=1,C61=0),1,0) -> 1 | D63: =IF(AND(D60=1,D61=0),1,0) -> 0 | E63: =IF(AND(E60=1,E61=0),1,0) -> 1 | F63: =IF(AND(F60=1,F61=0),1,0) -> 1 | G63: =IF(AND(G60=1,G61=0),1,0) -> 1 | H63: =IF(AND(H60=1,H61=0),1,0) -> 0 | J63: d(Sᵢ) | K63: =IF(K61=0,"—",INDEX('ERDR Characteristics'!$J$5:$J$11,K61)) -> 0
A64: Step 2 · queue key = priority position (99 = not in the queue) | B64: =IF(B63=1,'ERDR Characteristics'!$K$5,99) -> 99 | C64: =IF(C63=1,'ERDR Characteristics'!$K$6,99) -> 4 | D64: =IF(D63=1,'ERDR Characteristics'!$K$7,99) -> 99 | E64: =IF(E63=1,'ERDR Characteristics'!$K$8,99) -> 7 | F64: =IF(F63=1,'ERDR Characteristics'!$K$9,99) -> 3 | G64: =IF(G63=1,'ERDR Characteristics'!$K$10,99) -> 6 | H64: =IF(H63=1,'ERDR Characteristics'!$K$11,99) -> 99 | J64: r(Sᵢ) | K64: =IF(K61=0,"—",INDEX('ERDR Characteristics'!$D$5:$D$11,K61)) -> 7.111704
A65: Step 3 · selected Sᵢ (smallest key) | B65: =IF($K$61=1,1,0) -> 0 | C65: =IF($K$61=2,1,0) -> 0 | D65: =IF($K$61=3,1,0) -> 0 | E65: =IF($K$61=4,1,0) -> 0 | F65: =IF($K$61=5,1,0) -> 1 | G65: =IF($K$61=6,1,0) -> 0 | H65: =IF($K$61=7,1,0) -> 0 | J65: Step 4 · L | K65: =IF(K66=0,"∅","{"&MID(IF(B72=1,", "&B$58,"")&IF(C72=1,", "&C$58,"")&IF(D72=1,", "&D$58,"")&IF(E72=1,", "&E$58,"")&IF(F72=1,", "&F$58,"")&IF(G72=1,", "&G$58,"")&IF(H72=1,", "&H$58,""),3,200)&"}") -> {S₁, S₂, S₅}
A66: Same class as Sᵢ | B66: =IF($K$61=0,0,IF(B59=INDEX($B$59:$H$59,$K$61),1,0)) -> 1 | C66: =IF($K$61=0,0,IF(C59=INDEX($B$59:$H$59,$K$61),1,0)) -> 1 | D66: =IF($K$61=0,0,IF(D59=INDEX($B$59:$H$59,$K$61),1,0)) -> 0 | E66: =IF($K$61=0,0,IF(E59=INDEX($B$59:$H$59,$K$61),1,0)) -> 1 | F66: =IF($K$61=0,0,IF(F59=INDEX($B$59:$H$59,$K$61),1,0)) -> 1 | G66: =IF($K$61=0,0,IF(G59=INDEX($B$59:$H$59,$K$61),1,0)) -> 0 | H66: =IF($K$61=0,0,IF(H59=INDEX($B$59:$H$59,$K$61),1,0)) -> 0 | J66: |L| | K66: =SUM(B72:H72) -> 3
A67: ρ(Sⱼ, Sᵢ) | B67: =IF($K$61=0,"—",INDEX('Zhuravlev Distances'!$B$5:$H$5,$K$61)) -> 4.8565209 | C67: =IF($K$61=0,"—",INDEX('Zhuravlev Distances'!$B$6:$H$6,$K$61)) -> 6.1040892 | D67: =IF($K$61=0,"—",INDEX('Zhuravlev Distances'!$B$7:$H$7,$K$61)) -> 7.3117497 | E67: =IF($K$61=0,"—",INDEX('Zhuravlev Distances'!$B$8:$H$8,$K$61)) -> 7.8491222 | F67: =IF($K$61=0,"—",INDEX('Zhuravlev Distances'!$B$9:$H$9,$K$61)) -> 0 | G67: =IF($K$61=0,"—",INDEX('Zhuravlev Distances'!$B$10:$H$10,$K$61)) -> 9.0234774 | H67: =IF($K$61=0,"—",INDEX('Zhuravlev Distances'!$B$11:$H$11,$K$61)) -> 7.111704 | J67: Decision | K67: =IF(K61=0,"Step 6 · stop",IF(K66=0,"|L| = 0 → Sᵢ is only blocked and stays in F",IF(K66=1,"|L| = 1 → Sᵢ moves to D","|L| > 1 → Step 5 corrects g"))) -> |L| > 1 → Step 5 corrects g
A68: r(Sⱼ) | B68: ='ERDR Characteristics'!$D$5 -> 5.6070806 | C68: ='ERDR Characteristics'!$D$6 -> 7.4699699 | D68: ='ERDR Characteristics'!$D$7 -> 5.6070806 | E68: ='ERDR Characteristics'!$D$8 -> 3.7071188 | F68: ='ERDR Characteristics'!$D$9 -> 7.111704 | G68: ='ERDR Characteristics'!$D$10 -> 3.7071188 | H68: ='ERDR Characteristics'!$D$11 -> 3.9109814 | J68: Step 5 · counters g: before → after | K68: =IF(SUM(B74:H74)=0,"—",MID(IF(B74=1,", "&B$58&": "&B62&" → "&B75,"")&IF(C74=1,", "&C$58&": "&C62&" → "&C75,"")&IF(D74=1,", "&D$58&": "&D62&" → "&D75,"")&IF(E74=1,", "&E$58&": "&E62&" → "&E75,"")&IF(F74=1,", "&F$58&": "&F62&" → "&F75,"")&IF(G74=1,", "&G$58&": "&G62&" → "&G75,"")&IF(H74=1,", "&H$58&": "&H62&" → "&H75,""),3,300)) -> S₁: 2 → 1, S₂: 3 → 2, S₅: 2 → 1
A69: Sᵢ inside the sphere of Sⱼ: ρ(Sⱼ, Sᵢ) < r(Sⱼ) | B69: =IF($K$61=0,0,IF(B67<B68,1,0)) -> 1 | C69: =IF($K$61=0,0,IF(C67<C68,1,0)) -> 1 | D69: =IF($K$61=0,0,IF(D67<D68,1,0)) -> 0 | E69: =IF($K$61=0,0,IF(E67<E68,1,0)) -> 0 | F69: =IF($K$61=0,0,IF(F67<F68,1,0)) -> 1 | G69: =IF($K$61=0,0,IF(G67<G68,1,0)) -> 0 | H69: =IF($K$61=0,0,IF(H67<H68,1,0)) -> 0 | J69: Moved to D | K69: =IF(SUM(B77:H77)=0,"—",MID(IF(B77=1,", "&B$58&IF(B73=1," (Step 4)"," (Step 5)"),"")&IF(C77=1,", "&C$58&IF(C73=1," (Step 4)"," (Step 5)"),"")&IF(D77=1,", "&D$58&IF(D73=1," (Step 4)"," (Step 5)"),"")&IF(E77=1,", "&E$58&IF(E73=1," (Step 4)"," (Step 5)"),"")&IF(F77=1,", "&F$58&IF(F73=1," (Step 4)"," (Step 5)"),"")&IF(G77=1,", "&G$58&IF(G73=1," (Step 4)"," (Step 5)"),"")&IF(H77=1,", "&H$58&IF(H73=1," (Step 4)"," (Step 5)"),""),3,300)) -> S₁ (Step 5), S₅ (Step 5)
A70: g(Sⱼ) > 1 | B70: =IF(B62>1,1,0) -> 1 | C70: =IF(C62>1,1,0) -> 1 | D70: =IF(D62>1,1,0) -> 1 | E70: =IF(E62>1,1,0) -> 0 | F70: =IF(F62>1,1,0) -> 1 | G70: =IF(G62>1,1,0) -> 0 | H70: =IF(H62>1,1,0) -> 0 | J70: |F| after | K70: =SUM(B78:H78) -> 4
A71: Allowed by readings A (Sᵢ itself) and B (processed Sⱼ) | B71: =IF($K$61=0,0,IF($K$61=1,IF('Parameters'!$B$24=1,1,0),IF(OR('Parameters'!$B$25=1,B61=0),1,0))) -> 1 | C71: =IF($K$61=0,0,IF($K$61=2,IF('Parameters'!$B$24=1,1,0),IF(OR('Parameters'!$B$25=1,C61=0),1,0))) -> 1 | D71: =IF($K$61=0,0,IF($K$61=3,IF('Parameters'!$B$24=1,1,0),IF(OR('Parameters'!$B$25=1,D61=0),1,0))) -> 1 | E71: =IF($K$61=0,0,IF($K$61=4,IF('Parameters'!$B$24=1,1,0),IF(OR('Parameters'!$B$25=1,E61=0),1,0))) -> 1 | F71: =IF($K$61=0,0,IF($K$61=5,IF('Parameters'!$B$24=1,1,0),IF(OR('Parameters'!$B$25=1,F61=0),1,0))) -> 1 | G71: =IF($K$61=0,0,IF($K$61=6,IF('Parameters'!$B$24=1,1,0),IF(OR('Parameters'!$B$25=1,G61=0),1,0))) -> 1 | H71: =IF($K$61=0,0,IF($K$61=7,IF('Parameters'!$B$24=1,1,0),IF(OR('Parameters'!$B$25=1,H61=0),1,0))) -> 1 | J71: |D| after | K71: =SUM(B81:H81) -> 3
A72: Step 4 · Sⱼ ∈ L | B72: =B60*B66*B69*B70*B71 -> 1 | C72: =C60*C66*C69*C70*C71 -> 1 | D72: =D60*D66*D69*D70*D71 -> 0 | E72: =E60*E66*E69*E70*E71 -> 0 | F72: =F60*F66*F69*F70*F71 -> 1 | G72: =G60*G66*G69*G70*G71 -> 0 | H72: =H60*H66*H69*H70*H71 -> 0 | J72: Objects left in the queue | K72: =SUMPRODUCT(B78:H78*(1-B79:H79)) -> 3
A73: Step 4 · |L| = 1 → Sᵢ moves to D | B73: =IF(AND(B65=1,$K$66=1),1,0) -> 0 | C73: =IF(AND(C65=1,$K$66=1),1,0) -> 0 | D73: =IF(AND(D65=1,$K$66=1),1,0) -> 0 | E73: =IF(AND(E65=1,$K$66=1),1,0) -> 0 | F73: =IF(AND(F65=1,$K$66=1),1,0) -> 0 | G73: =IF(AND(G65=1,$K$66=1),1,0) -> 0 | H73: =IF(AND(H65=1,$K$66=1),1,0) -> 0 | J73: Step 4 · Sᵢ blocked: d(Sᵢ) ← −(d + ε) | K73: =IF(K61=0,"—",-(INDEX('ERDR Characteristics'!$J$5:$J$11,K61)+'Parameters'!$B$17)) -> -0.001
A74: Step 5 · counter decreased (|L| > 1) | B74: =IF($K$66>1,B72,0) -> 1 | C74: =IF($K$66>1,C72*IF('Parameters'!$B$26=1,1,IF(SUMPRODUCT($B$72:B$72*($B$62:B$62=2))=0,1,0)),0) -> 1 | D74: =IF($K$66>1,D72*IF('Parameters'!$B$26=1,1,IF(SUMPRODUCT($B$72:C$72*($B$62:C$62=2))=0,1,0)),0) -> 0 | E74: =IF($K$66>1,E72*IF('Parameters'!$B$26=1,1,IF(SUMPRODUCT($B$72:D$72*($B$62:D$62=2))=0,1,0)),0) -> 0 | F74: =IF($K$66>1,F72*IF('Parameters'!$B$26=1,1,IF(SUMPRODUCT($B$72:E$72*($B$62:E$62=2))=0,1,0)),0) -> 1 | G74: =IF($K$66>1,G72*IF('Parameters'!$B$26=1,1,IF(SUMPRODUCT($B$72:F$72*($B$62:F$62=2))=0,1,0)),0) -> 0 | H74: =IF($K$66>1,H72*IF('Parameters'!$B$26=1,1,IF(SUMPRODUCT($B$72:G$72*($B$62:G$62=2))=0,1,0)),0) -> 0
A75: g after the iteration | B75: =B62-B74 -> 1 | C75: =C62-C74 -> 2 | D75: =D62-D74 -> 2 | E75: =E62-E74 -> 1 | F75: =F62-F74 -> 1 | G75: =G62-G74 -> 1 | H75: =H62-H74 -> 1
A76: Step 5 · g fell to 1 → Sⱼ moves to D | B76: =IF(AND(B74=1,B75=1),1,0) -> 1 | C76: =IF(AND(C74=1,C75=1),1,0) -> 0 | D76: =IF(AND(D74=1,D75=1),1,0) -> 0 | E76: =IF(AND(E74=1,E75=1),1,0) -> 0 | F76: =IF(AND(F74=1,F75=1),1,0) -> 1 | G76: =IF(AND(G74=1,G75=1),1,0) -> 0 | H76: =IF(AND(H74=1,H75=1),1,0) -> 0
A77: Moves to D in this iteration | B77: =B73+B76 -> 1 | C77: =C73+C76 -> 0 | D77: =D73+D76 -> 0 | E77: =E73+E76 -> 0 | F77: =F73+F76 -> 1 | G77: =G73+G76 -> 0 | H77: =H73+H76 -> 0
A78: In F after the iteration | B78: =B60-B77 -> 0 | C78: =C60-C77 -> 1 | D78: =D60-D77 -> 1 | E78: =E60-E77 -> 1 | F78: =F60-F77 -> 0 | G78: =G60-G77 -> 1 | H78: =H60-H77 -> 0
A79: Processed after the iteration | B79: =MIN(1,B61+B65) -> 1 | C79: =MIN(1,C61+C65) -> 0 | D79: =MIN(1,D61+D65) -> 1 | E79: =MIN(1,E61+E65) -> 0 | F79: =MIN(1,F61+F65) -> 1 | G79: =MIN(1,G61+G65) -> 0 | H79: =MIN(1,H61+H65) -> 0
A80: d after (article: −(d + ε) once processed) | B80: =IF(B79=1,-('ERDR Characteristics'!$J$5+'Parameters'!$B$17),'ERDR Characteristics'!$J$5) -> -0.001 | C80: =IF(C79=1,-('ERDR Characteristics'!$J$6+'Parameters'!$B$17),'ERDR Characteristics'!$J$6) -> 0.079542839 | D80: =IF(D79=1,-('ERDR Characteristics'!$J$7+'Parameters'!$B$17),'ERDR Characteristics'!$J$7) -> -0.001 | E80: =IF(E79=1,-('ERDR Characteristics'!$J$8+'Parameters'!$B$17),'ERDR Characteristics'!$J$8) -> 0.2529499 | F80: =IF(F79=1,-('ERDR Characteristics'!$J$9+'Parameters'!$B$17),'ERDR Characteristics'!$J$9) -> -0.001 | G80: =IF(G79=1,-('ERDR Characteristics'!$J$10+'Parameters'!$B$17),'ERDR Characteristics'!$J$10) -> 0.16921699 | H80: =IF(H79=1,-('ERDR Characteristics'!$J$11+'Parameters'!$B$17),'ERDR Characteristics'!$J$11) -> 0.12529617
A81: In D after the iteration | B81: =1-B78 -> 1 | C81: =1-C78 -> 0 | D81: =1-D78 -> 0 | E81: =1-E78 -> 0 | F81: =1-F78 -> 1 | G81: =1-G78 -> 0 | H81: =1-H78 -> 1
A83: ="Iteration 4 · "&IF($K$87=0,"queue empty → Step 6 (stop)","Step 3 selects "&$K$88&" · L = "&$K$91&" · "&$K$93) -> Iteration 4 · Step 3 selects S₂ · L = {S₂} · |L| = 1 → Sᵢ moves to D
A84: Row | B84: S₁ | C84: S₂ | D84: S₃ | E84: S₄ | F84: S₅ | G84: S₆ | H84: S₇ | J84: Iteration summary | K84: Value
A85: Class | B85: ='Dataset'!$P$5 -> 2 | C85: ='Dataset'!$P$6 -> 2 | D85: ='Dataset'!$P$7 -> 1 | E85: ='Dataset'!$P$8 -> 2 | F85: ='Dataset'!$P$9 -> 2 | G85: ='Dataset'!$P$10 -> 1 | H85: ='Dataset'!$P$11 -> 1 | J85: Queue length (Step 2) | K85: =SUM(B89:H89) -> 3
A86: In F before the iteration (1 = in the working set) | B86: =B78 -> 0 | C86: =C78 -> 1 | D86: =D78 -> 1 | E86: =E78 -> 1 | F86: =F78 -> 0 | G86: =G78 -> 1 | H86: =H78 -> 0 | J86: Smallest queue key | K86: =MIN(B90:H90) -> 4
A87: Processed before (blocked: d < 0) | B87: =B79 -> 1 | C87: =C79 -> 0 | D87: =D79 -> 1 | E87: =E79 -> 0 | F87: =F79 -> 1 | G87: =G79 -> 0 | H87: =H79 -> 0 | J87: Selected index i (0 = queue empty) | K87: =IF(K86=99,0,MATCH(K86,B90:H90,0)) -> 2
A88: g before the iteration | B88: =B75 -> 1 | C88: =C75 -> 2 | D88: =D75 -> 2 | E88: =E75 -> 1 | F88: =F75 -> 1 | G88: =G75 -> 1 | H88: =H75 -> 1 | J88: Step 3 · selected Sᵢ | K88: =IF(K87=0,"— (queue empty → Step 6)",INDEX(B84:H84,K87)) -> S₂
A89: Step 2 · in the queue: in F and not processed | B89: =IF(AND(B86=1,B87=0),1,0) -> 0 | C89: =IF(AND(C86=1,C87=0),1,0) -> 1 | D89: =IF(AND(D86=1,D87=0),1,0) -> 0 | E89: =IF(AND(E86=1,E87=0),1,0) -> 1 | F89: =IF(AND(F86=1,F87=0),1,0) -> 0 | G89: =IF(AND(G86=1,G87=0),1,0) -> 1 | H89: =IF(AND(H86=1,H87=0),1,0) -> 0 | J89: d(Sᵢ) | K89: =IF(K87=0,"—",INDEX('ERDR Characteristics'!$J$5:$J$11,K87)) -> 0.079542839
A90: Step 2 · queue key = priority position (99 = not in the queue) | B90: =IF(B89=1,'ERDR Characteristics'!$K$5,99) -> 99 | C90: =IF(C89=1,'ERDR Characteristics'!$K$6,99) -> 4 | D90: =IF(D89=1,'ERDR Characteristics'!$K$7,99) -> 99 | E90: =IF(E89=1,'ERDR Characteristics'!$K$8,99) -> 7 | F90: =IF(F89=1,'ERDR Characteristics'!$K$9,99) -> 99 | G90: =IF(G89=1,'ERDR Characteristics'!$K$10,99) -> 6 | H90: =IF(H89=1,'ERDR Characteristics'!$K$11,99) -> 99 | J90: r(Sᵢ) | K90: =IF(K87=0,"—",INDEX('ERDR Characteristics'!$D$5:$D$11,K87)) -> 7.4699699
A91: Step 3 · selected Sᵢ (smallest key) | B91: =IF($K$87=1,1,0) -> 0 | C91: =IF($K$87=2,1,0) -> 1 | D91: =IF($K$87=3,1,0) -> 0 | E91: =IF($K$87=4,1,0) -> 0 | F91: =IF($K$87=5,1,0) -> 0 | G91: =IF($K$87=6,1,0) -> 0 | H91: =IF($K$87=7,1,0) -> 0 | J91: Step 4 · L | K91: =IF(K92=0,"∅","{"&MID(IF(B98=1,", "&B$84,"")&IF(C98=1,", "&C$84,"")&IF(D98=1,", "&D$84,"")&IF(E98=1,", "&E$84,"")&IF(F98=1,", "&F$84,"")&IF(G98=1,", "&G$84,"")&IF(H98=1,", "&H$84,""),3,200)&"}") -> {S₂}
A92: Same class as Sᵢ | B92: =IF($K$87=0,0,IF(B85=INDEX($B$85:$H$85,$K$87),1,0)) -> 1 | C92: =IF($K$87=0,0,IF(C85=INDEX($B$85:$H$85,$K$87),1,0)) -> 1 | D92: =IF($K$87=0,0,IF(D85=INDEX($B$85:$H$85,$K$87),1,0)) -> 0 | E92: =IF($K$87=0,0,IF(E85=INDEX($B$85:$H$85,$K$87),1,0)) -> 1 | F92: =IF($K$87=0,0,IF(F85=INDEX($B$85:$H$85,$K$87),1,0)) -> 1 | G92: =IF($K$87=0,0,IF(G85=INDEX($B$85:$H$85,$K$87),1,0)) -> 0 | H92: =IF($K$87=0,0,IF(H85=INDEX($B$85:$H$85,$K$87),1,0)) -> 0 | J92: |L| | K92: =SUM(B98:H98) -> 1
A93: ρ(Sⱼ, Sᵢ) | B93: =IF($K$87=0,"—",INDEX('Zhuravlev Distances'!$B$5:$H$5,$K$87)) -> 4.6606101 | C93: =IF($K$87=0,"—",INDEX('Zhuravlev Distances'!$B$6:$H$6,$K$87)) -> 0 | D93: =IF($K$87=0,"—",INDEX('Zhuravlev Distances'!$B$7:$H$7,$K$87)) -> 7.4699699 | E93: =IF($K$87=0,"—",INDEX('Zhuravlev Distances'!$B$8:$H$8,$K$87)) -> 6.3691658 | F93: =IF($K$87=0,"—",INDEX('Zhuravlev Distances'!$B$9:$H$9,$K$87)) -> 6.1040892 | G93: =IF($K$87=0,"—",INDEX('Zhuravlev Distances'!$B$10:$H$10,$K$87)) -> 8.7429512 | H93: =IF($K$87=0,"—",INDEX('Zhuravlev Distances'!$B$11:$H$11,$K$87)) -> 7.7855938 | J93: Decision | K93: =IF(K87=0,"Step 6 · stop",IF(K92=0,"|L| = 0 → Sᵢ is only blocked and stays in F",IF(K92=1,"|L| = 1 → Sᵢ moves to D","|L| > 1 → Step 5 corrects g"))) -> |L| = 1 → Sᵢ moves to D
A94: r(Sⱼ) | B94: ='ERDR Characteristics'!$D$5 -> 5.6070806 | C94: ='ERDR Characteristics'!$D$6 -> 7.4699699 | D94: ='ERDR Characteristics'!$D$7 -> 5.6070806 | E94: ='ERDR Characteristics'!$D$8 -> 3.7071188 | F94: ='ERDR Characteristics'!$D$9 -> 7.111704 | G94: ='ERDR Characteristics'!$D$10 -> 3.7071188 | H94: ='ERDR Characteristics'!$D$11 -> 3.9109814 | J94: Step 5 · counters g: before → after | K94: =IF(SUM(B100:H100)=0,"—",MID(IF(B100=1,", "&B$84&": "&B88&" → "&B101,"")&IF(C100=1,", "&C$84&": "&C88&" → "&C101,"")&IF(D100=1,", "&D$84&": "&D88&" → "&D101,"")&IF(E100=1,", "&E$84&": "&E88&" → "&E101,"")&IF(F100=1,", "&F$84&": "&F88&" → "&F101,"")&IF(G100=1,", "&G$84&": "&G88&" → "&G101,"")&IF(H100=1,", "&H$84&": "&H88&" → "&H101,""),3,300)) -> —
A95: Sᵢ inside the sphere of Sⱼ: ρ(Sⱼ, Sᵢ) < r(Sⱼ) | B95: =IF($K$87=0,0,IF(B93<B94,1,0)) -> 1 | C95: =IF($K$87=0,0,IF(C93<C94,1,0)) -> 1 | D95: =IF($K$87=0,0,IF(D93<D94,1,0)) -> 0 | E95: =IF($K$87=0,0,IF(E93<E94,1,0)) -> 0 | F95: =IF($K$87=0,0,IF(F93<F94,1,0)) -> 1 | G95: =IF($K$87=0,0,IF(G93<G94,1,0)) -> 0 | H95: =IF($K$87=0,0,IF(H93<H94,1,0)) -> 0 | J95: Moved to D | K95: =IF(SUM(B103:H103)=0,"—",MID(IF(B103=1,", "&B$84&IF(B99=1," (Step 4)"," (Step 5)"),"")&IF(C103=1,", "&C$84&IF(C99=1," (Step 4)"," (Step 5)"),"")&IF(D103=1,", "&D$84&IF(D99=1," (Step 4)"," (Step 5)"),"")&IF(E103=1,", "&E$84&IF(E99=1," (Step 4)"," (Step 5)"),"")&IF(F103=1,", "&F$84&IF(F99=1," (Step 4)"," (Step 5)"),"")&IF(G103=1,", "&G$84&IF(G99=1," (Step 4)"," (Step 5)"),"")&IF(H103=1,", "&H$84&IF(H99=1," (Step 4)"," (Step 5)"),""),3,300)) -> S₂ (Step 4)
A96: g(Sⱼ) > 1 | B96: =IF(B88>1,1,0) -> 0 | C96: =IF(C88>1,1,0) -> 1 | D96: =IF(D88>1,1,0) -> 1 | E96: =IF(E88>1,1,0) -> 0 | F96: =IF(F88>1,1,0) -> 0 | G96: =IF(G88>1,1,0) -> 0 | H96: =IF(H88>1,1,0) -> 0 | J96: |F| after | K96: =SUM(B104:H104) -> 3
A97: Allowed by readings A (Sᵢ itself) and B (processed Sⱼ) | B97: =IF($K$87=0,0,IF($K$87=1,IF('Parameters'!$B$24=1,1,0),IF(OR('Parameters'!$B$25=1,B87=0),1,0))) -> 1 | C97: =IF($K$87=0,0,IF($K$87=2,IF('Parameters'!$B$24=1,1,0),IF(OR('Parameters'!$B$25=1,C87=0),1,0))) -> 1 | D97: =IF($K$87=0,0,IF($K$87=3,IF('Parameters'!$B$24=1,1,0),IF(OR('Parameters'!$B$25=1,D87=0),1,0))) -> 1 | E97: =IF($K$87=0,0,IF($K$87=4,IF('Parameters'!$B$24=1,1,0),IF(OR('Parameters'!$B$25=1,E87=0),1,0))) -> 1 | F97: =IF($K$87=0,0,IF($K$87=5,IF('Parameters'!$B$24=1,1,0),IF(OR('Parameters'!$B$25=1,F87=0),1,0))) -> 1 | G97: =IF($K$87=0,0,IF($K$87=6,IF('Parameters'!$B$24=1,1,0),IF(OR('Parameters'!$B$25=1,G87=0),1,0))) -> 1 | H97: =IF($K$87=0,0,IF($K$87=7,IF('Parameters'!$B$24=1,1,0),IF(OR('Parameters'!$B$25=1,H87=0),1,0))) -> 1 | J97: |D| after | K97: =SUM(B107:H107) -> 4
A98: Step 4 · Sⱼ ∈ L | B98: =B86*B92*B95*B96*B97 -> 0 | C98: =C86*C92*C95*C96*C97 -> 1 | D98: =D86*D92*D95*D96*D97 -> 0 | E98: =E86*E92*E95*E96*E97 -> 0 | F98: =F86*F92*F95*F96*F97 -> 0 | G98: =G86*G92*G95*G96*G97 -> 0 | H98: =H86*H92*H95*H96*H97 -> 0 | J98: Objects left in the queue | K98: =SUMPRODUCT(B104:H104*(1-B105:H105)) -> 2
A99: Step 4 · |L| = 1 → Sᵢ moves to D | B99: =IF(AND(B91=1,$K$92=1),1,0) -> 0 | C99: =IF(AND(C91=1,$K$92=1),1,0) -> 1 | D99: =IF(AND(D91=1,$K$92=1),1,0) -> 0 | E99: =IF(AND(E91=1,$K$92=1),1,0) -> 0 | F99: =IF(AND(F91=1,$K$92=1),1,0) -> 0 | G99: =IF(AND(G91=1,$K$92=1),1,0) -> 0 | H99: =IF(AND(H91=1,$K$92=1),1,0) -> 0 | J99: Step 4 · Sᵢ blocked: d(Sᵢ) ← −(d + ε) | K99: =IF(K87=0,"—",-(INDEX('ERDR Characteristics'!$J$5:$J$11,K87)+'Parameters'!$B$17)) -> -0.080542839
A100: Step 5 · counter decreased (|L| > 1) | B100: =IF($K$92>1,B98,0) -> 0 | C100: =IF($K$92>1,C98*IF('Parameters'!$B$26=1,1,IF(SUMPRODUCT($B$98:B$98*($B$88:B$88=2))=0,1,0)),0) -> 0 | D100: =IF($K$92>1,D98*IF('Parameters'!$B$26=1,1,IF(SUMPRODUCT($B$98:C$98*($B$88:C$88=2))=0,1,0)),0) -> 0 | E100: =IF($K$92>1,E98*IF('Parameters'!$B$26=1,1,IF(SUMPRODUCT($B$98:D$98*($B$88:D$88=2))=0,1,0)),0) -> 0 | F100: =IF($K$92>1,F98*IF('Parameters'!$B$26=1,1,IF(SUMPRODUCT($B$98:E$98*($B$88:E$88=2))=0,1,0)),0) -> 0 | G100: =IF($K$92>1,G98*IF('Parameters'!$B$26=1,1,IF(SUMPRODUCT($B$98:F$98*($B$88:F$88=2))=0,1,0)),0) -> 0 | H100: =IF($K$92>1,H98*IF('Parameters'!$B$26=1,1,IF(SUMPRODUCT($B$98:G$98*($B$88:G$88=2))=0,1,0)),0) -> 0
A101: g after the iteration | B101: =B88-B100 -> 1 | C101: =C88-C100 -> 2 | D101: =D88-D100 -> 2 | E101: =E88-E100 -> 1 | F101: =F88-F100 -> 1 | G101: =G88-G100 -> 1 | H101: =H88-H100 -> 1
A102: Step 5 · g fell to 1 → Sⱼ moves to D | B102: =IF(AND(B100=1,B101=1),1,0) -> 0 | C102: =IF(AND(C100=1,C101=1),1,0) -> 0 | D102: =IF(AND(D100=1,D101=1),1,0) -> 0 | E102: =IF(AND(E100=1,E101=1),1,0) -> 0 | F102: =IF(AND(F100=1,F101=1),1,0) -> 0 | G102: =IF(AND(G100=1,G101=1),1,0) -> 0 | H102: =IF(AND(H100=1,H101=1),1,0) -> 0
A103: Moves to D in this iteration | B103: =B99+B102 -> 0 | C103: =C99+C102 -> 1 | D103: =D99+D102 -> 0 | E103: =E99+E102 -> 0 | F103: =F99+F102 -> 0 | G103: =G99+G102 -> 0 | H103: =H99+H102 -> 0
A104: In F after the iteration | B104: =B86-B103 -> 0 | C104: =C86-C103 -> 0 | D104: =D86-D103 -> 1 | E104: =E86-E103 -> 1 | F104: =F86-F103 -> 0 | G104: =G86-G103 -> 1 | H104: =H86-H103 -> 0
A105: Processed after the iteration | B105: =MIN(1,B87+B91) -> 1 | C105: =MIN(1,C87+C91) -> 1 | D105: =MIN(1,D87+D91) -> 1 | E105: =MIN(1,E87+E91) -> 0 | F105: =MIN(1,F87+F91) -> 1 | G105: =MIN(1,G87+G91) -> 0 | H105: =MIN(1,H87+H91) -> 0
...

Sheet ERDR Trace
A1: ERDR trace · summary of every iteration, the state matrices behind it, and the Step 6 result
A3: Iteration summary (from ERDR Iterations)
A4: t | B4: Selected Sᵢ | C4: d(Sᵢ) | D4: r(Sᵢ) | E4: |L| | F4: |F| after | G4: |D| after | H4: Queue left | I4: L | J4: Decision | K4: Counters g: before → after | L4: Moved to D
A5: 1 | B5: =IF('ERDR Iterations'!$K$9=0,"— stop",'ERDR Iterations'!$K$10) -> S₁ | C5: ='ERDR Iterations'!$K$11 -> 0 | D5: ='ERDR Iterations'!$K$12 -> 5.6070806 | E5: ='ERDR Iterations'!$K$14 -> 3 | F5: ='ERDR Iterations'!$K$18 -> 7 | G5: ='ERDR Iterations'!$K$19 -> 0 | H5: ='ERDR Iterations'!$K$20 -> 6 | I5: ='ERDR Iterations'!$K$13 -> {S₁, S₂, S₅} | J5: ='ERDR Iterations'!$K$15 -> |L| > 1 → Step 5 corrects g | K5: ='ERDR Iterations'!$K$16 -> S₁: 3 → 2, S₂: 4 → 3, S₅: 3 → 2 | L5: ='ERDR Iterations'!$K$17 -> —
A6: 2 | B6: =IF('ERDR Iterations'!$K$35=0,"— stop",'ERDR Iterations'!$K$36) -> S₃ | C6: ='ERDR Iterations'!$K$37 -> 0 | D6: ='ERDR Iterations'!$K$38 -> 5.6070806 | E6: ='ERDR Iterations'!$K$40 -> 2 | F6: ='ERDR Iterations'!$K$44 -> 6 | G6: ='ERDR Iterations'!$K$45 -> 1 | H6: ='ERDR Iterations'!$K$46 -> 4 | I6: ='ERDR Iterations'!$K$39 -> {S₃, S₇} | J6: ='ERDR Iterations'!$K$41 -> |L| > 1 → Step 5 corrects g | K6: ='ERDR Iterations'!$K$42 -> S₃: 3 → 2, S₇: 2 → 1 | L6: ='ERDR Iterations'!$K$43 -> S₇ (Step 5)
A7: 3 | B7: =IF('ERDR Iterations'!$K$61=0,"— stop",'ERDR Iterations'!$K$62) -> S₅ | C7: ='ERDR Iterations'!$K$63 -> 0 | D7: ='ERDR Iterations'!$K$64 -> 7.111704 | E7: ='ERDR Iterations'!$K$66 -> 3 | F7: ='ERDR Iterations'!$K$70 -> 4 | G7: ='ERDR Iterations'!$K$71 -> 3 | H7: ='ERDR Iterations'!$K$72 -> 3 | I7: ='ERDR Iterations'!$K$65 -> {S₁, S₂, S₅} | J7: ='ERDR Iterations'!$K$67 -> |L| > 1 → Step 5 corrects g | K7: ='ERDR Iterations'!$K$68 -> S₁: 2 → 1, S₂: 3 → 2, S₅: 2 → 1 | L7: ='ERDR Iterations'!$K$69 -> S₁ (Step 5), S₅ (Step 5)
A8: 4 | B8: =IF('ERDR Iterations'!$K$87=0,"— stop",'ERDR Iterations'!$K$88) -> S₂ | C8: ='ERDR Iterations'!$K$89 -> 0.079542839 | D8: ='ERDR Iterations'!$K$90 -> 7.4699699 | E8: ='ERDR Iterations'!$K$92 -> 1 | F8: ='ERDR Iterations'!$K$96 -> 3 | G8: ='ERDR Iterations'!$K$97 -> 4 | H8: ='ERDR Iterations'!$K$98 -> 2 | I8: ='ERDR Iterations'!$K$91 -> {S₂} | J8: ='ERDR Iterations'!$K$93 -> |L| = 1 → Sᵢ moves to D | K8: ='ERDR Iterations'!$K$94 -> — | L8: ='ERDR Iterations'!$K$95 -> S₂ (Step 4)
A9: 5 | B9: =IF('ERDR Iterations'!$K$113=0,"— stop",'ERDR Iterations'!$K$114) -> S₆ | C9: ='ERDR Iterations'!$K$115 -> 0.16921699 | D9: ='ERDR Iterations'!$K$116 -> 3.7071188 | E9: ='ERDR Iterations'!$K$118 -> 1 | F9: ='ERDR Iterations'!$K$122 -> 2 | G9: ='ERDR Iterations'!$K$123 -> 5 | H9: ='ERDR Iterations'!$K$124 -> 1 | I9: ='ERDR Iterations'!$K$117 -> {S₃} | J9: ='ERDR Iterations'!$K$119 -> |L| = 1 → Sᵢ moves to D | K9: ='ERDR Iterations'!$K$120 -> — | L9: ='ERDR Iterations'!$K$121 -> S₆ (Step 4)
A10: 6 | B10: =IF('ERDR Iterations'!$K$139=0,"— stop",'ERDR Iterations'!$K$140) -> S₄ | C10: ='ERDR Iterations'!$K$141 -> 0.2529499 | D10: ='ERDR Iterations'!$K$142 -> 3.7071188 | E10: ='ERDR Iterations'!$K$144 -> 0 | F10: ='ERDR Iterations'!$K$148 -> 2 | G10: ='ERDR Iterations'!$K$149 -> 5 | H10: ='ERDR Iterations'!$K$150 -> 0 | I10: ='ERDR Iterations'!$K$143 -> ∅ | J10: ='ERDR Iterations'!$K$145 -> |L| = 0 → Sᵢ is only blocked and stays in F | K10: ='ERDR Iterations'!$K$146 -> — | L10: ='ERDR Iterations'!$K$147 -> —
A11: 7 | B11: =IF('ERDR Iterations'!$K$165=0,"— stop",'ERDR Iterations'!$K$166) -> — stop | C11: ='ERDR Iterations'!$K$167 -> — | D11: ='ERDR Iterations'!$K$168 -> — | E11: ='ERDR Iterations'!$K$170 -> 0 | F11: ='ERDR Iterations'!$K$174 -> 2 | G11: ='ERDR Iterations'!$K$175 -> 5 | H11: ='ERDR Iterations'!$K$176 -> 0 | I11: ='ERDR Iterations'!$K$169 -> ∅ | J11: ='ERDR Iterations'!$K$171 -> Step 6 · stop | K11: ='ERDR Iterations'!$K$172 -> — | L11: ='ERDR Iterations'!$K$173 -> —
A12: Step 6 | B12: ="Stop after "&COUNTIF(B5:B11,"S*")&" iterations · D (training) = "&'Training & Validation'!$B$19&" · F (validation) = "&'Training & Validation'!$B$20 -> Stop after 6 iterations · D (training) = {S₁, S₂, S₅, S₆, S₇} · F (validation) = {S₃, S₄}
A14: Step 3 · selected in iteration t
A15: t | B15: S₁ | C15: S₂ | D15: S₃ | E15: S₄ | F15: S₅ | G15: S₆ | H15: S₇
A16: 1 | B16: ='ERDR Iterations'!B13 -> 1 | C16: ='ERDR Iterations'!C13 -> 0 | D16: ='ERDR Iterations'!D13 -> 0 | E16: ='ERDR Iterations'!E13 -> 0 | F16: ='ERDR Iterations'!F13 -> 0 | G16: ='ERDR Iterations'!G13 -> 0 | H16: ='ERDR Iterations'!H13 -> 0
A17: 2 | B17: ='ERDR Iterations'!B39 -> 0 | C17: ='ERDR Iterations'!C39 -> 0 | D17: ='ERDR Iterations'!D39 -> 1 | E17: ='ERDR Iterations'!E39 -> 0 | F17: ='ERDR Iterations'!F39 -> 0 | G17: ='ERDR Iterations'!G39 -> 0 | H17: ='ERDR Iterations'!H39 -> 0
A18: 3 | B18: ='ERDR Iterations'!B65 -> 0 | C18: ='ERDR Iterations'!C65 -> 0 | D18: ='ERDR Iterations'!D65 -> 0 | E18: ='ERDR Iterations'!E65 -> 0 | F18: ='ERDR Iterations'!F65 -> 1 | G18: ='ERDR Iterations'!G65 -> 0 | H18: ='ERDR Iterations'!H65 -> 0
A19: 4 | B19: ='ERDR Iterations'!B91 -> 0 | C19: ='ERDR Iterations'!C91 -> 1 | D19: ='ERDR Iterations'!D91 -> 0 | E19: ='ERDR Iterations'!E91 -> 0 | F19: ='ERDR Iterations'!F91 -> 0 | G19: ='ERDR Iterations'!G91 -> 0 | H19: ='ERDR Iterations'!H91 -> 0
A20: 5 | B20: ='ERDR Iterations'!B117 -> 0 | C20: ='ERDR Iterations'!C117 -> 0 | D20: ='ERDR Iterations'!D117 -> 0 | E20: ='ERDR Iterations'!E117 -> 0 | F20: ='ERDR Iterations'!F117 -> 0 | G20: ='ERDR Iterations'!G117 -> 1 | H20: ='ERDR Iterations'!H117 -> 0
A21: 6 | B21: ='ERDR Iterations'!B143 -> 0 | C21: ='ERDR Iterations'!C143 -> 0 | D21: ='ERDR Iterations'!D143 -> 0 | E21: ='ERDR Iterations'!E143 -> 1 | F21: ='ERDR Iterations'!F143 -> 0 | G21: ='ERDR Iterations'!G143 -> 0 | H21: ='ERDR Iterations'!H143 -> 0
A22: 7 | B22: ='ERDR Iterations'!B169 -> 0 | C22: ='ERDR Iterations'!C169 -> 0 | D22: ='ERDR Iterations'!D169 -> 0 | E22: ='ERDR Iterations'!E169 -> 0 | F22: ='ERDR Iterations'!F169 -> 0 | G22: ='ERDR Iterations'!G169 -> 0 | H22: ='ERDR Iterations'!H169 -> 0
A24: Step 4 · Sⱼ ∈ L
A25: t | B25: S₁ | C25: S₂ | D25: S₃ | E25: S₄ | F25: S₅ | G25: S₆ | H25: S₇
A26: 1 | B26: ='ERDR Iterations'!B20 -> 1 | C26: ='ERDR Iterations'!C20 -> 1 | D26: ='ERDR Iterations'!D20 -> 0 | E26: ='ERDR Iterations'!E20 -> 0 | F26: ='ERDR Iterations'!F20 -> 1 | G26: ='ERDR Iterations'!G20 -> 0 | H26: ='ERDR Iterations'!H20 -> 0
A27: 2 | B27: ='ERDR Iterations'!B46 -> 0 | C27: ='ERDR Iterations'!C46 -> 0 | D27: ='ERDR Iterations'!D46 -> 1 | E27: ='ERDR Iterations'!E46 -> 0 | F27: ='ERDR Iterations'!F46 -> 0 | G27: ='ERDR Iterations'!G46 -> 0 | H27: ='ERDR Iterations'!H46 -> 1
A28: 3 | B28: ='ERDR Iterations'!B72 -> 1 | C28: ='ERDR Iterations'!C72 -> 1 | D28: ='ERDR Iterations'!D72 -> 0 | E28: ='ERDR Iterations'!E72 -> 0 | F28: ='ERDR Iterations'!F72 -> 1 | G28: ='ERDR Iterations'!G72 -> 0 | H28: ='ERDR Iterations'!H72 -> 0
A29: 4 | B29: ='ERDR Iterations'!B98 -> 0 | C29: ='ERDR Iterations'!C98 -> 1 | D29: ='ERDR Iterations'!D98 -> 0 | E29: ='ERDR Iterations'!E98 -> 0 | F29: ='ERDR Iterations'!F98 -> 0 | G29: ='ERDR Iterations'!G98 -> 0 | H29: ='ERDR Iterations'!H98 -> 0
A30: 5 | B30: ='ERDR Iterations'!B124 -> 0 | C30: ='ERDR Iterations'!C124 -> 0 | D30: ='ERDR Iterations'!D124 -> 1 | E30: ='ERDR Iterations'!E124 -> 0 | F30: ='ERDR Iterations'!F124 -> 0 | G30: ='ERDR Iterations'!G124 -> 0 | H30: ='ERDR Iterations'!H124 -> 0
A31: 6 | B31: ='ERDR Iterations'!B150 -> 0 | C31: ='ERDR Iterations'!C150 -> 0 | D31: ='ERDR Iterations'!D150 -> 0 | E31: ='ERDR Iterations'!E150 -> 0 | F31: ='ERDR Iterations'!F150 -> 0 | G31: ='ERDR Iterations'!G150 -> 0 | H31: ='ERDR Iterations'!H150 -> 0
A32: 7 | B32: ='ERDR Iterations'!B176 -> 0 | C32: ='ERDR Iterations'!C176 -> 0 | D32: ='ERDR Iterations'!D176 -> 0 | E32: ='ERDR Iterations'!E176 -> 0 | F32: ='ERDR Iterations'!F176 -> 0 | G32: ='ERDR Iterations'!G176 -> 0 | H32: ='ERDR Iterations'!H176 -> 0
A34: Step 5 · counter decreased
A35: t | B35: S₁ | C35: S₂ | D35: S₃ | E35: S₄ | F35: S₅ | G35: S₆ | H35: S₇
A36: 1 | B36: ='ERDR Iterations'!B22 -> 1 | C36: ='ERDR Iterations'!C22 -> 1 | D36: ='ERDR Iterations'!D22 -> 0 | E36: ='ERDR Iterations'!E22 -> 0 | F36: ='ERDR Iterations'!F22 -> 1 | G36: ='ERDR Iterations'!G22 -> 0 | H36: ='ERDR Iterations'!H22 -> 0
A37: 2 | B37: ='ERDR Iterations'!B48 -> 0 | C37: ='ERDR Iterations'!C48 -> 0 | D37: ='ERDR Iterations'!D48 -> 1 | E37: ='ERDR Iterations'!E48 -> 0 | F37: ='ERDR Iterations'!F48 -> 0 | G37: ='ERDR Iterations'!G48 -> 0 | H37: ='ERDR Iterations'!H48 -> 1
A38: 3 | B38: ='ERDR Iterations'!B74 -> 1 | C38: ='ERDR Iterations'!C74 -> 1 | D38: ='ERDR Iterations'!D74 -> 0 | E38: ='ERDR Iterations'!E74 -> 0 | F38: ='ERDR Iterations'!F74 -> 1 | G38: ='ERDR Iterations'!G74 -> 0 | H38: ='ERDR Iterations'!H74 -> 0
A39: 4 | B39: ='ERDR Iterations'!B100 -> 0 | C39: ='ERDR Iterations'!C100 -> 0 | D39: ='ERDR Iterations'!D100 -> 0 | E39: ='ERDR Iterations'!E100 -> 0 | F39: ='ERDR Iterations'!F100 -> 0 | G39: ='ERDR Iterations'!G100 -> 0 | H39: ='ERDR Iterations'!H100 -> 0
A40: 5 | B40: ='ERDR Iterations'!B126 -> 0 | C40: ='ERDR Iterations'!C126 -> 0 | D40: ='ERDR Iterations'!D126 -> 0 | E40: ='ERDR Iterations'!E126 -> 0 | F40: ='ERDR Iterations'!F126 -> 0 | G40: ='ERDR Iterations'!G126 -> 0 | H40: ='ERDR Iterations'!H126 -> 0
A41: 6 | B41: ='ERDR Iterations'!B152 -> 0 | C41: ='ERDR Iterations'!C152 -> 0 | D41: ='ERDR Iterations'!D152 -> 0 | E41: ='ERDR Iterations'!E152 -> 0 | F41: ='ERDR Iterations'!F152 -> 0 | G41: ='ERDR Iterations'!G152 -> 0 | H41: ='ERDR Iterations'!H152 -> 0
A42: 7 | B42: ='ERDR Iterations'!B178 -> 0 | C42: ='ERDR Iterations'!C178 -> 0 | D42: ='ERDR Iterations'!D178 -> 0 | E42: ='ERDR Iterations'!E178 -> 0 | F42: ='ERDR Iterations'!F178 -> 0 | G42: ='ERDR Iterations'!G178 -> 0 | H42: ='ERDR Iterations'!H178 -> 0
A44: Step 4 · moved to D (|L| = 1)
A45: t | B45: S₁ | C45: S₂ | D45: S₃ | E45: S₄ | F45: S₅ | G45: S₆ | H45: S₇
A46: 1 | B46: ='ERDR Iterations'!B21 -> 0 | C46: ='ERDR Iterations'!C21 -> 0 | D46: ='ERDR Iterations'!D21 -> 0 | E46: ='ERDR Iterations'!E21 -> 0 | F46: ='ERDR Iterations'!F21 -> 0 | G46: ='ERDR Iterations'!G21 -> 0 | H46: ='ERDR Iterations'!H21 -> 0
A47: 2 | B47: ='ERDR Iterations'!B47 -> 0 | C47: ='ERDR Iterations'!C47 -> 0 | D47: ='ERDR Iterations'!D47 -> 0 | E47: ='ERDR Iterations'!E47 -> 0 | F47: ='ERDR Iterations'!F47 -> 0 | G47: ='ERDR Iterations'!G47 -> 0 | H47: ='ERDR Iterations'!H47 -> 0
A48: 3 | B48: ='ERDR Iterations'!B73 -> 0 | C48: ='ERDR Iterations'!C73 -> 0 | D48: ='ERDR Iterations'!D73 -> 0 | E48: ='ERDR Iterations'!E73 -> 0 | F48: ='ERDR Iterations'!F73 -> 0 | G48: ='ERDR Iterations'!G73 -> 0 | H48: ='ERDR Iterations'!H73 -> 0
A49: 4 | B49: ='ERDR Iterations'!B99 -> 0 | C49: ='ERDR Iterations'!C99 -> 1 | D49: ='ERDR Iterations'!D99 -> 0 | E49: ='ERDR Iterations'!E99 -> 0 | F49: ='ERDR Iterations'!F99 -> 0 | G49: ='ERDR Iterations'!G99 -> 0 | H49: ='ERDR Iterations'!H99 -> 0
A50: 5 | B50: ='ERDR Iterations'!B125 -> 0 | C50: ='ERDR Iterations'!C125 -> 0 | D50: ='ERDR Iterations'!D125 -> 0 | E50: ='ERDR Iterations'!E125 -> 0 | F50: ='ERDR Iterations'!F125 -> 0 | G50: ='ERDR Iterations'!G125 -> 1 | H50: ='ERDR Iterations'!H125 -> 0
A51: 6 | B51: ='ERDR Iterations'!B151 -> 0 | C51: ='ERDR Iterations'!C151 -> 0 | D51: ='ERDR Iterations'!D151 -> 0 | E51: ='ERDR Iterations'!E151 -> 0 | F51: ='ERDR Iterations'!F151 -> 0 | G51: ='ERDR Iterations'!G151 -> 0 | H51: ='ERDR Iterations'!H151 -> 0
A52: 7 | B52: ='ERDR Iterations'!B177 -> 0 | C52: ='ERDR Iterations'!C177 -> 0 | D52: ='ERDR Iterations'!D177 -> 0 | E52: ='ERDR Iterations'!E177 -> 0 | F52: ='ERDR Iterations'!F177 -> 0 | G52: ='ERDR Iterations'!G177 -> 0 | H52: ='ERDR Iterations'!H177 -> 0
A54: Moved to D (Step 4 or Step 5)
A55: t | B55: S₁ | C55: S₂ | D55: S₃ | E55: S₄ | F55: S₅ | G55: S₆ | H55: S₇
A56: 1 | B56: ='ERDR Iterations'!B25 -> 0 | C56: ='ERDR Iterations'!C25 -> 0 | D56: ='ERDR Iterations'!D25 -> 0 | E56: ='ERDR Iterations'!E25 -> 0 | F56: ='ERDR Iterations'!F25 -> 0 | G56: ='ERDR Iterations'!G25 -> 0 | H56: ='ERDR Iterations'!H25 -> 0
A57: 2 | B57: ='ERDR Iterations'!B51 -> 0 | C57: ='ERDR Iterations'!C51 -> 0 | D57: ='ERDR Iterations'!D51 -> 0 | E57: ='ERDR Iterations'!E51 -> 0 | F57: ='ERDR Iterations'!F51 -> 0 | G57: ='ERDR Iterations'!G51 -> 0 | H57: ='ERDR Iterations'!H51 -> 1
A58: 3 | B58: ='ERDR Iterations'!B77 -> 1 | C58: ='ERDR Iterations'!C77 -> 0 | D58: ='ERDR Iterations'!D77 -> 0 | E58: ='ERDR Iterations'!E77 -> 0 | F58: ='ERDR Iterations'!F77 -> 1 | G58: ='ERDR Iterations'!G77 -> 0 | H58: ='ERDR Iterations'!H77 -> 0
A59: 4 | B59: ='ERDR Iterations'!B103 -> 0 | C59: ='ERDR Iterations'!C103 -> 1 | D59: ='ERDR Iterations'!D103 -> 0 | E59: ='ERDR Iterations'!E103 -> 0 | F59: ='ERDR Iterations'!F103 -> 0 | G59: ='ERDR Iterations'!G103 -> 0 | H59: ='ERDR Iterations'!H103 -> 0
A60: 5 | B60: ='ERDR Iterations'!B129 -> 0 | C60: ='ERDR Iterations'!C129 -> 0 | D60: ='ERDR Iterations'!D129 -> 0 | E60: ='ERDR Iterations'!E129 -> 0 | F60: ='ERDR Iterations'!F129 -> 0 | G60: ='ERDR Iterations'!G129 -> 1 | H60: ='ERDR Iterations'!H129 -> 0
A61: 6 | B61: ='ERDR Iterations'!B155 -> 0 | C61: ='ERDR Iterations'!C155 -> 0 | D61: ='ERDR Iterations'!D155 -> 0 | E61: ='ERDR Iterations'!E155 -> 0 | F61: ='ERDR Iterations'!F155 -> 0 | G61: ='ERDR Iterations'!G155 -> 0 | H61: ='ERDR Iterations'!H155 -> 0
A62: 7 | B62: ='ERDR Iterations'!B181 -> 0 | C62: ='ERDR Iterations'!C181 -> 0 | D62: ='ERDR Iterations'!D181 -> 0 | E62: ='ERDR Iterations'!E181 -> 0 | F62: ='ERDR Iterations'!F181 -> 0 | G62: ='ERDR Iterations'!G181 -> 0 | H62: ='ERDR Iterations'!H181 -> 0
A64: In F after iteration t (start = E₀)
A65: t | B65: S₁ | C65: S₂ | D65: S₃ | E65: S₄ | F65: S₅ | G65: S₆ | H65: S₇
A66: start | B66: 1 | C66: 1 | D66: 1 | E66: 1 | F66: 1 | G66: 1 | H66: 1
A67: 1 | B67: ='ERDR Iterations'!B26 -> 1 | C67: ='ERDR Iterations'!C26 -> 1 | D67: ='ERDR Iterations'!D26 -> 1 | E67: ='ERDR Iterations'!E26 -> 1 | F67: ='ERDR Iterations'!F26 -> 1 | G67: ='ERDR Iterations'!G26 -> 1 | H67: ='ERDR Iterations'!H26 -> 1
A68: 2 | B68: ='ERDR Iterations'!B52 -> 1 | C68: ='ERDR Iterations'!C52 -> 1 | D68: ='ERDR Iterations'!D52 -> 1 | E68: ='ERDR Iterations'!E52 -> 1 | F68: ='ERDR Iterations'!F52 -> 1 | G68: ='ERDR Iterations'!G52 -> 1 | H68: ='ERDR Iterations'!H52 -> 0
A69: 3 | B69: ='ERDR Iterations'!B78 -> 0 | C69: ='ERDR Iterations'!C78 -> 1 | D69: ='ERDR Iterations'!D78 -> 1 | E69: ='ERDR Iterations'!E78 -> 1 | F69: ='ERDR Iterations'!F78 -> 0 | G69: ='ERDR Iterations'!G78 -> 1 | H69: ='ERDR Iterations'!H78 -> 0
A70: 4 | B70: ='ERDR Iterations'!B104 -> 0 | C70: ='ERDR Iterations'!C104 -> 0 | D70: ='ERDR Iterations'!D104 -> 1 | E70: ='ERDR Iterations'!E104 -> 1 | F70: ='ERDR Iterations'!F104 -> 0 | G70: ='ERDR Iterations'!G104 -> 1 | H70: ='ERDR Iterations'!H104 -> 0
A71: 5 | B71: ='ERDR Iterations'!B130 -> 0 | C71: ='ERDR Iterations'!C130 -> 0 | D71: ='ERDR Iterations'!D130 -> 1 | E71: ='ERDR Iterations'!E130 -> 1 | F71: ='ERDR Iterations'!F130 -> 0 | G71: ='ERDR Iterations'!G130 -> 0 | H71: ='ERDR Iterations'!H130 -> 0
A72: 6 | B72: ='ERDR Iterations'!B156 -> 0 | C72: ='ERDR Iterations'!C156 -> 0 | D72: ='ERDR Iterations'!D156 -> 1 | E72: ='ERDR Iterations'!E156 -> 1 | F72: ='ERDR Iterations'!F156 -> 0 | G72: ='ERDR Iterations'!G156 -> 0 | H72: ='ERDR Iterations'!H156 -> 0
A73: 7 | B73: ='ERDR Iterations'!B182 -> 0 | C73: ='ERDR Iterations'!C182 -> 0 | D73: ='ERDR Iterations'!D182 -> 1 | E73: ='ERDR Iterations'!E182 -> 1 | F73: ='ERDR Iterations'!F182 -> 0 | G73: ='ERDR Iterations'!G182 -> 0 | H73: ='ERDR Iterations'!H182 -> 0
A75: g after iteration t (start = Step 1)
A76: t | B76: S₁ | C76: S₂ | D76: S₃ | E76: S₄ | F76: S₅ | G76: S₆ | H76: S₇
A77: start | B77: ='ERDR Characteristics'!$E$5 -> 3 | C77: ='ERDR Characteristics'!$E$6 -> 4 | D77: ='ERDR Characteristics'!$E$7 -> 3 | E77: ='ERDR Characteristics'!$E$8 -> 1 | F77: ='ERDR Characteristics'!$E$9 -> 3 | G77: ='ERDR Characteristics'!$E$10 -> 1 | H77: ='ERDR Characteristics'!$E$11 -> 2
A78: 1 | B78: ='ERDR Iterations'!B23 -> 2 | C78: ='ERDR Iterations'!C23 -> 3 | D78: ='ERDR Iterations'!D23 -> 3 | E78: ='ERDR Iterations'!E23 -> 1 | F78: ='ERDR Iterations'!F23 -> 2 | G78: ='ERDR Iterations'!G23 -> 1 | H78: ='ERDR Iterations'!H23 -> 2
A79: 2 | B79: ='ERDR Iterations'!B49 -> 2 | C79: ='ERDR Iterations'!C49 -> 3 | D79: ='ERDR Iterations'!D49 -> 2 | E79: ='ERDR Iterations'!E49 -> 1 | F79: ='ERDR Iterations'!F49 -> 2 | G79: ='ERDR Iterations'!G49 -> 1 | H79: ='ERDR Iterations'!H49 -> 1
A80: 3 | B80: ='ERDR Iterations'!B75 -> 1 | C80: ='ERDR Iterations'!C75 -> 2 | D80: ='ERDR Iterations'!D75 -> 2 | E80: ='ERDR Iterations'!E75 -> 1 | F80: ='ERDR Iterations'!F75 -> 1 | G80: ='ERDR Iterations'!G75 -> 1 | H80: ='ERDR Iterations'!H75 -> 1
A81: 4 | B81: ='ERDR Iterations'!B101 -> 1 | C81: ='ERDR Iterations'!C101 -> 2 | D81: ='ERDR Iterations'!D101 -> 2 | E81: ='ERDR Iterations'!E101 -> 1 | F81: ='ERDR Iterations'!F101 -> 1 | G81: ='ERDR Iterations'!G101 -> 1 | H81: ='ERDR Iterations'!H101 -> 1
A82: 5 | B82: ='ERDR Iterations'!B127 -> 1 | C82: ='ERDR Iterations'!C127 -> 2 | D82: ='ERDR Iterations'!D127 -> 2 | E82: ='ERDR Iterations'!E127 -> 1 | F82: ='ERDR Iterations'!F127 -> 1 | G82: ='ERDR Iterations'!G127 -> 1 | H82: ='ERDR Iterations'!H127 -> 1
A83: 6 | B83: ='ERDR Iterations'!B153 -> 1 | C83: ='ERDR Iterations'!C153 -> 2 | D83: ='ERDR Iterations'!D153 -> 2 | E83: ='ERDR Iterations'!E153 -> 1 | F83: ='ERDR Iterations'!F153 -> 1 | G83: ='ERDR Iterations'!G153 -> 1 | H83: ='ERDR Iterations'!H153 -> 1
A84: 7 | B84: ='ERDR Iterations'!B179 -> 1 | C84: ='ERDR Iterations'!C179 -> 2 | D84: ='ERDR Iterations'!D179 -> 2 | E84: ='ERDR Iterations'!E179 -> 1 | F84: ='ERDR Iterations'!F179 -> 1 | G84: ='ERDR Iterations'!G179 -> 1 | H84: ='ERDR Iterations'!H179 -> 1
A86: Per object
A87: Object | B87: S₁ | C87: S₂ | D87: S₃ | E87: S₄ | F87: S₅ | G87: S₆ | H87: S₇
A88: Processed (selected) in iteration | B88: =IFERROR(MATCH(1,B16:B22,0),"—") -> 1 | C88: =IFERROR(MATCH(1,C16:C22,0),"—") -> 4 | D88: =IFERROR(MATCH(1,D16:D22,0),"—") -> 2 | E88: =IFERROR(MATCH(1,E16:E22,0),"—") -> 6 | F88: =IFERROR(MATCH(1,F16:F22,0),"—") -> 3 | G88: =IFERROR(MATCH(1,G16:G22,0),"—") -> 5 | H88: =IFERROR(MATCH(1,H16:H22,0),"—") -> —
A89: Moved to D in iteration | B89: =IFERROR(MATCH(1,B56:B62,0),"—") -> 3 | C89: =IFERROR(MATCH(1,C56:C62,0),"—") -> 4 | D89: =IFERROR(MATCH(1,D56:D62,0),"—") -> — | E89: =IFERROR(MATCH(1,E56:E62,0),"—") -> — | F89: =IFERROR(MATCH(1,F56:F62,0),"—") -> 3 | G89: =IFERROR(MATCH(1,G56:G62,0),"—") -> 5 | H89: =IFERROR(MATCH(1,H56:H62,0),"—") -> 2
A90: Moved by | B90: =IF(B89="—","—",IF(SUM(B46:B52)=1,"Step 4","Step 5")) -> Step 5 | C90: =IF(C89="—","—",IF(SUM(C46:C52)=1,"Step 4","Step 5")) -> Step 4 | D90: =IF(D89="—","—",IF(SUM(D46:D52)=1,"Step 4","Step 5")) -> — | E90: =IF(E89="—","—",IF(SUM(E46:E52)=1,"Step 4","Step 5")) -> — | F90: =IF(F89="—","—",IF(SUM(F46:F52)=1,"Step 4","Step 5")) -> Step 5 | G90: =IF(G89="—","—",IF(SUM(G46:G52)=1,"Step 4","Step 5")) -> Step 4 | H90: =IF(H89="—","—",IF(SUM(H46:H52)=1,"Step 4","Step 5")) -> Step 5
A91: Counter decreases (Step 5) | B91: =SUM(B36:B42) -> 2 | C91: =SUM(C36:C42) -> 2 | D91: =SUM(D36:D42) -> 1 | E91: =SUM(E36:E42) -> 0 | F91: =SUM(F36:F42) -> 2 | G91: =SUM(G36:G42) -> 0 | H91: =SUM(H36:H42) -> 1
A92: Final sample | B92: =IF(B73=1,"F","D") -> D | C92: =IF(C73=1,"F","D") -> D | D92: =IF(D73=1,"F","D") -> F | E92: =IF(E73=1,"F","D") -> F | F92: =IF(F73=1,"F","D") -> D | G92: =IF(G73=1,"F","D") -> D | H92: =IF(H73=1,"F","D") -> D
A95: Sample sizes after each iteration (chart data)
A96: Iteration | B96: |F| (working set) | C96: |D| (training) | D96: Queue left
A97: 0 | B97: =SUM(B66:H66) -> 7 | C97: ='Parameters'!$B$5-B97 -> 0 | D97: ='Parameters'!$B$5 -> 7
A98: 1 | B98: =SUM(B67:H67) -> 7 | C98: ='Parameters'!$B$5-B98 -> 0 | D98: =H5 -> 6
A99: 2 | B99: =SUM(B68:H68) -> 6 | C99: ='Parameters'!$B$5-B99 -> 1 | D99: =H6 -> 4
A100: 3 | B100: =SUM(B69:H69) -> 4 | C100: ='Parameters'!$B$5-B100 -> 3 | D100: =H7 -> 3
A101: 4 | B101: =SUM(B70:H70) -> 3 | C101: ='Parameters'!$B$5-B101 -> 4 | D101: =H8 -> 2
A102: 5 | B102: =SUM(B71:H71) -> 2 | C102: ='Parameters'!$B$5-B102 -> 5 | D102: =H9 -> 1
A103: 6 | B103: =SUM(B72:H72) -> 2 | C103: ='Parameters'!$B$5-B103 -> 5 | D103: =H10 -> 0
A104: 7 | B104: =SUM(B73:H73) -> 2 | C104: ='Parameters'!$B$5-B104 -> 5 | D104: =H11 -> 0
A105: All cells are formulas on ERDR Iterations; “Counter decreases” counts how often Step 5 lowered g(Sⱼ) over the whole run (the state carried between iterations).

Sheet Case Checklist
A1: Case checklist · every case of the ERDR algorithm and where it occurs in this sample (live — recalculates for any selection or reading)
A3: Cases 1–4, 6–14 and 16 are the 14 branch cases; 5, 15 and 17 are the extra cases that need the seventh object (see Object Selection) | J3: Per-iteration flags (1 = happens in t)
A4: # | B4: Case | C4: Checked on | D4: Occurs | E4: First iteration | F4: Why it matters | G4: Kind | J4: Case \ t | K4: 1 | L4: 2 | M4: 3 | N4: 4 | O4: 5 | P4: 6 | Q4: 7
A5: 1 | B5: Both classes with at least 3 objects each — k_min = 3 is permitted (k_max = 2·min|Kᵢ| − 3 ≥ 3) | C5: Parameters | D5: =IF(AND('Parameters'!$B$6>=3,'Parameters'!$B$7>=3),1,0) -> 1 | E5: k rule | F5: The k rule; with fewer objects in a class no k is permitted | G5: branch | J5: 6 | K5: =IF('ERDR Iterations'!$K$9=0,0,IF(AND('ERDR Iterations'!$K$14=1,INDEX('ERDR Iterations'!$B$20:$H$20,'ERDR Iterations'!$K$9)=1),1,0)) -> 0 | L5: =IF('ERDR Iterations'!$K$35=0,0,IF(AND('ERDR Iterations'!$K$40=1,INDEX('ERDR Iterations'!$B$46:$H$46,'ERDR Iterations'!$K$35)=1),1,0)) -> 0 | M5: =IF('ERDR Iterations'!$K$61=0,0,IF(AND('ERDR Iterations'!$K$66=1,INDEX('ERDR Iterations'!$B$72:$H$72,'ERDR Iterations'!$K$61)=1),1,0)) -> 0 | N5: =IF('ERDR Iterations'!$K$87=0,0,IF(AND('ERDR Iterations'!$K$92=1,INDEX('ERDR Iterations'!$B$98:$H$98,'ERDR Iterations'!$K$87)=1),1,0)) -> 1 | O5: =IF('ERDR Iterations'!$K$113=0,0,IF(AND('ERDR Iterations'!$K$118=1,INDEX('ERDR Iterations'!$B$124:$H$124,'ERDR Iterations'!$K$113)=1),1,0)) -> 0 | P5: =IF('ERDR Iterations'!$K$139=0,0,IF(AND('ERDR Iterations'!$K$144=1,INDEX('ERDR Iterations'!$B$150:$H$150,'ERDR Iterations'!$K$139)=1),1,0)) -> 0 | Q5: =IF('ERDR Iterations'!$K$165=0,0,IF(AND('ERDR Iterations'!$K$170=1,INDEX('ERDR Iterations'!$B$176:$H$176,'ERDR Iterations'!$K$165)=1),1,0)) -> 0
A6: 2 | B6: An object with g = 1: no own-class object inside its enemy sphere (border object) | C6: ERDR Characteristics | D6: =IF(COUNTIF('ERDR Characteristics'!$E$5:$E$11,1)>0,1,0) -> 1 | E6: Step 1 | F6: Such an object can never be in another object’s L | G6: branch | J6: 7 | K6: =IF('ERDR Iterations'!$K$9=0,0,IF(AND('ERDR Iterations'!$K$14=1,INDEX('ERDR Iterations'!$B$20:$H$20,'ERDR Iterations'!$K$9)=0),1,0)) -> 0 | L6: =IF('ERDR Iterations'!$K$35=0,0,IF(AND('ERDR Iterations'!$K$40=1,INDEX('ERDR Iterations'!$B$46:$H$46,'ERDR Iterations'!$K$35)=0),1,0)) -> 0 | M6: =IF('ERDR Iterations'!$K$61=0,0,IF(AND('ERDR Iterations'!$K$66=1,INDEX('ERDR Iterations'!$B$72:$H$72,'ERDR Iterations'!$K$61)=0),1,0)) -> 0 | N6: =IF('ERDR Iterations'!$K$87=0,0,IF(AND('ERDR Iterations'!$K$92=1,INDEX('ERDR Iterations'!$B$98:$H$98,'ERDR Iterations'!$K$87)=0),1,0)) -> 0 | O6: =IF('ERDR Iterations'!$K$113=0,0,IF(AND('ERDR Iterations'!$K$118=1,INDEX('ERDR Iterations'!$B$124:$H$124,'ERDR Iterations'!$K$113)=0),1,0)) -> 1 | P6: =IF('ERDR Iterations'!$K$139=0,0,IF(AND('ERDR Iterations'!$K$144=1,INDEX('ERDR Iterations'!$B$150:$H$150,'ERDR Iterations'!$K$139)=0),1,0)) -> 0 | Q6: =IF('ERDR Iterations'!$K$165=0,0,IF(AND('ERDR Iterations'!$K$170=1,INDEX('ERDR Iterations'!$B$176:$H$176,'ERDR Iterations'!$K$165)=0),1,0)) -> 0
A7: 3 | B7: An object with g ≥ 2: own-class objects inside its enemy sphere (dense object) | C7: ERDR Characteristics | D7: =IF(COUNTIF('ERDR Characteristics'!$E$5:$E$11,">=2")>0,1,0) -> 1 | E7: Step 1 | F7: Only these objects can cover others in Step 4 | G7: branch | J7: 8 | K7: =IF('ERDR Iterations'!$K$9=0,0,IF('ERDR Iterations'!$K$14=0,1,0)) -> 0 | L7: =IF('ERDR Iterations'!$K$35=0,0,IF('ERDR Iterations'!$K$40=0,1,0)) -> 0 | M7: =IF('ERDR Iterations'!$K$61=0,0,IF('ERDR Iterations'!$K$66=0,1,0)) -> 0 | N7: =IF('ERDR Iterations'!$K$87=0,0,IF('ERDR Iterations'!$K$92=0,1,0)) -> 0 | O7: =IF('ERDR Iterations'!$K$113=0,0,IF('ERDR Iterations'!$K$118=0,1,0)) -> 0 | P7: =IF('ERDR Iterations'!$K$139=0,0,IF('ERDR Iterations'!$K$144=0,1,0)) -> 1 | Q7: =IF('ERDR Iterations'!$K$165=0,0,IF('ERDR Iterations'!$K$170=0,1,0)) -> 0
A8: 4 | B8: Two objects with equal d — Step 2 orders them by r | C8: Priority Queue | D8: =IF(COUNTIF('Priority Queue'!$G$5:$G$10,"r*")>0,1,0) -> 1 | E8: Step 2 | F8: Second criterion of Step 2 | G8: branch | J8: 9 | K8: =IF(AND('ERDR Iterations'!$K$14>1,SUM('ERDR Iterations'!$B$24:$H$24)>0),1,0) -> 0 | L8: =IF(AND('ERDR Iterations'!$K$40>1,SUM('ERDR Iterations'!$B$50:$H$50)>0),1,0) -> 1 | M8: =IF(AND('ERDR Iterations'!$K$66>1,SUM('ERDR Iterations'!$B$76:$H$76)>0),1,0) -> 1 | N8: =IF(AND('ERDR Iterations'!$K$92>1,SUM('ERDR Iterations'!$B$102:$H$102)>0),1,0) -> 0 | O8: =IF(AND('ERDR Iterations'!$K$118>1,SUM('ERDR Iterations'!$B$128:$H$128)>0),1,0) -> 0 | P8: =IF(AND('ERDR Iterations'!$K$144>1,SUM('ERDR Iterations'!$B$154:$H$154)>0),1,0) -> 0 | Q8: =IF(AND('ERDR Iterations'!$K$170>1,SUM('ERDR Iterations'!$B$180:$H$180)>0),1,0) -> 0
A9: 5 | B9: Two objects with equal d and equal r — Step 2 orders them by the index | C9: Priority Queue | D9: =IF(COUNTIF('Priority Queue'!$G$5:$G$10,"index*")>0,1,0) -> 1 | E9: Step 2 | F9: Third criterion of Step 2 (needs mutual nearest enemies with z = r) | G9: extra | J9: 10 | K9: =IF(AND('ERDR Iterations'!$K$14>1,SUMPRODUCT('ERDR Iterations'!$B$22:$H$22*('ERDR Iterations'!$B$23:$H$23>1))>0),1,0) -> 1 | L9: =IF(AND('ERDR Iterations'!$K$40>1,SUMPRODUCT('ERDR Iterations'!$B$48:$H$48*('ERDR Iterations'!$B$49:$H$49>1))>0),1,0) -> 1 | M9: =IF(AND('ERDR Iterations'!$K$66>1,SUMPRODUCT('ERDR Iterations'!$B$74:$H$74*('ERDR Iterations'!$B$75:$H$75>1))>0),1,0) -> 1 | N9: =IF(AND('ERDR Iterations'!$K$92>1,SUMPRODUCT('ERDR Iterations'!$B$100:$H$100*('ERDR Iterations'!$B$101:$H$101>1))>0),1,0) -> 0 | O9: =IF(AND('ERDR Iterations'!$K$118>1,SUMPRODUCT('ERDR Iterations'!$B$126:$H$126*('ERDR Iterations'!$B$127:$H$127>1))>0),1,0) -> 0 | P9: =IF(AND('ERDR Iterations'!$K$144>1,SUMPRODUCT('ERDR Iterations'!$B$152:$H$152*('ERDR Iterations'!$B$153:$H$153>1))>0),1,0) -> 0 | Q9: =IF(AND('ERDR Iterations'!$K$170>1,SUMPRODUCT('ERDR Iterations'!$B$178:$H$178*('ERDR Iterations'!$B$179:$H$179>1))>0),1,0) -> 0
A10: 6 | B10: |L| = 1 with L = {Sᵢ}: no other object covers Sᵢ → Sᵢ moves to D | C10: ERDR Iterations | D10: =IF(SUM(K5:Q5)>0,1,0) -> 1 | E10: =IFERROR(MATCH(1,K5:Q5,0),"—") -> 4 | F10: Step 4, first form | G10: branch | J10: 11 | K10: =IF(SUMPRODUCT('ERDR Iterations'!$B$24:$H$24*(1-'ERDR Iterations'!$B$9:$H$9)*(1-'ERDR Iterations'!$B$13:$H$13))>0,1,0) -> 0 | L10: =IF(SUMPRODUCT('ERDR Iterations'!$B$50:$H$50*(1-'ERDR Iterations'!$B$35:$H$35)*(1-'ERDR Iterations'!$B$39:$H$39))>0,1,0) -> 1 | M10: =IF(SUMPRODUCT('ERDR Iterations'!$B$76:$H$76*(1-'ERDR Iterations'!$B$61:$H$61)*(1-'ERDR Iterations'!$B$65:$H$65))>0,1,0) -> 0 | N10: =IF(SUMPRODUCT('ERDR Iterations'!$B$102:$H$102*(1-'ERDR Iterations'!$B$87:$H$87)*(1-'ERDR Iterations'!$B$91:$H$91))>0,1,0) -> 0 | O10: =IF(SUMPRODUCT('ERDR Iterations'!$B$128:$H$128*(1-'ERDR Iterations'!$B$113:$H$113)*(1-'ERDR Iterations'!$B$117:$H$117))>0,1,0) -> 0 | P10: =IF(SUMPRODUCT('ERDR Iterations'!$B$154:$H$154*(1-'ERDR Iterations'!$B$139:$H$139)*(1-'ERDR Iterations'!$B$143:$H$143))>0,1,0) -> 0 | Q10: =IF(SUMPRODUCT('ERDR Iterations'!$B$180:$H$180*(1-'ERDR Iterations'!$B$165:$H$165)*(1-'ERDR Iterations'!$B$169:$H$169))>0,1,0) -> 0
A11: 7 | B11: |L| = 1 with L = {Sⱼ}, j ≠ i: exactly one other object covers Sᵢ → Sᵢ moves to D | C11: ERDR Iterations | D11: =IF(SUM(K6:Q6)>0,1,0) -> 1 | E11: =IFERROR(MATCH(1,K6:Q6,0),"—") -> 5 | F11: Step 4, second form (here g(Sᵢ) = 1) | G11: branch | J11: 12 | K11: =IF(SUMPRODUCT('ERDR Iterations'!$B$24:$H$24*'ERDR Iterations'!$B$9:$H$9)>0,1,0) -> 0 | L11: =IF(SUMPRODUCT('ERDR Iterations'!$B$50:$H$50*'ERDR Iterations'!$B$35:$H$35)>0,1,0) -> 0 | M11: =IF(SUMPRODUCT('ERDR Iterations'!$B$76:$H$76*'ERDR Iterations'!$B$61:$H$61)>0,1,0) -> 1 | N11: =IF(SUMPRODUCT('ERDR Iterations'!$B$102:$H$102*'ERDR Iterations'!$B$87:$H$87)>0,1,0) -> 0 | O11: =IF(SUMPRODUCT('ERDR Iterations'!$B$128:$H$128*'ERDR Iterations'!$B$113:$H$113)>0,1,0) -> 0 | P11: =IF(SUMPRODUCT('ERDR Iterations'!$B$154:$H$154*'ERDR Iterations'!$B$139:$H$139)>0,1,0) -> 0 | Q11: =IF(SUMPRODUCT('ERDR Iterations'!$B$180:$H$180*'ERDR Iterations'!$B$165:$H$165)>0,1,0) -> 0
A12: 8 | B12: |L| = 0: Sᵢ is only blocked and stays in F | C12: ERDR Iterations | D12: =IF(SUM(K7:Q7)>0,1,0) -> 1 | E12: =IFERROR(MATCH(1,K7:Q7,0),"—") -> 6 | F12: Not stated in the article; the literal text leaves Sᵢ in F (validation) | G12: branch | J12: 13 | K12: =IF('ERDR Iterations'!$K$9=0,0,IF(AND('ERDR Iterations'!$K$14>1,INDEX('ERDR Iterations'!$B$20:$H$20,'ERDR Iterations'!$K$9)=1),1,0)) -> 1 | L12: =IF('ERDR Iterations'!$K$35=0,0,IF(AND('ERDR Iterations'!$K$40>1,INDEX('ERDR Iterations'!$B$46:$H$46,'ERDR Iterations'!$K$35)=1),1,0)) -> 1 | M12: =IF('ERDR Iterations'!$K$61=0,0,IF(AND('ERDR Iterations'!$K$66>1,INDEX('ERDR Iterations'!$B$72:$H$72,'ERDR Iterations'!$K$61)=1),1,0)) -> 1 | N12: =IF('ERDR Iterations'!$K$87=0,0,IF(AND('ERDR Iterations'!$K$92>1,INDEX('ERDR Iterations'!$B$98:$H$98,'ERDR Iterations'!$K$87)=1),1,0)) -> 0 | O12: =IF('ERDR Iterations'!$K$113=0,0,IF(AND('ERDR Iterations'!$K$118>1,INDEX('ERDR Iterations'!$B$124:$H$124,'ERDR Iterations'!$K$113)=1),1,0)) -> 0 | P12: =IF('ERDR Iterations'!$K$139=0,0,IF(AND('ERDR Iterations'!$K$144>1,INDEX('ERDR Iterations'!$B$150:$H$150,'ERDR Iterations'!$K$139)=1),1,0)) -> 0 | Q12: =IF('ERDR Iterations'!$K$165=0,0,IF(AND('ERDR Iterations'!$K$170>1,INDEX('ERDR Iterations'!$B$176:$H$176,'ERDR Iterations'!$K$165)=1),1,0)) -> 0
A13: 9 | B13: |L| > 1 and some g(Sⱼ) falls to 1 → Sⱼ moves to D | C13: ERDR Iterations | D13: =IF(SUM(K8:Q8)>0,1,0) -> 1 | E13: =IFERROR(MATCH(1,K8:Q8,0),"—") -> 2 | F13: Step 5 move | G13: branch | J13: 15 | K13: =IF(SUM('ERDR Iterations'!$B$24:$H$24)>=2,1,0) -> 0 | L13: =IF(SUM('ERDR Iterations'!$B$50:$H$50)>=2,1,0) -> 0 | M13: =IF(SUM('ERDR Iterations'!$B$76:$H$76)>=2,1,0) -> 1 | N13: =IF(SUM('ERDR Iterations'!$B$102:$H$102)>=2,1,0) -> 0 | O13: =IF(SUM('ERDR Iterations'!$B$128:$H$128)>=2,1,0) -> 0 | P13: =IF(SUM('ERDR Iterations'!$B$154:$H$154)>=2,1,0) -> 0 | Q13: =IF(SUM('ERDR Iterations'!$B$180:$H$180)>=2,1,0) -> 0
A14: 10 | B14: |L| > 1 and some g(Sⱼ) stays above 1 after the decrease | C14: ERDR Iterations | D14: =IF(SUM(K9:Q9)>0,1,0) -> 1 | E14: =IFERROR(MATCH(1,K9:Q9,0),"—") -> 1 | F14: Step 5 correction without a move | G14: branch
A15: 11 | B15: Step 5 moves an object that has not been processed yet (it leaves the queue early) | C15: ERDR Iterations | D15: =IF(SUM(K10:Q10)>0,1,0) -> 1 | E15: =IFERROR(MATCH(1,K10:Q10,0),"—") -> 2 | F15: Step 5 changes the queue of later iterations | G15: branch
A16: 12 | B16: Step 5 moves an object that was processed earlier and stayed in F | C16: ERDR Iterations | D16: =IF(SUM(K11:Q11)>0,1,0) -> 1 | E16: =IFERROR(MATCH(1,K11:Q11,0),"—") -> 3 | F16: Possible only because processed objects stay in F (reading B) | G16: branch
A17: 13 | B17: Sᵢ belongs to its own L and its own counter is decreased | C17: ERDR Iterations | D17: =IF(SUM(K12:Q12)>0,1,0) -> 1 | E17: =IFERROR(MATCH(1,K12:Q12,0),"—") -> 1 | F17: Literal reading A: Sᵢ lies inside its own sphere | G17: branch
A18: 14 | B18: One counter g(Sⱼ) is decreased in two different iterations | C18: ERDR Trace | D18: =IF(COUNTIF('ERDR Trace'!$B$91:$H$91,">=2")>0,1,0) -> 1 | E18: Step 5 (run) | F18: State carried from one iteration to the next | G18: branch
A19: 15 | B19: Two objects move to D in the same Step 5 | C19: ERDR Iterations | D19: =IF(SUM(K13:Q13)>0,1,0) -> 1 | E19: =IFERROR(MATCH(1,K13:Q13,0),"—") -> 3 | F19: Where “Перейти к шагу 2” stands matters (reading C) | G19: extra
A20: 16 | B20: Result: D contains both classes and the validation set F is not empty | C20: Training & Validation | D20: =IF(AND('Training & Validation'!$B$15>0,'Training & Validation'!$C$15>0,'Training & Validation'!$D$16>0),1,0) -> 1 | E20: Step 6 | F20: A usable training sample | G20: branch
A21: 17 | B21: Result: the validation set F contains both classes | C21: Training & Validation | D21: =IF(AND('Training & Validation'!$B$16>0,'Training & Validation'!$C$16>0),1,0) -> 1 | E21: Step 6 | F21: A usable validation sample | G21: extra
A22: Σ | B22: =SUM(D5:D21)&" of 17 cases occur"&IF(SUM(D5:D21)=17," ✓ every case of the algorithm is shown"," ⚠ some cases are missing for this selection / reading") -> 17 of 17 cases occur ✓ every case of the algorithm is shown
A24: A case that cannot happen is not listed: “an object covers Sᵢ but is left out of L because g(Sⱼ) = 1”. If Sⱼ ≠ Sᵢ covers Sᵢ, Sᵢ is inside the sphere of Sⱼ, so g(Sⱼ) ≥ 2 at the start;
A25: g only decreases in Step 5, and an object whose g falls to 1 leaves F at once. Hence for Sⱼ ≠ Sᵢ the condition g(Sⱼ) > 1 in L always holds — it only decides whether Sᵢ itself is in L.
A26: Iteration cases are detected from the ERDR Iterations rows (|L|, membership of Sᵢ, Step 5 moves, processed flags); the others from Step 1, Step 2 and the Step 6 result.

Sheet Training & Validation
A1: ERDR Step 6 · Training sample D and validation sample F = E₀ \ D
A3: Every object, its sample and how it got there (live)
A4: № | B4: Source row | C4: Class | D4: Sample | E4: Processed in iteration | F4: Entered D in iteration | G4: Entered D by | H4: Counter decreases
A5: S₁ | B5: ='Dataset'!B5 -> 1 | C5: ='Dataset'!P5 -> 2 | D5: =IF('ERDR Trace'!B$92="F","F · validation","D · training") -> D · training | E5: ='ERDR Trace'!B$88 -> 1 | F5: ='ERDR Trace'!B$89 -> 3 | G5: =IF('ERDR Trace'!B$90="Step 4","Step 4 · |L| = 1",IF('ERDR Trace'!B$90="Step 5","Step 5 · g fell to 1","— (stays in F)")) -> Step 5 · g fell to 1 | H5: ='ERDR Trace'!B$91 -> 2
A6: S₂ | B6: ='Dataset'!B6 -> 10 | C6: ='Dataset'!P6 -> 2 | D6: =IF('ERDR Trace'!C$92="F","F · validation","D · training") -> D · training | E6: ='ERDR Trace'!C$88 -> 4 | F6: ='ERDR Trace'!C$89 -> 4 | G6: =IF('ERDR Trace'!C$90="Step 4","Step 4 · |L| = 1",IF('ERDR Trace'!C$90="Step 5","Step 5 · g fell to 1","— (stays in F)")) -> Step 4 · |L| = 1 | H6: ='ERDR Trace'!C$91 -> 2
A7: S₃ | B7: ='Dataset'!B7 -> 73 | C7: ='Dataset'!P7 -> 1 | D7: =IF('ERDR Trace'!D$92="F","F · validation","D · training") -> F · validation | E7: ='ERDR Trace'!D$88 -> 2 | F7: ='ERDR Trace'!D$89 -> — | G7: =IF('ERDR Trace'!D$90="Step 4","Step 4 · |L| = 1",IF('ERDR Trace'!D$90="Step 5","Step 5 · g fell to 1","— (stays in F)")) -> — (stays in F) | H7: ='ERDR Trace'!D$91 -> 1
A8: S₄ | B8: ='Dataset'!B8 -> 143 | C8: ='Dataset'!P8 -> 2 | D8: =IF('ERDR Trace'!E$92="F","F · validation","D · training") -> F · validation | E8: ='ERDR Trace'!E$88 -> 6 | F8: ='ERDR Trace'!E$89 -> — | G8: =IF('ERDR Trace'!E$90="Step 4","Step 4 · |L| = 1",IF('ERDR Trace'!E$90="Step 5","Step 5 · g fell to 1","— (stays in F)")) -> — (stays in F) | H8: ='ERDR Trace'!E$91 -> 0
A9: S₅ | B9: ='Dataset'!B9 -> 224 | C9: ='Dataset'!P9 -> 2 | D9: =IF('ERDR Trace'!F$92="F","F · validation","D · training") -> D · training | E9: ='ERDR Trace'!F$88 -> 3 | F9: ='ERDR Trace'!F$89 -> 3 | G9: =IF('ERDR Trace'!F$90="Step 4","Step 4 · |L| = 1",IF('ERDR Trace'!F$90="Step 5","Step 5 · g fell to 1","— (stays in F)")) -> Step 5 · g fell to 1 | H9: ='ERDR Trace'!F$91 -> 2
A10: S₆ | B10: ='Dataset'!B10 -> 226 | C10: ='Dataset'!P10 -> 1 | D10: =IF('ERDR Trace'!G$92="F","F · validation","D · training") -> D · training | E10: ='ERDR Trace'!G$88 -> 5 | F10: ='ERDR Trace'!G$89 -> 5 | G10: =IF('ERDR Trace'!G$90="Step 4","Step 4 · |L| = 1",IF('ERDR Trace'!G$90="Step 5","Step 5 · g fell to 1","— (stays in F)")) -> Step 4 · |L| = 1 | H10: ='ERDR Trace'!G$91 -> 0
A11: S₇ | B11: ='Dataset'!B11 -> 239 | C11: ='Dataset'!P11 -> 1 | D11: =IF('ERDR Trace'!H$92="F","F · validation","D · training") -> D · training | E11: ='ERDR Trace'!H$88 -> — | F11: ='ERDR Trace'!H$89 -> 2 | G11: =IF('ERDR Trace'!H$90="Step 4","Step 4 · |L| = 1",IF('ERDR Trace'!H$90="Step 5","Step 5 · g fell to 1","— (stays in F)")) -> Step 5 · g fell to 1 | H11: ='ERDR Trace'!H$91 -> 1
A13: Class composition
A14: Sample | B14: K1 (class 1) | C14: K2 (class 2) | D14: Total | E14: Share of N
A15: D · training | B15: =SUMPRODUCT(($C$5:$C$11=1)*(LEFT($D$5:$D$11,1)="D")) -> 2 | C15: =SUMPRODUCT(($C$5:$C$11=2)*(LEFT($D$5:$D$11,1)="D")) -> 3 | D15: =B15+C15 -> 5 | E15: =D15/'Parameters'!$B$5 -> 0.71428571
A16: F · validation | B16: =SUMPRODUCT(($C$5:$C$11=1)*(LEFT($D$5:$D$11,1)="F")) -> 1 | C16: =SUMPRODUCT(($C$5:$C$11=2)*(LEFT($D$5:$D$11,1)="F")) -> 1 | D16: =B16+C16 -> 2 | E16: =D16/'Parameters'!$B$5 -> 0.28571429
A17: Total | B17: =B15+B16 -> 3 | C17: =C15+C16 -> 4 | D17: =D15+D16 -> 7 | E17: =D17/'Parameters'!$B$5 -> 1
A19: D (training sample) | B19: =IF(D15=0,"∅","{"&MID(IF(LEFT($D$5,1)="D",", "&$A$5,"")&IF(LEFT($D$6,1)="D",", "&$A$6,"")&IF(LEFT($D$7,1)="D",", "&$A$7,"")&IF(LEFT($D$8,1)="D",", "&$A$8,"")&IF(LEFT($D$9,1)="D",", "&$A$9,"")&IF(LEFT($D$10,1)="D",", "&$A$10,"")&IF(LEFT($D$11,1)="D",", "&$A$11,""),3,200)&"}") -> {S₁, S₂, S₅, S₆, S₇}
A20: F (validation sample) | B20: =IF(D16=0,"∅","{"&MID(IF(LEFT($D$5,1)="F",", "&$A$5,"")&IF(LEFT($D$6,1)="F",", "&$A$6,"")&IF(LEFT($D$7,1)="F",", "&$A$7,"")&IF(LEFT($D$8,1)="F",", "&$A$8,"")&IF(LEFT($D$9,1)="F",", "&$A$9,"")&IF(LEFT($D$10,1)="F",", "&$A$10,"")&IF(LEFT($D$11,1)="F",", "&$A$11,""),3,200)&"}") -> {S₃, S₄}
A22: The article: «Выход: множество объектов обучающей выборки D и множество объектов валидационной выборки F = E₀ \ D».
A23: With the literal reading most objects end in D: every Step 5 that lowers the counter of Sᵢ itself (reading A) can move Sᵢ to D. Readings A = 2 or B = 2 give smaller training samples (Readings (Switches)).

Sheet Charts
A1: Charts · the 7 objects on a 2-D map, r and z per object, the Step 2 order, and the sample sizes through the iterations
A3: Chart data — live formulas, except the 2-D map coordinates (Python engine)
A4: № | B4: x (2-D map) | C4: y (2-D map) | D4: Class | E4: Sample (live) | F4: r(Sᵢ) | G4: z(Sᵢ, k) | H4: d(Sᵢ) | I4: Priority position | J4: Marker on the map
A5: S₁ | B5: 2.31016 | C5: -0.479167 | D5: ='Dataset'!P5 -> 2 | E5: ='Training & Validation'!D5 -> D · training | F5: ='ERDR Characteristics'!D5 -> 5.6070806 | G5: ='ERDR Characteristics'!H5 -> 5.6070806 | H5: ='ERDR Characteristics'!J5 -> 0 | I5: ='ERDR Characteristics'!K5 -> 1 | J5: ▲ triangle, dark (training D)
A6: S₂ | B6: 3.761907 | C6: 2.727525 | D6: ='Dataset'!P6 -> 2 | E6: ='Training & Validation'!D6 -> D · training | F6: ='ERDR Characteristics'!D6 -> 7.4699699 | G6: ='ERDR Characteristics'!H6 -> 6.3691658 | H6: ='ERDR Characteristics'!J6 -> 0.079542839 | I6: ='ERDR Characteristics'!K6 -> 4 | J6: ▲ triangle, dark (training D)
A7: S₃ | B7: -1.711201 | C7: -2.511892 | D7: ='Dataset'!P7 -> 1 | E7: ='Training & Validation'!D7 -> F · validation | F7: ='ERDR Characteristics'!D7 -> 5.6070806 | G7: ='ERDR Characteristics'!H7 -> 5.6070806 | H7: ='ERDR Characteristics'!J7 -> 0 | I7: ='ERDR Characteristics'!K7 -> 2 | J7: ● circle, light (validation F)
A8: S₄ | B8: -2.166181 | C8: 2.690197 | D8: ='Dataset'!P8 -> 2 | E8: ='Training & Validation'!D8 -> F · validation | F8: ='ERDR Characteristics'!D8 -> 3.7071188 | G8: ='ERDR Characteristics'!H8 -> 6.217567 | H8: ='ERDR Characteristics'!J8 -> 0.2529499 | I8: ='ERDR Characteristics'!K8 -> 7 | J8: ▲ triangle, light (validation F)
A9: S₅ | B9: 4.126983 | C9: -1.813838 | D9: ='Dataset'!P9 -> 2 | E9: ='Training & Validation'!D9 -> D · training | F9: ='ERDR Characteristics'!D9 -> 7.111704 | G9: ='ERDR Characteristics'!H9 -> 7.111704 | H9: ='ERDR Characteristics'!J9 -> 0 | I9: ='ERDR Characteristics'!K9 -> 3 | J9: ▲ triangle, dark (training D)
